-- phpMyAdmin SQL Dump
-- version 4.7.0
-- https://www.phpmyadmin.net/
--
-- Host: 127.0.0.1
-- Generation Time: Jul 08, 2017 at 08:34 AM
-- Server version: 10.1.22-MariaDB
-- PHP Version: 7.1.4

SET SQL_MODE = "NO_AUTO_VALUE_ON_ZERO";
SET AUTOCOMMIT = 0;
START TRANSACTION;
SET time_zone = "+00:00";


/*!40101 SET @OLD_CHARACTER_SET_CLIENT=@@CHARACTER_SET_CLIENT */;
/*!40101 SET @OLD_CHARACTER_SET_RESULTS=@@CHARACTER_SET_RESULTS */;
/*!40101 SET @OLD_COLLATION_CONNECTION=@@COLLATION_CONNECTION */;
/*!40101 SET NAMES utf8mb4 */;

--
-- Database: `cosociety`
--

-- --------------------------------------------------------

--
-- Table structure for table `accountopens`
--

CREATE TABLE `accountopens` (
  `id` int(11) NOT NULL,
  `MemberId` varchar(500) NOT NULL,
  `MemberName` varchar(500) NOT NULL,
  `DomainName` varchar(500) DEFAULT NULL,
  `DivisionName` varchar(500) NOT NULL,
  `ZoneId` varchar(500) DEFAULT NULL,
  `AreaId` varchar(500) DEFAULT NULL,
  `BranchId` varchar(500) DEFAULT NULL,
  `AccountType` varchar(500) NOT NULL,
  `AccountNo` varchar(500) DEFAULT NULL,
  `Duration` varchar(500) DEFAULT NULL,
  `MonthlyInstallment` varchar(500) DEFAULT NULL,
  `GSaving` varchar(500) DEFAULT NULL,
  `Dps` varchar(500) NOT NULL,
  `posted_by` varchar(500) NOT NULL,
  `Date` date DEFAULT NULL,
  `created_at` datetime DEFAULT NULL,
  `updated_at` datetime DEFAULT NULL
) ENGINE=InnoDB DEFAULT CHARSET=utf8;

--
-- Dumping data for table `accountopens`
--

INSERT INTO `accountopens` (`id`, `MemberId`, `MemberName`, `DomainName`, `DivisionName`, `ZoneId`, `AreaId`, `BranchId`, `AccountType`, `AccountNo`, `Duration`, `MonthlyInstallment`, `GSaving`, `Dps`, `posted_by`, `Date`, `created_at`, `updated_at`) VALUES
(7, '1', 'shishir', '1', '1', '1', '1', '1', '1', '111', NULL, '300', NULL, '', '1002', NULL, '2017-07-05 03:42:11', '2017-07-05 03:42:11'),
(8, '2', 'zia', '1', '1', '1', '1', '1', '1', '211', NULL, '200', NULL, '', '1002', NULL, '2017-07-05 03:57:17', '2017-07-05 03:57:17');

-- --------------------------------------------------------

--
-- Table structure for table `account_status`
--

CREATE TABLE `account_status` (
  `id` int(11) UNSIGNED NOT NULL,
  `description` varchar(200) NOT NULL
) ENGINE=InnoDB DEFAULT CHARSET=utf8;

--
-- Dumping data for table `account_status`
--

INSERT INTO `account_status` (`id`, `description`) VALUES
(1, 'Active'),
(2, 'Inactive'),
(3, 'Suspended'),
(4, 'Deactivated'),
(5, 'Blocked');

-- --------------------------------------------------------

--
-- Table structure for table `addshares`
--

CREATE TABLE `addshares` (
  `id` int(11) NOT NULL,
  `serial_no` int(11) DEFAULT NULL,
  `member_id` varchar(500) DEFAULT NULL,
  `date` timestamp NULL DEFAULT CURRENT_TIMESTAMP,
  `share_number` int(22) DEFAULT NULL,
  `share_amount` double DEFAULT NULL,
  `created_at` timestamp NULL DEFAULT CURRENT_TIMESTAMP ON UPDATE CURRENT_TIMESTAMP,
  `updated_at` timestamp NULL DEFAULT CURRENT_TIMESTAMP
) ENGINE=InnoDB DEFAULT CHARSET=latin1;

--
-- Dumping data for table `addshares`
--

INSERT INTO `addshares` (`id`, `serial_no`, `member_id`, `date`, `share_number`, `share_amount`, `created_at`, `updated_at`) VALUES
(118, 1, '1', '2017-07-02 18:00:00', 1, 100, '2017-07-03 01:02:35', '2017-07-03 01:02:35'),
(119, 2, '2', '2017-07-03 18:00:00', 2, 200, '2017-07-04 02:31:31', '2017-07-04 02:31:31'),
(120, 3, '3', '2017-07-03 18:00:00', 3, 300, '2017-07-04 07:56:49', '2017-07-04 07:56:49');

-- --------------------------------------------------------

--
-- Table structure for table `appformandpassbooks`
--

CREATE TABLE `appformandpassbooks` (
  `id` int(11) NOT NULL,
  `serial_no` int(11) DEFAULT NULL,
  `member_name` varchar(500) DEFAULT NULL,
  `member_id` varchar(500) DEFAULT NULL,
  `mobile_no` varchar(500) DEFAULT NULL,
  `date` varchar(500) DEFAULT NULL,
  `app_form` varchar(500) DEFAULT NULL,
  `passbook` int(11) DEFAULT NULL,
  `share_number` int(11) DEFAULT NULL,
  `share_amount` int(11) DEFAULT NULL,
  `saving_amount` int(11) DEFAULT NULL,
  `name` varchar(500) DEFAULT NULL,
  `unitprice` decimal(10,2) DEFAULT '0.00',
  `created_by` varchar(500) DEFAULT NULL,
  `created_at` datetime DEFAULT NULL,
  `updated_at` datetime DEFAULT NULL
) ENGINE=InnoDB DEFAULT CHARSET=utf8;

--
-- Dumping data for table `appformandpassbooks`
--

INSERT INTO `appformandpassbooks` (`id`, `serial_no`, `member_name`, `member_id`, `mobile_no`, `date`, `app_form`, `passbook`, `share_number`, `share_amount`, `saving_amount`, `name`, `unitprice`, `created_by`, `created_at`, `updated_at`) VALUES
(8, 1, 'shishir', '1', '1', '2017-07-03', '50', 20, 1, 100, 100, '10', '100.00', '1002', '2017-07-03 07:02:34', '2017-07-03 07:03:52'),
(9, 2, 'zia', '2', '2', '2017-07-04', '50', 20, 2, 200, 100, '5', '200.00', '1002', '2017-07-04 08:31:30', '2017-07-04 08:31:30'),
(10, 3, 'shohan', '3', '3', '2017-07-04', '50', 20, 3, 300, 100, '5', '300.00', '1002', '2017-07-04 13:56:48', '2017-07-04 13:56:48');

-- --------------------------------------------------------

--
-- Table structure for table `areas`
--

CREATE TABLE `areas` (
  `id` int(11) NOT NULL,
  `DomainName` varchar(500) DEFAULT NULL,
  `AreaDivisionOfficeId` int(11) DEFAULT NULL,
  `ZoneId` int(11) DEFAULT NULL,
  `AreaName` varchar(500) DEFAULT NULL,
  `AreaCode` varchar(500) DEFAULT NULL,
  `AreaAddress` varchar(500) DEFAULT NULL,
  `AreaMobileNo` varchar(500) DEFAULT NULL,
  `AreaEmail` varchar(500) DEFAULT NULL,
  `AreaDivisionId` int(11) DEFAULT NULL,
  `AreaDistrictId` int(11) DEFAULT NULL,
  `AreaThanaId` int(11) DEFAULT NULL,
  `AreaUnionId` int(11) DEFAULT NULL,
  `AreaPostOfficeId` int(11) DEFAULT NULL,
  `AreaWardId` int(11) DEFAULT NULL,
  `created_at` datetime DEFAULT NULL,
  `updated_at` datetime DEFAULT NULL
) ENGINE=InnoDB DEFAULT CHARSET=utf8;

--
-- Dumping data for table `areas`
--

INSERT INTO `areas` (`id`, `DomainName`, `AreaDivisionOfficeId`, `ZoneId`, `AreaName`, `AreaCode`, `AreaAddress`, `AreaMobileNo`, `AreaEmail`, `AreaDivisionId`, `AreaDistrictId`, `AreaThanaId`, `AreaUnionId`, `AreaPostOfficeId`, `AreaWardId`, `created_at`, `updated_at`) VALUES
(1, '1', 1, 1, '1', '1', '1', '1', '1@gmail.com', 3, 1, NULL, 1, 1, 1, '2017-06-20 09:26:35', '2017-06-20 09:26:35'),
(2, '1', 1, 1, '1', '1', '1', '1', '1@gmail.com', 3, 1, NULL, 1, 1, 1, '2017-06-20 09:26:35', '2017-06-20 09:26:35');

-- --------------------------------------------------------

--
-- Table structure for table `assets_debt_info`
--

CREATE TABLE `assets_debt_info` (
  `id` int(11) NOT NULL,
  `member_id` int(11) UNSIGNED DEFAULT NULL,
  `loan_id` int(11) UNSIGNED DEFAULT NULL,
  `type_id` int(11) UNSIGNED DEFAULT NULL,
  `description` varchar(100) DEFAULT NULL,
  `amount` varchar(100) DEFAULT NULL
) ENGINE=InnoDB DEFAULT CHARSET=utf8;

-- --------------------------------------------------------

--
-- Table structure for table `blog_post`
--

CREATE TABLE `blog_post` (
  `id` int(10) UNSIGNED NOT NULL,
  `title` varchar(255) COLLATE utf8_unicode_ci NOT NULL,
  `description` varchar(255) COLLATE utf8_unicode_ci NOT NULL,
  `created_at` timestamp NULL DEFAULT NULL,
  `updated_at` timestamp NULL DEFAULT NULL
) ENGINE=InnoDB DEFAULT CHARSET=utf8 COLLATE=utf8_unicode_ci;

--
-- Dumping data for table `blog_post`
--

INSERT INTO `blog_post` (`id`, `title`, `description`, `created_at`, `updated_at`) VALUES
(1, '1', '2', NULL, NULL);

-- --------------------------------------------------------

--
-- Table structure for table `brns`
--

CREATE TABLE `brns` (
  `id` int(11) NOT NULL,
  `DomainName` varchar(500) DEFAULT NULL,
  `ZoneId` int(11) DEFAULT NULL,
  `DivisionOfficeId` int(11) DEFAULT NULL,
  `AreaId` int(11) DEFAULT NULL,
  `BranchName` varchar(500) DEFAULT NULL,
  `BranchCode` varchar(500) DEFAULT NULL,
  `OpeningDate` date NOT NULL,
  `BranchMobileNo` varchar(500) DEFAULT NULL,
  `BranchEmail` varchar(500) DEFAULT NULL,
  `BranchAddress` varchar(500) DEFAULT NULL,
  `BranchDivisionId` int(11) DEFAULT NULL,
  `BranchDistrictId` int(11) DEFAULT NULL,
  `BranchThanaId` int(11) DEFAULT NULL,
  `BranchUnionId` int(11) DEFAULT NULL,
  `BranchPostOfficeId` int(11) DEFAULT NULL,
  `BranchWardId` int(11) DEFAULT NULL,
  `created_at` datetime DEFAULT NULL,
  `updated_at` datetime DEFAULT NULL
) ENGINE=InnoDB DEFAULT CHARSET=utf8;

--
-- Dumping data for table `brns`
--

INSERT INTO `brns` (`id`, `DomainName`, `ZoneId`, `DivisionOfficeId`, `AreaId`, `BranchName`, `BranchCode`, `OpeningDate`, `BranchMobileNo`, `BranchEmail`, `BranchAddress`, `BranchDivisionId`, `BranchDistrictId`, `BranchThanaId`, `BranchUnionId`, `BranchPostOfficeId`, `BranchWardId`, `created_at`, `updated_at`) VALUES
(1, '1', 1, 1, 1, '1', '1', '2017-06-07', '1', '1@gmail.com', '1', 3, 1, 0, 0, 1, 1, '2017-06-20 09:39:30', '2017-06-20 09:39:30');

-- --------------------------------------------------------

--
-- Table structure for table `business_types`
--

CREATE TABLE `business_types` (
  `id` int(11) UNSIGNED NOT NULL,
  `name` varchar(200) NOT NULL
) ENGINE=InnoDB DEFAULT CHARSET=utf8;

--
-- Dumping data for table `business_types`
--

INSERT INTO `business_types` (`id`, `name`) VALUES
(1, 'OwnerShip'),
(2, 'PartnerShip');

-- --------------------------------------------------------

--
-- Table structure for table `cashinflows`
--

CREATE TABLE `cashinflows` (
  `id` int(11) NOT NULL,
  `name` varchar(500) DEFAULT NULL,
  `CashinflowCode` varchar(500) DEFAULT NULL,
  `testfield` varchar(500) DEFAULT NULL,
  `unitprice` decimal(10,2) DEFAULT '0.00',
  `created_at` datetime DEFAULT NULL,
  `updated_at` datetime DEFAULT NULL
) ENGINE=InnoDB DEFAULT CHARSET=utf8;

--
-- Dumping data for table `cashinflows`
--

INSERT INTO `cashinflows` (`id`, `name`, `CashinflowCode`, `testfield`, `unitprice`, `created_at`, `updated_at`) VALUES
(1, '1', '2', '3', '4.00', '2017-01-03 04:08:12', '2017-01-03 04:08:12');

-- --------------------------------------------------------

--
-- Table structure for table `cashoutflows`
--

CREATE TABLE `cashoutflows` (
  `id` int(11) NOT NULL,
  `name` varchar(500) DEFAULT NULL,
  `CashoutflowCode` varchar(500) DEFAULT NULL,
  `testfield` varchar(500) DEFAULT NULL,
  `unitprice` decimal(10,2) DEFAULT '0.00',
  `created_at` datetime DEFAULT NULL,
  `updated_at` datetime DEFAULT NULL
) ENGINE=InnoDB DEFAULT CHARSET=utf8;

--
-- Dumping data for table `cashoutflows`
--

INSERT INTO `cashoutflows` (`id`, `name`, `CashoutflowCode`, `testfield`, `unitprice`, `created_at`, `updated_at`) VALUES
(1, '1', '2', '3', '4.00', '2017-01-03 04:13:40', '2017-01-03 04:13:40');

-- --------------------------------------------------------

--
-- Table structure for table `cash_inflow`
--

CREATE TABLE `cash_inflow` (
  `id` mediumint(8) UNSIGNED NOT NULL,
  `name` varchar(20) NOT NULL,
  `description` varchar(100) NOT NULL
) ENGINE=InnoDB DEFAULT CHARSET=utf8;

--
-- Dumping data for table `cash_inflow`
--

INSERT INTO `cash_inflow` (`id`, `name`, `description`) VALUES
(1, 'test', 'test'),
(2, ' member', 'test Member');

-- --------------------------------------------------------

--
-- Table structure for table `cash_outflow`
--

CREATE TABLE `cash_outflow` (
  `id` mediumint(8) UNSIGNED NOT NULL,
  `name` varchar(20) NOT NULL,
  `description` varchar(100) NOT NULL
) ENGINE=InnoDB DEFAULT CHARSET=utf8;

--
-- Dumping data for table `cash_outflow`
--

INSERT INTO `cash_outflow` (`id`, `name`, `description`) VALUES
(1, 'test', 'test'),
(2, ' member', 'test Member');

-- --------------------------------------------------------

--
-- Table structure for table `countrs`
--

CREATE TABLE `countrs` (
  `id` int(11) NOT NULL,
  `name` varchar(500) DEFAULT NULL,
  `CountrCode` varchar(500) DEFAULT NULL,
  `testfield` varchar(500) DEFAULT NULL,
  `unitprice` decimal(10,2) DEFAULT '0.00',
  `created_at` datetime DEFAULT NULL,
  `updated_at` datetime DEFAULT NULL
) ENGINE=InnoDB DEFAULT CHARSET=utf8;

--
-- Dumping data for table `countrs`
--

INSERT INTO `countrs` (`id`, `name`, `CountrCode`, `testfield`, `unitprice`, `created_at`, `updated_at`) VALUES
(1, '1', '2', '3', '4.00', '2017-01-03 05:20:40', '2017-01-03 05:20:40');

-- --------------------------------------------------------

--
-- Table structure for table `departments`
--

CREATE TABLE `departments` (
  `id` int(11) UNSIGNED NOT NULL,
  `name` varchar(200) NOT NULL
) ENGINE=InnoDB DEFAULT CHARSET=utf8;

--
-- Dumping data for table `departments`
--

INSERT INTO `departments` (`id`, `name`) VALUES
(1, 'TMMS-ICT'),
(2, 'TMMS-Account');

-- --------------------------------------------------------

--
-- Table structure for table `districts`
--

CREATE TABLE `districts` (
  `id` int(2) UNSIGNED NOT NULL,
  `DivisionId` int(2) UNSIGNED NOT NULL,
  `DistrictName` varchar(30) NOT NULL,
  `DistrictNameBangla` varchar(50) NOT NULL,
  `Latitude` double NOT NULL,
  `Longitude` double NOT NULL,
  `website` varchar(100) NOT NULL
) ENGINE=InnoDB DEFAULT CHARSET=utf8;

--
-- Dumping data for table `districts`
--

INSERT INTO `districts` (`id`, `DivisionId`, `DistrictName`, `DistrictNameBangla`, `Latitude`, `Longitude`, `website`) VALUES
(1, 3, 'Dhaka', 'ঢাকা', 23.7115253, 90.4111451, 'www.dhaka.gov.bd'),
(2, 3, 'Faridpur', 'ফরিদপুর', 23.6070822, 89.8429406, 'www.faridpur.gov.bd'),
(3, 3, 'Gazipur', 'গাজীপুর', 24.0022858, 90.4264283, 'www.gazipur.gov.bd'),
(4, 3, 'Gopalganj', 'গোপালগঞ্জ', 23.0050857, 89.8266059, 'www.gopalganj.gov.bd'),
(5, 3, 'Jamalpur', 'জামালপুর', 24.937533, 89.937775, 'www.jamalpur.gov.bd'),
(6, 3, 'Kishoreganj', 'কিশোরগঞ্জ', 24.444937, 90.776575, 'www.kishoreganj.gov.bd'),
(7, 3, 'Madaripur', 'মাদারীপুর', 23.164102, 90.1896805, 'www.madaripur.gov.bd'),
(8, 3, 'Manikganj', 'মানিকগঞ্জ', 0, 0, 'www.manikganj.gov.bd'),
(9, 3, 'Munshiganj', 'মুন্সিগঞ্জ', 0, 0, 'www.munshiganj.gov.bd'),
(10, 3, 'Mymensingh', 'ময়মনসিং', 0, 0, 'www.mymensingh.gov.bd'),
(11, 3, 'Narayanganj', 'নারায়াণগঞ্জ', 23.63366, 90.496482, 'www.narayanganj.gov.bd'),
(12, 3, 'Narsingdi', 'নরসিংদী', 23.932233, 90.71541, 'www.narsingdi.gov.bd'),
(13, 3, 'Netrokona', 'নেত্রকোনা', 24.870955, 90.727887, 'www.netrokona.gov.bd'),
(14, 3, 'Rajbari', 'রাজবাড়ি', 23.7574305, 89.6444665, 'www.rajbari.gov.bd'),
(15, 3, 'Shariatpur', 'শরীয়তপুর', 0, 0, 'www.shariatpur.gov.bd'),
(16, 3, 'Sherpur', 'শেরপুর', 25.0204933, 90.0152966, 'www.sherpur.gov.bd'),
(17, 3, 'Tangail', 'টাঙ্গাইল', 0, 0, 'www.tangail.gov.bd'),
(18, 5, 'Bogra', 'বগুড়া', 24.8465228, 89.377755, 'www.bogra.gov.bd'),
(19, 5, 'Joypurhat', 'জয়পুরহাট', 0, 0, 'www.joypurhat.gov.bd'),
(20, 5, 'Naogaon', 'নওগাঁ', 0, 0, 'www.naogaon.gov.bd'),
(21, 5, 'Natore', 'নাটোর', 24.420556, 89.000282, 'www.natore.gov.bd'),
(22, 5, 'Nawabganj', 'নবাবগঞ্জ', 24.5965034, 88.2775122, 'www.chapainawabganj.gov.bd'),
(23, 5, 'Pabna', 'পাবনা', 23.998524, 89.233645, 'www.pabna.gov.bd'),
(24, 5, 'Rajshahi', 'রাজশাহী', 0, 0, 'www.rajshahi.gov.bd'),
(25, 5, 'Sirajgonj', 'সিরাজগঞ্জ', 24.4533978, 89.7006815, 'www.sirajganj.gov.bd'),
(26, 6, 'Dinajpur', 'দিনাজপুর', 25.6217061, 88.6354504, 'www.dinajpur.gov.bd'),
(27, 6, 'Gaibandha', 'গাইবান্ধা', 25.328751, 89.528088, 'www.gaibandha.gov.bd'),
(28, 6, 'Kurigram', 'কুড়িগ্রাম', 25.805445, 89.636174, 'www.kurigram.gov.bd'),
(29, 6, 'Lalmonirhat', 'লালমনিরহাট', 0, 0, 'www.lalmonirhat.gov.bd'),
(30, 6, 'Nilphamari', 'নীলফামারী', 25.931794, 88.856006, 'www.nilphamari.gov.bd'),
(31, 6, 'Panchagarh', 'পঞ্চগড়', 26.3411, 88.5541606, 'www.panchagarh.gov.bd'),
(32, 6, 'Rangpur', 'রংপুর', 25.7558096, 89.244462, 'www.rangpur.gov.bd'),
(33, 6, 'Thakurgaon', 'ঠাকুরগাঁও', 26.0336945, 88.4616834, 'www.thakurgaon.gov.bd'),
(34, 1, 'Barguna', 'বরগুনা', 0, 0, 'www.barguna.gov.bd'),
(35, 1, 'Barisal', 'বরিশাল', 0, 0, 'www.barisal.gov.bd'),
(36, 1, 'Bhola', 'ভোলা', 22.685923, 90.648179, 'www.bhola.gov.bd'),
(37, 1, 'Jhalokati', 'ঝালকাঠি', 0, 0, 'www.jhalakathi.gov.bd'),
(38, 1, 'Patuakhali', 'পটুয়াখালী', 22.3596316, 90.3298712, 'www.patuakhali.gov.bd'),
(39, 1, 'Pirojpur', 'পিরোজপুর', 0, 0, 'www.pirojpur.gov.bd'),
(40, 2, 'Bandarban', 'বান্দরবান', 22.1953275, 92.2183773, 'www.bandarban.gov.bd'),
(41, 2, 'Brahmanbaria', 'ব্রাহ্মণবাড়িয়া', 23.9570904, 91.1119286, 'www.brahmanbaria.gov.bd'),
(42, 2, 'Chandpur', 'চাঁদপুর', 23.2332585, 90.6712912, 'www.chandpur.gov.bd'),
(43, 2, 'Chittagong', 'চট্টগ্রাম', 22.335109, 91.834073, 'www.chittagong.gov.bd'),
(44, 2, 'Comilla', 'কুমিল্লা', 23.4682747, 91.1788135, 'www.comilla.gov.bd'),
(45, 2, 'Cox\'s Bazar', 'কক্স বাজার', 0, 0, 'www.coxsbazar.gov.bd'),
(46, 2, 'Feni', 'ফেনী', 23.023231, 91.3840844, 'www.feni.gov.bd'),
(47, 2, 'Khagrachari', 'খাগড়াছড়ি', 23.119285, 91.984663, 'www.khagrachhari.gov.bd'),
(48, 2, 'Lakshmipur', 'লক্ষ্মীপুর', 22.942477, 90.841184, 'www.lakshmipur.gov.bd'),
(49, 2, 'Noakhali', 'নোয়াখালী', 22.869563, 91.099398, 'www.noakhali.gov.bd'),
(50, 2, 'Rangamati', 'রাঙ্গামাটি', 0, 0, 'www.rangamati.gov.bd'),
(51, 7, 'Habiganj', 'হবিগঞ্জ', 24.374945, 91.41553, 'www.habiganj.gov.bd'),
(52, 7, 'Maulvibazar', 'মৌলভীবাজার', 24.482934, 91.777417, 'www.moulvibazar.gov.bd'),
(53, 7, 'Sunamganj', 'সুনামগঞ্জ', 25.0658042, 91.3950115, 'www.sunamganj.gov.bd'),
(54, 7, 'Sylhet', 'সিলেট', 24.8897956, 91.8697894, 'www.sylhet.gov.bd'),
(55, 4, 'Bagerhat', 'বাগেরহাট', 22.651568, 89.785938, 'www.bagerhat.gov.bd'),
(56, 4, 'Chuadanga', 'চুয়াডাঙ্গা', 23.6401961, 88.841841, 'www.chuadanga.gov.bd'),
(57, 4, 'Jessore', 'যশোর', 23.16643, 89.2081126, 'www.jessore.gov.bd'),
(58, 4, 'Jhenaidah', 'ঝিনাইদহ', 23.5448176, 89.1539213, 'www.jhenaidah.gov.bd'),
(59, 4, 'Khulna', 'খুলনা', 22.815774, 89.568679, 'www.khulna.gov.bd'),
(60, 4, 'Kushtia', 'কুষ্টিয়া', 23.901258, 89.120482, 'www.kushtia.gov.bd'),
(61, 4, 'Magura', 'মাগুরা', 23.487337, 89.419956, 'www.magura.gov.bd'),
(62, 4, 'Meherpur', 'মেহেরপুর', 23.762213, 88.631821, 'www.meherpur.gov.bd'),
(63, 4, 'Narail', 'নড়াইল', 23.172534, 89.512672, 'www.narail.gov.bd'),
(64, 4, 'Satkhira', 'সাতক্ষীরা', 0, 0, 'www.satkhira.gov.bd');

-- --------------------------------------------------------

--
-- Table structure for table `divisions`
--

CREATE TABLE `divisions` (
  `id` int(2) UNSIGNED NOT NULL,
  `DivisionName` varchar(30) NOT NULL,
  `DivisionNameBangla` varchar(50) NOT NULL
) ENGINE=InnoDB DEFAULT CHARSET=utf8;

--
-- Dumping data for table `divisions`
--

INSERT INTO `divisions` (`id`, `DivisionName`, `DivisionNameBangla`) VALUES
(1, 'Barisal', 'বরিশাল'),
(2, 'Chittagong', 'চট্টগ্রাম'),
(3, 'Dhaka', 'ঢাকা'),
(4, 'Khulna', 'খুলনা'),
(5, 'Rajshahi', 'রাজশাহী'),
(6, 'Rangpur', 'রংপুর'),
(7, 'Sylhet', 'সিলেট'),
(8, 'Mymenshahi', 'ময়মনসিংহ');

-- --------------------------------------------------------

--
-- Table structure for table `domains`
--

CREATE TABLE `domains` (
  `id` int(2) UNSIGNED NOT NULL,
  `name` varchar(500) DEFAULT NULL,
  `DomainName` varchar(500) DEFAULT NULL,
  `DomainNameBangla` varchar(500) DEFAULT NULL,
  `TestImages` text,
  `created_at` datetime DEFAULT NULL,
  `updated_at` datetime DEFAULT NULL
) ENGINE=InnoDB DEFAULT CHARSET=utf8;

--
-- Dumping data for table `domains`
--

INSERT INTO `domains` (`id`, `name`, `DomainName`, `DomainNameBangla`, `TestImages`, `created_at`, `updated_at`) VALUES
(1, NULL, 'ICT', 'Info', NULL, '2017-06-20 05:45:29', '2017-06-20 05:45:29'),
(2, NULL, 'hem', 'human', NULL, '2017-06-20 05:45:44', '2017-06-20 05:45:44');

-- --------------------------------------------------------

--
-- Table structure for table `durations`
--

CREATE TABLE `durations` (
  `id` int(11) NOT NULL,
  `name` varchar(500) DEFAULT NULL,
  `DurationName` varchar(500) DEFAULT NULL,
  `DurationNameBangla` varchar(500) DEFAULT NULL,
  `TestImages` text,
  `created_at` datetime DEFAULT NULL,
  `updated_at` datetime DEFAULT NULL
) ENGINE=InnoDB DEFAULT CHARSET=utf8;

--
-- Dumping data for table `durations`
--

INSERT INTO `durations` (`id`, `name`, `DurationName`, `DurationNameBangla`, `TestImages`, `created_at`, `updated_at`) VALUES
(1, NULL, '5', NULL, NULL, '2017-06-20 10:00:56', '2017-06-20 10:00:56'),
(2, NULL, '10', NULL, NULL, '2017-06-20 10:01:05', '2017-06-20 10:01:05');

-- --------------------------------------------------------

--
-- Table structure for table `educations`
--

CREATE TABLE `educations` (
  `id` int(11) UNSIGNED NOT NULL,
  `name` varchar(200) NOT NULL
) ENGINE=InnoDB DEFAULT CHARSET=utf8;

--
-- Dumping data for table `educations`
--

INSERT INTO `educations` (`id`, `name`) VALUES
(1, 'PSC'),
(2, 'JSC'),
(3, 'SSC'),
(4, 'HSC');

-- --------------------------------------------------------

--
-- Table structure for table `frequencies`
--

CREATE TABLE `frequencies` (
  `id` int(11) NOT NULL,
  `frequency` varchar(50) DEFAULT NULL,
  `created_at` datetime DEFAULT NULL,
  `updated_at` datetime DEFAULT NULL
) ENGINE=InnoDB DEFAULT CHARSET=utf8;

--
-- Dumping data for table `frequencies`
--

INSERT INTO `frequencies` (`id`, `frequency`, `created_at`, `updated_at`) VALUES
(1, 'Weekly', NULL, NULL),
(2, 'Monthly', NULL, NULL);

-- --------------------------------------------------------

--
-- Table structure for table `joiningmoneyreceipts`
--

CREATE TABLE `joiningmoneyreceipts` (
  `id` int(11) NOT NULL,
  `name` varchar(500) DEFAULT NULL,
  `JoiningmoneyreceiptCode` varchar(500) DEFAULT NULL,
  `test12` varchar(500) DEFAULT NULL,
  `test13` varchar(500) DEFAULT NULL,
  `test14` varchar(500) DEFAULT NULL,
  `test15` varchar(500) DEFAULT NULL,
  `test16` varchar(500) DEFAULT NULL,
  `unitprice` decimal(10,2) DEFAULT '0.00',
  `created_at` datetime DEFAULT NULL,
  `updated_at` datetime DEFAULT NULL
) ENGINE=InnoDB DEFAULT CHARSET=utf8;

--
-- Dumping data for table `joiningmoneyreceipts`
--

INSERT INTO `joiningmoneyreceipts` (`id`, `name`, `JoiningmoneyreceiptCode`, `test12`, `test13`, `test14`, `test15`, `test16`, `unitprice`, `created_at`, `updated_at`) VALUES
(1, 'name1mo', NULL, NULL, NULL, NULL, NULL, NULL, '3.60', NULL, '2016-12-26 05:14:56'),
(2, '1', '2', NULL, NULL, NULL, NULL, NULL, '3.00', '2017-01-07 05:53:27', '2017-01-07 05:53:27'),
(3, '7', '6', NULL, NULL, NULL, NULL, NULL, '5.00', '2017-01-07 05:53:33', '2017-01-07 05:53:33'),
(4, '0', '9', '8', '7', '6', '5', '4', '3.00', '2017-01-07 07:18:01', '2017-01-07 07:18:01'),
(5, '9', '8', '7', '6', '5', '4', '3', '2.00', '2017-01-11 04:30:04', '2017-01-11 04:30:04');

-- --------------------------------------------------------

--
-- Table structure for table `loanapplicationmoneyreceipts`
--

CREATE TABLE `loanapplicationmoneyreceipts` (
  `id` int(11) NOT NULL,
  `name` varchar(500) DEFAULT NULL,
  `LoanapplicationmoneyreceiptCode` varchar(500) DEFAULT NULL,
  `unitprice` decimal(10,2) DEFAULT '0.00',
  `created_at` datetime DEFAULT NULL,
  `updated_at` datetime DEFAULT NULL
) ENGINE=InnoDB DEFAULT CHARSET=utf8;

--
-- Dumping data for table `loanapplicationmoneyreceipts`
--

INSERT INTO `loanapplicationmoneyreceipts` (`id`, `name`, `LoanapplicationmoneyreceiptCode`, `unitprice`, `created_at`, `updated_at`) VALUES
(1, '1', '2', '3.00', '2017-01-07 06:07:16', '2017-01-07 06:07:16'),
(2, '9', '8', '7.00', '2017-01-11 04:31:50', '2017-01-11 04:31:50');

-- --------------------------------------------------------

--
-- Table structure for table `loanapplications`
--

CREATE TABLE `loanapplications` (
  `id` int(11) NOT NULL,
  `name` varchar(500) DEFAULT NULL,
  `LoanapplicationCode` varchar(500) DEFAULT NULL,
  `unitprice` decimal(10,2) DEFAULT '0.00',
  `created_at` datetime DEFAULT NULL,
  `updated_at` datetime DEFAULT NULL
) ENGINE=InnoDB DEFAULT CHARSET=utf8;

--
-- Dumping data for table `loanapplications`
--

INSERT INTO `loanapplications` (`id`, `name`, `LoanapplicationCode`, `unitprice`, `created_at`, `updated_at`) VALUES
(1, 'name1mo', NULL, '3.60', NULL, '2016-12-26 05:14:56'),
(2, '1', '2', '3.00', '2017-01-07 06:22:01', '2017-01-07 06:22:01');

-- --------------------------------------------------------

--
-- Table structure for table `loans`
--

CREATE TABLE `loans` (
  `id` int(11) NOT NULL,
  `name` varchar(500) DEFAULT NULL,
  `ProductCode` varchar(500) DEFAULT NULL,
  `unitprice` decimal(10,2) DEFAULT '0.00',
  `created_at` datetime DEFAULT NULL,
  `updated_at` datetime DEFAULT NULL
) ENGINE=InnoDB DEFAULT CHARSET=utf8;

-- --------------------------------------------------------

--
-- Table structure for table `members`
--

CREATE TABLE `members` (
  `id` int(11) NOT NULL,
  `DomainName` varchar(500) DEFAULT NULL,
  `DivisionOfficeId` varchar(500) DEFAULT NULL,
  `ZoneId` varchar(500) DEFAULT NULL,
  `AreaId` varchar(500) DEFAULT NULL,
  `BranchId` varchar(500) DEFAULT NULL,
  `TMSSId` varchar(500) DEFAULT NULL,
  `MemberId` varchar(500) DEFAULT NULL,
  `BanglaName` varchar(500) DEFAULT NULL,
  `EnglishName` varchar(500) DEFAULT NULL,
  `FatherName` varchar(500) DEFAULT NULL,
  `MotherName` varchar(500) DEFAULT NULL,
  `HusbandWifeName` varchar(500) DEFAULT NULL,
  `Age` varchar(500) DEFAULT NULL,
  `Occupation` varchar(500) DEFAULT NULL,
  `Nationality` varchar(500) DEFAULT NULL,
  `NId` varchar(500) DEFAULT NULL,
  `PassportNo` varchar(500) DEFAULT NULL,
  `TaxIdNo` varchar(500) DEFAULT NULL,
  `Phone` varchar(500) DEFAULT NULL,
  `Mobile` varchar(500) DEFAULT NULL,
  `PresentVillageName` varchar(500) DEFAULT NULL,
  `PresentPostOffice` varchar(500) DEFAULT NULL,
  `PresentUpojela` varchar(500) DEFAULT NULL,
  `PresentJela` varchar(500) DEFAULT NULL,
  `SPName` varchar(500) DEFAULT NULL,
  `SPName2` varchar(500) DEFAULT NULL,
  `SPFatherName` varchar(500) DEFAULT NULL,
  `SPFatherName2` varchar(500) DEFAULT NULL,
  `SPMotherName` varchar(500) DEFAULT NULL,
  `SPMotherName2` varchar(500) DEFAULT NULL,
  `SPHusbandWifeName` varchar(500) DEFAULT NULL,
  `SPHusbandWifeName2` varchar(500) DEFAULT NULL,
  `Relation` varchar(500) DEFAULT NULL,
  `RElation2` varchar(500) DEFAULT NULL,
  `GivenPortion` varchar(500) DEFAULT NULL,
  `GivenPortion2` varchar(500) DEFAULT NULL,
  `Image` varchar(500) DEFAULT NULL,
  `TMSSIdCard` varchar(500) DEFAULT NULL,
  `NIdImage` varchar(500) DEFAULT NULL,
  `NomineeImage` varchar(500) DEFAULT NULL,
  `BirthCertificate` varchar(500) DEFAULT NULL,
  `NomineeImage2` varchar(500) DEFAULT NULL,
  `BirthCertificate2` varchar(500) DEFAULT NULL,
  `updated_at` datetime NOT NULL,
  `created_at` datetime NOT NULL
) ENGINE=InnoDB DEFAULT CHARSET=utf8;

--
-- Dumping data for table `members`
--

INSERT INTO `members` (`id`, `DomainName`, `DivisionOfficeId`, `ZoneId`, `AreaId`, `BranchId`, `TMSSId`, `MemberId`, `BanglaName`, `EnglishName`, `FatherName`, `MotherName`, `HusbandWifeName`, `Age`, `Occupation`, `Nationality`, `NId`, `PassportNo`, `TaxIdNo`, `Phone`, `Mobile`, `PresentVillageName`, `PresentPostOffice`, `PresentUpojela`, `PresentJela`, `SPName`, `SPName2`, `SPFatherName`, `SPFatherName2`, `SPMotherName`, `SPMotherName2`, `SPHusbandWifeName`, `SPHusbandWifeName2`, `Relation`, `RElation2`, `GivenPortion`, `GivenPortion2`, `Image`, `TMSSIdCard`, `NIdImage`, `NomineeImage`, `BirthCertificate`, `NomineeImage2`, `BirthCertificate2`, `updated_at`, `created_at`) VALUES
(5, '1', '1', '1', '1', '1', '1', '1', 'shishir', 'shishir', '1', '1', '1', '1', '1', '1', '1', '1', '1', '1', '1', '1', '1', '1', '1', '1', '1', NULL, NULL, '', '', '', NULL, '1', '', '1', '1', NULL, NULL, NULL, NULL, NULL, NULL, NULL, '2017-07-04 08:04:23', '2017-07-03 07:03:26'),
(6, '1', '1', '1', '1', '1', '2', '2', '2', 'zia', '2', '2', '2', '2', '2', '2', '2', '2', '2', '2', '2', '2', '2', '2', '2', '2', '2', NULL, NULL, '2', '2', NULL, NULL, '2', '2', '2', '2', NULL, NULL, NULL, NULL, NULL, NULL, NULL, '2017-07-04 08:32:48', '2017-07-04 08:32:48');

-- --------------------------------------------------------

--
-- Table structure for table `members21`
--

CREATE TABLE `members21` (
  `id` int(11) NOT NULL,
  `MemberId` varchar(500) DEFAULT NULL,
  `BanglaName` varchar(500) DEFAULT NULL,
  `EnglishName` varchar(500) DEFAULT NULL,
  `FatherName` varchar(500) DEFAULT NULL,
  `MotherName` varchar(500) DEFAULT NULL,
  `HusbandWifeName` varchar(500) DEFAULT NULL,
  `Age` varchar(500) DEFAULT NULL,
  `Occupation` varchar(500) DEFAULT NULL,
  `Nationality` varchar(500) DEFAULT NULL,
  `NId` varchar(500) DEFAULT NULL,
  `PassportNo` varchar(500) DEFAULT NULL,
  `TaxIdNo` varchar(500) DEFAULT NULL,
  `Phone` varchar(500) DEFAULT NULL,
  `Mobile` varchar(500) DEFAULT NULL,
  `PresentVillageName` varchar(500) DEFAULT NULL,
  `PresentPostOffice` varchar(500) DEFAULT NULL,
  `PresentUpojela` varchar(500) DEFAULT NULL,
  `PresentJela` varchar(500) DEFAULT NULL,
  `SPName` varchar(500) DEFAULT NULL,
  `SPName2` varchar(500) DEFAULT NULL,
  `SPMotherName` varchar(500) DEFAULT NULL,
  `SPMotherName2` varchar(500) DEFAULT NULL,
  `SPHusbandWifeName` varchar(500) DEFAULT NULL,
  `SPHusbandWifeName2` varchar(500) DEFAULT NULL,
  `Relation` varchar(500) DEFAULT NULL,
  `Relation2` varchar(500) DEFAULT NULL,
  `GivenPortion` varchar(500) DEFAULT NULL,
  `GivenPortion2` varchar(500) DEFAULT NULL,
  `Image` varchar(500) DEFAULT NULL,
  `TMSSIdCard` varchar(500) DEFAULT NULL,
  `NIdImage` varchar(500) DEFAULT NULL,
  `NomineeImage` varchar(500) DEFAULT NULL,
  `BirthCertificate` varchar(500) DEFAULT NULL,
  `NomineeImage2` varchar(500) DEFAULT NULL,
  `BirthCertificate2` varchar(500) DEFAULT NULL,
  `created_at` datetime DEFAULT NULL,
  `updated_at` datetime DEFAULT NULL
) ENGINE=InnoDB DEFAULT CHARSET=utf8;

-- --------------------------------------------------------

--
-- Table structure for table `members21/06/2017`
--

CREATE TABLE `members21/06/2017` (
  `id` int(11) NOT NULL,
  `MemberId` varchar(500) DEFAULT NULL,
  `BanglaName` varchar(500) DEFAULT NULL,
  `EnglishName` varchar(500) DEFAULT NULL,
  `FatherName` varchar(500) DEFAULT NULL,
  `MotherName` varchar(500) DEFAULT NULL,
  `HusbandWifeName` varchar(500) DEFAULT NULL,
  `Age` varchar(500) DEFAULT NULL,
  `Occupation` varchar(500) DEFAULT NULL,
  `Nationality` varchar(500) DEFAULT NULL,
  `NId` varchar(500) DEFAULT NULL,
  `PassportNo` varchar(500) DEFAULT NULL,
  `TaxIdNo` varchar(500) DEFAULT NULL,
  `Phone` varchar(500) DEFAULT NULL,
  `Mobile` varchar(500) DEFAULT NULL,
  `PresentVillageName` varchar(500) DEFAULT NULL,
  `PresentPostOffice` varchar(500) DEFAULT NULL,
  `PresentUpojela` varchar(500) DEFAULT NULL,
  `PresentJela` varchar(500) DEFAULT NULL,
  `SPName` varchar(500) DEFAULT NULL,
  `SPName2` varchar(500) DEFAULT NULL,
  `SPMotherName` varchar(500) DEFAULT NULL,
  `SPMotherName2` varchar(500) DEFAULT NULL,
  `SPHusbandWifeName` varchar(500) DEFAULT NULL,
  `SPHusbandWifeName2` varchar(500) DEFAULT NULL,
  `Relation` varchar(500) DEFAULT NULL,
  `Relation2` varchar(500) DEFAULT NULL,
  `GivenPortion` varchar(500) DEFAULT NULL,
  `GivenPortion2` varchar(500) DEFAULT NULL,
  `Image` varchar(500) DEFAULT NULL,
  `TMSSIdCard` varchar(500) DEFAULT NULL,
  `NIdImage` varchar(500) DEFAULT NULL,
  `NomineeImage` varchar(500) DEFAULT NULL,
  `BirthCertificate` varchar(500) DEFAULT NULL,
  `NomineeImage2` varchar(500) DEFAULT NULL,
  `BirthCertificate2` varchar(500) DEFAULT NULL,
  `created_at` datetime DEFAULT NULL,
  `updated_at` datetime DEFAULT NULL
) ENGINE=InnoDB DEFAULT CHARSET=utf8;

-- --------------------------------------------------------

--
-- Table structure for table `migrations`
--

CREATE TABLE `migrations` (
  `migration` varchar(255) COLLATE utf8_unicode_ci NOT NULL,
  `batch` int(11) NOT NULL
) ENGINE=InnoDB DEFAULT CHARSET=utf8 COLLATE=utf8_unicode_ci;

--
-- Dumping data for table `migrations`
--

INSERT INTO `migrations` (`migration`, `batch`) VALUES
('2014_10_12_000000_create_users_table', 1),
('2014_10_12_100000_create_password_resets_table', 1),
('2015_05_06_022458_create_posts_table', 1),
('2016_10_12_091446_create_user_post_table', 1),
('2016_10_13_000104_add_user_soft_delete', 1),
('2016_10_22_004452_create_tags_tables', 1);

-- --------------------------------------------------------

--
-- Table structure for table `mikrofdivisions`
--

CREATE TABLE `mikrofdivisions` (
  `id` int(2) UNSIGNED NOT NULL,
  `DomainId` int(2) UNSIGNED NOT NULL,
  `DivisionOfficeName` varchar(500) DEFAULT NULL,
  `DivisionOfficeNameBangla` varchar(500) DEFAULT NULL,
  `DivisionOfficeCode` varchar(500) DEFAULT NULL,
  `DivisionOfficeAddress` varchar(500) DEFAULT NULL,
  `DivisionOfficeMobileNo` varchar(500) DEFAULT NULL,
  `DivisionOfficeEmail` varchar(500) DEFAULT NULL,
  `DivisionOfficeDivisionId` varchar(500) DEFAULT NULL,
  `DivisionOfficeDistrictId` varchar(500) DEFAULT NULL,
  `DivisionOfficeThanaId` varchar(500) DEFAULT NULL,
  `DivisionOfficeUnionId` varchar(500) DEFAULT NULL,
  `DivisionOfficePostOfficeId` varchar(500) DEFAULT NULL,
  `DivisionOfficeWardId` varchar(500) DEFAULT NULL,
  `DivisionOfficeRoadNo` varchar(500) DEFAULT NULL,
  `created_at` datetime DEFAULT NULL,
  `updated_at` datetime DEFAULT NULL
) ENGINE=InnoDB DEFAULT CHARSET=utf8;

--
-- Dumping data for table `mikrofdivisions`
--

INSERT INTO `mikrofdivisions` (`id`, `DomainId`, `DivisionOfficeName`, `DivisionOfficeNameBangla`, `DivisionOfficeCode`, `DivisionOfficeAddress`, `DivisionOfficeMobileNo`, `DivisionOfficeEmail`, `DivisionOfficeDivisionId`, `DivisionOfficeDistrictId`, `DivisionOfficeThanaId`, `DivisionOfficeUnionId`, `DivisionOfficePostOfficeId`, `DivisionOfficeWardId`, `DivisionOfficeRoadNo`, `created_at`, `updated_at`) VALUES
(1, 1, '1', '1', '1', '1', '', '1@gmail.com', '3', '1', '', '1', '1', '1', '1', '2017-06-20 06:35:15', '2017-06-20 06:35:15');

-- --------------------------------------------------------

--
-- Table structure for table `months`
--

CREATE TABLE `months` (
  `id` int(11) NOT NULL,
  `MonthName` varchar(500) DEFAULT NULL,
  `created_at` datetime DEFAULT NULL,
  `updated_at` datetime DEFAULT NULL
) ENGINE=InnoDB DEFAULT CHARSET=utf8;

--
-- Dumping data for table `months`
--

INSERT INTO `months` (`id`, `MonthName`, `created_at`, `updated_at`) VALUES
(1, 'January', '2017-06-20 09:41:33', '2017-06-20 09:41:33'),
(2, 'February', '2017-06-20 09:41:47', '2017-06-20 09:41:47'),
(3, 'March', '2017-06-20 09:41:57', '2017-06-20 09:41:57'),
(4, 'April', '2017-06-20 09:42:05', '2017-06-20 09:42:05'),
(5, 'May', '2017-06-20 09:42:13', '2017-06-20 09:42:13'),
(6, 'June', '2017-06-20 09:42:21', '2017-06-20 09:42:21'),
(7, 'July', '2017-06-20 09:42:29', '2017-06-20 09:42:29'),
(8, 'August', '2017-06-20 09:42:38', '2017-06-20 09:42:38'),
(9, 'September', '2017-06-20 09:42:49', '2017-06-20 09:42:49'),
(10, 'October', '2017-06-20 09:42:58', '2017-06-20 09:42:58'),
(11, 'November', '2017-06-20 09:43:06', '2017-06-20 09:43:06'),
(12, 'December', '2017-06-20 09:43:14', '2017-06-20 09:43:14');

-- --------------------------------------------------------

--
-- Table structure for table `password_resets`
--

CREATE TABLE `password_resets` (
  `email` varchar(255) COLLATE utf8_unicode_ci NOT NULL,
  `token` varchar(255) COLLATE utf8_unicode_ci NOT NULL,
  `created_at` timestamp NOT NULL DEFAULT '0000-00-00 00:00:00'
) ENGINE=InnoDB DEFAULT CHARSET=utf8 COLLATE=utf8_unicode_ci;

-- --------------------------------------------------------

--
-- Table structure for table `postings`
--

CREATE TABLE `postings` (
  `id` int(11) NOT NULL,
  `DomainName` varchar(500) DEFAULT NULL,
  `DivisionName` varchar(500) NOT NULL,
  `ZoneId` varchar(500) DEFAULT NULL,
  `AreaId` varchar(500) DEFAULT NULL,
  `BranchId` varchar(500) DEFAULT NULL,
  `MonthId` varchar(500) DEFAULT NULL,
  `YearId` varchar(500) DEFAULT NULL,
  `Loan` varchar(500) DEFAULT NULL,
  `MemberId` varchar(500) NOT NULL,
  `MemberName` varchar(500) NOT NULL,
  `AccountNo` varchar(500) DEFAULT NULL,
  `GSaving` varchar(500) DEFAULT NULL,
  `Dps` varchar(500) NOT NULL,
  `posted_by` varchar(500) NOT NULL,
  `created_at` datetime DEFAULT NULL,
  `updated_at` datetime DEFAULT NULL
) ENGINE=InnoDB DEFAULT CHARSET=utf8;

--
-- Dumping data for table `postings`
--

INSERT INTO `postings` (`id`, `DomainName`, `DivisionName`, `ZoneId`, `AreaId`, `BranchId`, `MonthId`, `YearId`, `Loan`, `MemberId`, `MemberName`, `AccountNo`, `GSaving`, `Dps`, `posted_by`, `created_at`, `updated_at`) VALUES
(2, '1', '1', '1', '1', '1', '1', '1', '', '1', 'shishir', '1', '100', '1', '1002', '2017-07-03 14:59:56', '2017-07-03 14:59:56'),
(3, '1', '1', '1', '1', '1', '1', '1', '', '1', 'shishir', '1', '100', '1', '1002', '2017-07-04 03:37:52', '2017-07-04 03:37:52'),
(4, '1', '1', '1', '1', '1', '1', '1', '', '1', 'shishir', '1', '100', '1', '1002', '2017-07-04 03:49:31', '2017-07-04 03:49:31'),
(5, '1', '1', '1', '1', '1', '1', '1', '', '1', 'shishir', '1', '100', '1', '1002', '2017-07-04 03:50:36', '2017-07-04 03:50:36'),
(6, '1', '1', '1', '1', '1', '1', '1', '', '1', 'shishir', '1', '100', '1', '1002', '2017-07-04 08:40:48', '2017-07-04 08:40:48'),
(7, '1', '1', '1', '1', '1', '1', '1', '', '2', 'zia', '2', '100', '432', '1002', '2017-07-04 08:41:08', '2017-07-04 08:41:08'),
(8, '1', '1', '1', '1', '1', '1', '1', '', '1', 'shishir', '121', '100', '200', '1002', '2017-07-04 14:35:19', '2017-07-04 14:35:19'),
(9, '1', '1', '1', '1', '1', '1', '1', '', '1', 'shishir', '121', '100', '200', '1002', '2017-07-04 14:51:16', '2017-07-04 14:51:16'),
(10, '1', '1', '1', '1', '1', '1', '1', '', '1', 'shishir', '121', '100', '200', '1002', '2017-07-04 14:54:15', '2017-07-04 14:54:15'),
(11, '1', '1', '1', '1', '1', '1', '1', '', '1', 'shishir', '121', '100', '200', '1002', '2017-07-04 14:56:02', '2017-07-04 14:56:02'),
(12, '1', '1', '1', '1', '1', '1', '1', '', '1', 'shishir', '121', '100', '200', '1002', '2017-07-04 14:56:50', '2017-07-04 14:56:50'),
(13, '1', '1', '1', '1', '1', '1', '1', '', '1', 'shishir', '121', '100', '200', '1002', '2017-07-04 14:59:29', '2017-07-04 14:59:29'),
(14, '1', '1', '1', '1', '1', '1', '1', '', '1', 'shishir', '121', '100', '200', '1002', '2017-07-04 16:30:19', '2017-07-04 16:30:19'),
(15, '1', '1', '1', '1', '1', '1', '1', '', '1', 'shishir', '121', '100', '200', '1002', '2017-07-04 16:37:00', '2017-07-04 16:37:00'),
(16, '1', '1', '1', '1', '1', '1', '1', '', '1', 'shishir', '121', '100', '200', '1002', '2017-07-04 17:08:27', '2017-07-04 17:08:27'),
(17, '1', '1', '1', '1', '1', '1', '1', '', '1', 'shishir', '121', '100', '200', '1002', '2017-07-04 17:11:28', '2017-07-04 17:11:28'),
(18, '1', '1', '1', '1', '1', '1', '1', '', '1', 'shishir', '121', '100', '200', '1002', '2017-07-04 17:22:08', '2017-07-04 17:22:08'),
(19, '1', '1', '1', '1', '1', '1', '1', '', '1', 'shishir', '121', '100', '200', '1002', '2017-07-04 17:24:24', '2017-07-04 17:24:24'),
(20, '1', '1', '1', '1', '1', '1', '1', '', '1', 'shishir', '121', '100', '200', '1002', '2017-07-04 17:26:18', '2017-07-04 17:26:18'),
(21, '1', '1', '1', '1', '1', '1', '1', '', '1', 'shishir', '121', '100', '200', '1002', '2017-07-04 17:27:26', '2017-07-04 17:27:26'),
(22, '1', '1', '1', '1', '1', '1', '1', '', '1', 'shishir', '121', '100', '200', '1002', '2017-07-04 17:29:04', '2017-07-04 17:29:04'),
(23, '1', '1', '1', '1', '1', '1', '1', '', '1', 'shishir', '121', '100', '200', '1002', '2017-07-04 17:42:54', '2017-07-04 17:42:54'),
(24, '1', '1', '1', '1', '1', '1', '1', '', '1', 'shishir', '111', '100', '300', '1002', '2017-07-05 03:43:40', '2017-07-05 03:43:40'),
(25, '1', '1', '1', '1', '1', '2', '1', '', '1', 'shishir', '111', '100', '300', '1002', '2017-07-05 03:57:59', '2017-07-05 03:57:59'),
(26, '1', '1', '1', '1', '1', '2', '1', '', '2', 'zia', '211', '100', '200', '1002', '2017-07-05 03:58:04', '2017-07-05 03:58:04');

-- --------------------------------------------------------

--
-- Table structure for table `postoffices`
--

CREATE TABLE `postoffices` (
  `id` int(11) NOT NULL,
  `PostofficeName` varchar(500) DEFAULT NULL,
  `ThanaId` varchar(500) DEFAULT NULL,
  `DivisionId` varchar(500) DEFAULT NULL,
  `DistrictId` varchar(500) DEFAULT NULL,
  `name` varchar(500) DEFAULT NULL,
  `created_at` datetime DEFAULT NULL,
  `updated_at` datetime DEFAULT NULL
) ENGINE=InnoDB DEFAULT CHARSET=utf8;

-- --------------------------------------------------------

--
-- Table structure for table `posts`
--

CREATE TABLE `posts` (
  `id` int(10) UNSIGNED NOT NULL,
  `user_id` int(10) UNSIGNED NOT NULL,
  `title` varchar(255) COLLATE utf8_unicode_ci NOT NULL,
  `created_at` timestamp NOT NULL DEFAULT '0000-00-00 00:00:00',
  `updated_at` timestamp NOT NULL DEFAULT '0000-00-00 00:00:00'
) ENGINE=InnoDB DEFAULT CHARSET=utf8 COLLATE=utf8_unicode_ci;

--
-- Dumping data for table `posts`
--

INSERT INTO `posts` (`id`, `user_id`, `title`, `created_at`, `updated_at`) VALUES
(501, 662, 'Omnis omnis repellat voluptas voluptatem saepe sed facere alias. Nam ab est modi. Consequuntur optio eos consequatur. Culpa iusto necessitatibus et totam velit molestiae earum.', '2017-06-17 17:28:19', '2017-06-17 17:28:19'),
(502, 593, 'Deleniti dolor quos praesentium nostrum. Et commodi soluta et consectetur sunt et.', '2017-06-17 17:28:19', '2017-06-17 17:28:19'),
(503, 976, 'Sequi provident aut aliquid. Ut voluptatum et est minima natus rerum. Facilis totam aperiam suscipit natus enim. Quisquam excepturi animi aspernatur qui quo ea.', '2017-06-17 17:28:19', '2017-06-17 17:28:19'),
(504, 580, 'Consequatur rerum qui perspiciatis dolorem et omnis reiciendis. Consequatur maiores nam deleniti qui. Nobis laborum culpa ut ducimus pariatur similique magni et.', '2017-06-17 17:28:19', '2017-06-17 17:28:19'),
(505, 857, 'Inventore nemo voluptatem suscipit non animi. Voluptatem dolor eum sed ullam sequi accusantium quasi. Quaerat et repellendus placeat est tempore ad nemo tempore. Molestiae amet earum nostrum nihil facere ad reprehenderit. Aut blanditiis perspiciatis accus', '2017-06-17 17:28:19', '2017-06-17 17:28:19'),
(506, 807, 'Iure qui excepturi assumenda a ut. Eius est beatae qui dolores odio. Officiis repudiandae non ea. Iusto voluptas ea laboriosam nam doloribus veniam sed. Dignissimos corporis est aut maiores unde officia dolorem.', '2017-06-17 17:28:19', '2017-06-17 17:28:19'),
(507, 727, 'Velit dolorem et qui dicta. Non et aspernatur nihil. Eos consequatur perferendis aliquam consequatur repudiandae sed. Rem excepturi velit iusto magnam et voluptatibus.', '2017-06-17 17:28:19', '2017-06-17 17:28:19'),
(508, 977, 'Sapiente eius eos et facere consequatur velit alias. Labore rerum temporibus sed consequatur consectetur. Dolor voluptas eum voluptas culpa ut totam est.', '2017-06-17 17:28:19', '2017-06-17 17:28:19'),
(509, 830, 'Repellendus suscipit vel tenetur corporis voluptatibus sed corporis unde. Repellendus assumenda enim sit. Sit voluptatem rerum autem hic.', '2017-06-17 17:28:19', '2017-06-17 17:28:19'),
(510, 572, 'Et non minima assumenda dolores ea. Fuga assumenda voluptas at saepe voluptas totam quaerat. Rerum asperiores nihil laborum ab occaecati at sequi. Odio rerum natus et.', '2017-06-17 17:28:19', '2017-06-17 17:28:19'),
(511, 990, 'Enim perferendis tempora officiis ut ut facilis. Id saepe ex aliquam quisquam qui. Quisquam earum quia quod et. Cumque consequuntur expedita tenetur magni.', '2017-06-17 17:28:19', '2017-06-17 17:28:19'),
(512, 941, 'Velit vel ut dolores dicta. Consequatur optio est esse cum et. Et consequatur quas itaque pariatur.', '2017-06-17 17:28:19', '2017-06-17 17:28:19'),
(513, 703, 'Rem ex maxime error ut a. Modi commodi voluptate reprehenderit maiores accusantium veniam nihil. Aspernatur voluptatem omnis facere minus sapiente.', '2017-06-17 17:28:19', '2017-06-17 17:28:19'),
(514, 623, 'Aperiam incidunt optio sequi cum velit molestias tempora. Aut cum voluptatem ea quibusdam voluptas. Magnam provident doloremque nihil excepturi. Eaque quia voluptas possimus. Est dicta odio sit ea sint odio.', '2017-06-17 17:28:19', '2017-06-17 17:28:19'),
(515, 999, 'Fugiat suscipit quibusdam quia ratione repudiandae voluptates minus qui. Aut accusamus at nemo expedita.', '2017-06-17 17:28:19', '2017-06-17 17:28:19'),
(516, 565, 'Facilis iure et fuga aliquid sit. Quod doloremque perspiciatis laudantium quis. Quos neque sunt nobis labore quia aut accusamus. Perferendis est ipsam dolorem quia esse.', '2017-06-17 17:28:19', '2017-06-17 17:28:19'),
(517, 653, 'Accusamus qui voluptatum velit autem ullam numquam nulla. Quod commodi error aut accusamus voluptatem sapiente beatae est. Odio illo est non. At distinctio neque est aperiam aut voluptas aliquam nihil.', '2017-06-17 17:28:19', '2017-06-17 17:28:19'),
(518, 814, 'Vel dolores totam omnis non. Aut atque ducimus ut. Nulla commodi et minima maiores odio.', '2017-06-17 17:28:19', '2017-06-17 17:28:19'),
(519, 527, 'Consectetur magnam a molestiae voluptas aut dolores. Excepturi consequuntur quisquam saepe enim quia qui. Autem tempore nobis illo aut nostrum animi. Omnis voluptas repellendus assumenda velit accusantium dolores id.', '2017-06-17 17:28:19', '2017-06-17 17:28:19'),
(520, 539, 'Eveniet reprehenderit quaerat explicabo sapiente aut inventore. Expedita ad ullam esse veniam sit magni ab voluptas.', '2017-06-17 17:28:20', '2017-06-17 17:28:20'),
(521, 637, 'Ipsum consequatur quasi harum dolore commodi et. Soluta eum veniam blanditiis sit distinctio non. Ratione id delectus incidunt ut est. Iste sit aut sunt suscipit laborum.', '2017-06-17 17:28:20', '2017-06-17 17:28:20'),
(522, 701, 'Et dolor aut consectetur. Voluptatem ut et pariatur ipsam perferendis dicta. Dolorum laboriosam temporibus et. Et tempore vero ad voluptate quia necessitatibus in.', '2017-06-17 17:28:20', '2017-06-17 17:28:20'),
(523, 672, 'Aperiam nobis libero et est necessitatibus et. Et ad consequatur ut minima explicabo mollitia placeat et. Aut dolorem commodi mollitia.', '2017-06-17 17:28:20', '2017-06-17 17:28:20'),
(524, 910, 'Ea porro nostrum vel. Repellat a sequi voluptas minus expedita magnam. Labore blanditiis laudantium explicabo exercitationem qui.', '2017-06-17 17:28:20', '2017-06-17 17:28:20'),
(525, 771, 'Non ducimus fuga animi. Ut sequi cumque corporis est. Aut modi molestias natus quas voluptatem voluptas. Aliquam odit molestiae animi.', '2017-06-17 17:28:20', '2017-06-17 17:28:20'),
(526, 814, 'Expedita et et itaque laudantium non et eum. Omnis molestiae et dolorem voluptas maxime. Et ipsum est eveniet ipsa. Excepturi velit sequi earum nihil.', '2017-06-17 17:28:20', '2017-06-17 17:28:20'),
(527, 650, 'Fugit fugiat impedit sunt sunt laboriosam blanditiis consequuntur modi. Sequi veniam veniam quos praesentium sequi et voluptatem atque. Qui doloribus rem quasi mollitia.', '2017-06-17 17:28:20', '2017-06-17 17:28:20'),
(528, 581, 'Autem et fugit eveniet repellat esse. Pariatur mollitia porro velit voluptates quo. Eligendi quidem nulla magnam expedita provident qui et.', '2017-06-17 17:28:20', '2017-06-17 17:28:20'),
(529, 853, 'Aliquid est quidem soluta. Omnis quia aut accusantium repellat ab. Qui nisi magnam beatae consequatur.', '2017-06-17 17:28:20', '2017-06-17 17:28:20'),
(530, 945, 'Nisi repudiandae maxime autem eum totam earum occaecati sed. Nulla est accusantium quibusdam aut cumque quo. Omnis aspernatur id amet id error eos. Ipsa nostrum perspiciatis exercitationem deleniti tempora consequatur est id. Tenetur doloribus eius facere', '2017-06-17 17:28:20', '2017-06-17 17:28:20'),
(531, 818, 'Nisi perspiciatis et quis sed fugiat ex aut. Explicabo quis fugit illum molestiae.', '2017-06-17 17:28:20', '2017-06-17 17:28:20'),
(532, 656, 'Dolorem minus dolores perferendis aut. Dicta sint fugit dolorem et fugit. Vel in ipsa voluptates qui tempore.', '2017-06-17 17:28:20', '2017-06-17 17:28:20'),
(533, 964, 'Consequuntur quis sint aliquid qui assumenda amet laboriosam. Unde et consequatur excepturi doloremque ut sed est corporis. Praesentium voluptas quia inventore autem et.', '2017-06-17 17:28:20', '2017-06-17 17:28:20'),
(534, 651, 'Libero recusandae iste ut veniam. Deserunt omnis dolor dolor provident neque suscipit eveniet. Facilis ut et et consequatur maiores nostrum dolore.', '2017-06-17 17:28:20', '2017-06-17 17:28:20'),
(535, 736, 'Corporis tempora quae minus voluptatem. Impedit molestiae hic et quia cum velit atque quas. Est qui sit magni dignissimos quos praesentium.', '2017-06-17 17:28:20', '2017-06-17 17:28:20'),
(536, 669, 'Ad recusandae vel ipsum in sed et. Officiis dolores et assumenda voluptate veritatis cupiditate. Consequatur quis quam sed ut hic consequuntur voluptatem. Tempora quos consequatur at dicta.', '2017-06-17 17:28:20', '2017-06-17 17:28:20'),
(537, 664, 'Sunt iure ex qui facere rerum. Voluptate quos aut vel eius voluptatibus earum blanditiis. Qui quia optio sit perferendis. Esse unde ea est est iusto.', '2017-06-17 17:28:20', '2017-06-17 17:28:20'),
(538, 683, 'Accusamus illum consequatur aut id beatae eum. Et facere eius voluptatibus explicabo dignissimos quia. Ipsa autem ut deleniti ipsam neque sint. Soluta eaque tempore quia consequuntur eligendi.', '2017-06-17 17:28:20', '2017-06-17 17:28:20'),
(539, 871, 'Odit iusto voluptate illum perspiciatis recusandae eius qui. Fugiat voluptatem a dolores. Velit vel eaque eaque repellendus maxime incidunt ea.', '2017-06-17 17:28:20', '2017-06-17 17:28:20'),
(540, 531, 'Aspernatur sunt incidunt autem similique consequatur facilis est. Vero nam iure repellat autem ut. Et eum tenetur doloribus magnam.', '2017-06-17 17:28:21', '2017-06-17 17:28:21'),
(541, 559, 'Natus quaerat odit corporis dolores deserunt dolor. Cumque blanditiis et quos veritatis. Saepe consequatur minus dolores omnis reprehenderit. Non impedit voluptatum aperiam.', '2017-06-17 17:28:21', '2017-06-17 17:28:21'),
(542, 815, 'Velit ullam eum fugiat voluptatem nesciunt. Ullam dicta sit commodi maxime veritatis nihil dolorem. Et ratione veniam excepturi ea omnis possimus ea. Et nesciunt velit fugit dolor eveniet incidunt.', '2017-06-17 17:28:21', '2017-06-17 17:28:21'),
(543, 743, 'Quam voluptatem non iste possimus harum nam repellendus. Voluptatem in doloremque veniam modi quisquam quasi. Quo placeat id quia animi non eaque. Labore voluptatem dolores aperiam at numquam assumenda illo alias.', '2017-06-17 17:28:21', '2017-06-17 17:28:21'),
(544, 610, 'Perspiciatis repellendus ut ut blanditiis laudantium voluptatem cum. Fugit deleniti esse omnis omnis. Odio similique eius sed possimus debitis perferendis asperiores. Et vero ipsum rerum recusandae id eligendi nihil esse.', '2017-06-17 17:28:21', '2017-06-17 17:28:21'),
(545, 722, 'Aliquam qui suscipit nisi provident ducimus expedita et. Cumque dolores aliquid voluptate ut cupiditate.', '2017-06-17 17:28:21', '2017-06-17 17:28:21'),
(546, 625, 'Enim ut nostrum omnis ducimus fugit qui et. Optio officiis est consequuntur aut et quis. Labore aut non ea in voluptatibus ut. Quae explicabo aut recusandae architecto vel.', '2017-06-17 17:28:21', '2017-06-17 17:28:21'),
(547, 562, 'Ea fuga debitis nemo dolorem rerum non atque. Consequuntur dignissimos quod rerum perspiciatis explicabo ut quisquam. Et magni consectetur qui aliquam atque incidunt aliquid.', '2017-06-17 17:28:21', '2017-06-17 17:28:21'),
(548, 560, 'Velit fuga nostrum ut veniam aut et cupiditate. Atque illo sunt autem impedit totam repellat voluptatem consequatur. Quia a et qui quibusdam alias eos aut. Qui amet nisi aliquid.', '2017-06-17 17:28:21', '2017-06-17 17:28:21'),
(549, 982, 'Ut veniam veniam facilis ut harum et. Officiis non deleniti iste et.', '2017-06-17 17:28:21', '2017-06-17 17:28:21'),
(550, 519, 'Exercitationem eum consequatur incidunt voluptates voluptatem aut. Corrupti odit quod veritatis. Id consequuntur voluptatem rerum accusamus. Asperiores rem fuga saepe ipsa veniam incidunt.', '2017-06-17 17:28:21', '2017-06-17 17:28:21'),
(551, 667, 'Amet voluptas quibusdam nobis ad et qui. Vel quidem fuga dolores cum quisquam voluptas et voluptas. Est quam repellendus saepe. Sint expedita veniam nemo minima.', '2017-06-17 17:28:21', '2017-06-17 17:28:21'),
(552, 585, 'Ut libero vitae ducimus ut ducimus quis. Voluptas et voluptatem vero et dolores eos. Cupiditate inventore praesentium illo numquam consequuntur qui. Qui totam ut est.', '2017-06-17 17:28:21', '2017-06-17 17:28:21'),
(553, 609, 'Ipsum aliquam aut natus sit et velit natus. Vel id molestiae dolor sint iste fugiat ut. Vero veritatis facere reiciendis facilis esse aut recusandae.', '2017-06-17 17:28:21', '2017-06-17 17:28:21'),
(554, 694, 'Consequatur ipsam delectus beatae non. Officiis esse et odio sed accusantium qui omnis sit. Sequi soluta aut aperiam ut mollitia molestiae. Rem sit sint et voluptatem ea odit.', '2017-06-17 17:28:21', '2017-06-17 17:28:21'),
(555, 682, 'Et et sapiente doloribus dolores voluptas dolore assumenda. Tenetur soluta excepturi delectus quibusdam laborum ut. Vel dignissimos et nesciunt sed corporis provident.', '2017-06-17 17:28:21', '2017-06-17 17:28:21'),
(556, 787, 'At dolorem corrupti reprehenderit. Maiores velit fugit minima quam et ut nulla. Facere mollitia nemo velit ducimus dolorem ipsam.', '2017-06-17 17:28:22', '2017-06-17 17:28:22'),
(557, 628, 'Dolor qui cum temporibus eius. Aut neque atque nobis dolorem ab qui non. Minus quia dolores fugit non.', '2017-06-17 17:28:22', '2017-06-17 17:28:22'),
(558, 652, 'Voluptate et natus autem itaque facilis. Suscipit non ipsa ea minima. Possimus eligendi aut ut magnam repellat quidem quod. Id id debitis dolor hic quasi molestiae.', '2017-06-17 17:28:22', '2017-06-17 17:28:22'),
(559, 852, 'In veniam labore accusamus fuga. Illo voluptas aut eos sed. Tenetur voluptates eius voluptatum. Impedit rerum est quia officia quo quidem qui.', '2017-06-17 17:28:22', '2017-06-17 17:28:22'),
(560, 972, 'Suscipit quos atque et optio laboriosam. Natus sapiente nihil omnis enim voluptates est maiores architecto. Non quos eligendi doloremque autem sint ut temporibus dolorem.', '2017-06-17 17:28:22', '2017-06-17 17:28:22'),
(561, 891, 'Recusandae voluptatem ab numquam magni nemo neque rem. Voluptas laborum corporis temporibus consequatur quia distinctio. Rerum occaecati provident deleniti quia occaecati id.', '2017-06-17 17:28:22', '2017-06-17 17:28:22'),
(562, 687, 'Totam animi nulla alias aut. Deserunt voluptatem iste laudantium quo modi vero ullam quisquam. Pariatur sed quod voluptatem repellat labore qui et. Consectetur saepe eligendi et et nostrum quo nobis itaque.', '2017-06-17 17:28:22', '2017-06-17 17:28:22'),
(563, 648, 'Et ipsum dolor illo aut deserunt aut. Aut cupiditate quae qui aperiam. Magnam minima quidem cumque animi.', '2017-06-17 17:28:22', '2017-06-17 17:28:22'),
(564, 707, 'Molestiae sed et blanditiis dolores sequi. Reprehenderit officiis modi praesentium quam. A sed ipsa in ea aut atque. Veritatis in inventore facere modi sunt impedit.', '2017-06-17 17:28:22', '2017-06-17 17:28:22'),
(565, 590, 'Ratione odit delectus et ab similique eveniet labore. Expedita vel voluptatem et accusamus veritatis nihil. Ea et adipisci vel sequi. Nobis quisquam molestiae et hic repellendus facere est.', '2017-06-17 17:28:22', '2017-06-17 17:28:22'),
(566, 771, 'Ut voluptas delectus voluptate ab omnis amet. Ipsa vitae et quo velit. Et omnis omnis tempore deserunt.', '2017-06-17 17:28:22', '2017-06-17 17:28:22'),
(567, 869, 'Ipsa aliquid id velit itaque perferendis incidunt tempora eos. Et quod dicta dolor commodi. Occaecati esse magnam unde molestiae exercitationem nihil sunt pariatur. Deleniti aut voluptatibus molestiae architecto sequi hic excepturi.', '2017-06-17 17:28:22', '2017-06-17 17:28:22'),
(568, 842, 'Magni omnis modi sapiente ullam sit facilis. Illum ad illo nulla. Omnis esse voluptatum sapiente officiis.', '2017-06-17 17:28:22', '2017-06-17 17:28:22'),
(569, 940, 'Et alias minus sed in eligendi. Autem quidem vel vitae voluptatem. Voluptatibus magnam omnis nulla iure aut molestiae occaecati.', '2017-06-17 17:28:22', '2017-06-17 17:28:22'),
(570, 867, 'Et hic soluta laudantium ducimus alias. Ea sint corrupti iure quis similique ea minima. Iste fugiat quis ullam distinctio quas quia et. Aut hic quisquam velit velit fuga ut.', '2017-06-17 17:28:22', '2017-06-17 17:28:22'),
(571, 859, 'Veniam provident nam soluta ut saepe rerum est. Fuga ullam repudiandae doloremque beatae necessitatibus reiciendis. Eaque sit pariatur aut doloremque veritatis temporibus. Recusandae dolorem dignissimos dicta excepturi labore repellat quibusdam ad.', '2017-06-17 17:28:22', '2017-06-17 17:28:22'),
(572, 739, 'Corrupti magni commodi et velit qui ratione aut recusandae. Voluptatibus inventore ipsum earum qui voluptatem qui ea cumque. Voluptatem hic atque nihil blanditiis officiis magnam aut. Iste modi suscipit sit ut.', '2017-06-17 17:28:22', '2017-06-17 17:28:22'),
(573, 664, 'Recusandae odit rem veniam inventore accusamus consectetur. In minus placeat quo eaque. Sapiente amet fugit facilis voluptates qui. Vitae aperiam facere magni adipisci.', '2017-06-17 17:28:22', '2017-06-17 17:28:22'),
(574, 560, 'Consequatur qui laboriosam quia alias et repellendus voluptatem. Vel et quis voluptas deserunt. Voluptatem dolor culpa architecto ratione saepe. Doloremque esse omnis voluptates nam praesentium repudiandae. Qui ducimus quibusdam qui non consectetur error.', '2017-06-17 17:28:22', '2017-06-17 17:28:22'),
(575, 840, 'Ut et nostrum consequuntur. Sint consectetur quia nobis. A debitis totam dolorem libero ratione est doloribus et. Sunt vitae et velit ipsa.', '2017-06-17 17:28:22', '2017-06-17 17:28:22'),
(576, 674, 'Quia atque animi iure. Veniam sint illo aut sed doloremque quae. Nihil quaerat ut commodi expedita doloribus nostrum. A et quis numquam ut.', '2017-06-17 17:28:23', '2017-06-17 17:28:23'),
(577, 846, 'Nihil cumque quam repellendus. Qui voluptatem aut sit nihil impedit vitae repellendus. Molestiae est quasi nam quos vitae officia.', '2017-06-17 17:28:23', '2017-06-17 17:28:23'),
(578, 579, 'Voluptatem minus officia enim enim. Harum eos et ab officiis natus libero ab. Alias neque rerum et aut eos atque quae debitis.', '2017-06-17 17:28:23', '2017-06-17 17:28:23'),
(579, 586, 'Vero voluptatem est quam cupiditate nisi. Autem illo inventore et quam dolore molestiae voluptatem. At a velit et consequuntur.', '2017-06-17 17:28:23', '2017-06-17 17:28:23'),
(580, 535, 'Mollitia id veniam dolores fugit consectetur eos. Et deserunt ut aspernatur et suscipit maxime. Blanditiis aut et quia nulla voluptatem magnam est.', '2017-06-17 17:28:23', '2017-06-17 17:28:23'),
(581, 805, 'Recusandae qui non voluptas ducimus eaque aut praesentium possimus. Qui inventore id aliquam est et blanditiis iure. Laborum error nobis autem quia nesciunt id quo.', '2017-06-17 17:28:23', '2017-06-17 17:28:23'),
(582, 842, 'Dolorem voluptatem quaerat vero tempore cupiditate. Laborum dolore qui et perspiciatis sunt asperiores. Praesentium eos rerum deserunt facere doloribus inventore sit rem.', '2017-06-17 17:28:23', '2017-06-17 17:28:23'),
(583, 768, 'Consequatur earum rerum ab alias non. Doloribus repellendus praesentium nisi soluta minima sint ipsam ullam. In dolorum alias ut odio aliquam. Nam maxime culpa consequatur.', '2017-06-17 17:28:23', '2017-06-17 17:28:23'),
(584, 560, 'In vero nihil dicta vero eaque ut aut. Ducimus eveniet quis error voluptatem fugiat modi. Doloribus dolores dolorem qui sequi sit voluptatem et.', '2017-06-17 17:28:23', '2017-06-17 17:28:23'),
(585, 628, 'Perspiciatis earum ex tempora ut et natus ut eaque. Dolorem amet earum iure explicabo omnis aut corrupti.', '2017-06-17 17:28:23', '2017-06-17 17:28:23'),
(586, 642, 'Omnis animi sunt id error ut quasi maxime sunt. Assumenda non explicabo dolorem dolor pariatur voluptas sit. Et illo soluta ut incidunt voluptatibus.', '2017-06-17 17:28:23', '2017-06-17 17:28:23'),
(587, 872, 'Molestiae doloribus et facilis eum expedita pariatur. Sed laborum neque saepe cumque est. Nam repellat culpa velit debitis quisquam quae animi tempora. Veniam dolores sint magnam voluptatem fugit.', '2017-06-17 17:28:23', '2017-06-17 17:28:23'),
(588, 582, 'Qui sapiente tenetur qui enim. Voluptatem nisi minus est consectetur officiis nostrum eos. Quisquam aut cumque mollitia. Quidem dolor qui magnam.', '2017-06-17 17:28:23', '2017-06-17 17:28:23'),
(589, 606, 'Amet repellendus optio aliquam voluptates soluta eos totam. Adipisci laboriosam tempora cumque et ut.', '2017-06-17 17:28:23', '2017-06-17 17:28:23'),
(590, 755, 'Qui molestiae quasi dolorum et quidem nihil iusto. Voluptas eveniet voluptate omnis aut aperiam dolor vitae et.', '2017-06-17 17:28:23', '2017-06-17 17:28:23'),
(591, 796, 'Quo rerum illo qui aut est est. Ducimus possimus et consequuntur quaerat ea molestiae neque totam. In et dolorem sit nesciunt dolorem praesentium id.', '2017-06-17 17:28:23', '2017-06-17 17:28:23'),
(592, 819, 'Dolorem doloribus quis qui sunt ex aut. Quia doloremque et quo debitis beatae. Quo dolores natus culpa enim. Officiis omnis esse explicabo dolorem ut consectetur quidem.', '2017-06-17 17:28:23', '2017-06-17 17:28:23'),
(593, 917, 'Similique at eveniet placeat quo. Consequatur ut totam ab qui quidem enim quisquam beatae. Quia quasi commodi hic maxime aut.', '2017-06-17 17:28:24', '2017-06-17 17:28:24'),
(594, 707, 'Ipsum quia iste sed deleniti doloribus illo aut et. Provident non odit ipsa sapiente numquam voluptatem quo. Ab temporibus neque facere ad voluptatem ut.', '2017-06-17 17:28:24', '2017-06-17 17:28:24'),
(595, 727, 'Atque voluptas et sunt nisi consequatur eum deleniti. Fugiat asperiores vel sunt sit reiciendis dolorem assumenda. Deleniti et consequatur et quis.', '2017-06-17 17:28:24', '2017-06-17 17:28:24'),
(596, 693, 'Et at optio repudiandae culpa iure dolor ut. Aliquid omnis ipsum rem aut aut aut. Dignissimos quos neque autem distinctio neque.', '2017-06-17 17:28:24', '2017-06-17 17:28:24'),
(597, 861, 'Ea sed sint recusandae praesentium culpa. Voluptatem cupiditate nobis non et et repellendus aut. Enim quam deserunt autem perspiciatis ut accusamus.', '2017-06-17 17:28:24', '2017-06-17 17:28:24'),
(598, 993, 'Et aliquam similique aut laudantium ea dolorem incidunt praesentium. Dolorem assumenda aliquid molestias molestiae. Quia ut culpa reprehenderit sit consequatur. Magni ea velit sint sed perferendis eius.', '2017-06-17 17:28:24', '2017-06-17 17:28:24'),
(599, 979, 'Molestiae iure facilis tenetur nisi expedita quae quibusdam. Eveniet molestias quam ipsa esse quia. Sit culpa non omnis et non et sequi. Perferendis dolores debitis voluptatem molestias maxime nisi deserunt.', '2017-06-17 17:28:24', '2017-06-17 17:28:24'),
(600, 740, 'Numquam voluptatem excepturi unde consequuntur rerum. Deleniti atque itaque tenetur nihil assumenda quibusdam molestiae. Eum sit dolorem laborum quam.', '2017-06-17 17:28:24', '2017-06-17 17:28:24'),
(601, 532, 'Maiores enim culpa neque. Deserunt ducimus at fugit repudiandae ut. Sed expedita minima praesentium vero quo sit laboriosam. Odio recusandae non pariatur non. Rerum corporis unde praesentium quo eius dolores.', '2017-06-17 17:28:24', '2017-06-17 17:28:24'),
(602, 891, 'Corporis aut recusandae et eaque dolore. Voluptatem quia sit eum accusamus aut voluptatum sed. Et ipsum repellendus et tempora placeat. Eos voluptate ad impedit eveniet asperiores aspernatur.', '2017-06-17 17:28:24', '2017-06-17 17:28:24'),
(603, 595, 'Animi aliquam repellendus ullam voluptates quidem est. Eos velit nesciunt nostrum dolorum quo rerum illum inventore. Ducimus aut officia aut impedit assumenda dolor.', '2017-06-17 17:28:24', '2017-06-17 17:28:24'),
(604, 553, 'Et minus maxime odio repellat excepturi quia. Laboriosam sunt sunt adipisci vel expedita. Sapiente et nisi quod tempora eligendi. Beatae temporibus voluptas laborum nam quidem corporis deleniti at.', '2017-06-17 17:28:24', '2017-06-17 17:28:24'),
(605, 850, 'Eos ut magnam eum nesciunt doloribus et quo quidem. Recusandae id dolorum id expedita laudantium nostrum. At alias dolores odit ut quam. Qui omnis eos maxime est.', '2017-06-17 17:28:24', '2017-06-17 17:28:24'),
(606, 516, 'Consequatur enim maiores non id earum vero. Porro nulla saepe iste quos harum ducimus. Facere voluptas saepe cupiditate ducimus. Accusamus eligendi sequi quaerat esse et reiciendis id. Voluptatum non aut qui laborum consectetur qui.', '2017-06-17 17:28:24', '2017-06-17 17:28:24'),
(607, 832, 'Suscipit quas vel sunt pariatur nostrum. Error perferendis dolore sint mollitia ad. In ut nesciunt officia animi velit.', '2017-06-17 17:28:24', '2017-06-17 17:28:24'),
(608, 862, 'Atque beatae reiciendis est sit dolor earum. Nihil minus fugit corrupti eos voluptates. Dicta asperiores nesciunt laudantium veniam sunt dolorem. Amet commodi aperiam neque repudiandae mollitia perferendis aut.', '2017-06-17 17:28:24', '2017-06-17 17:28:24'),
(609, 531, 'Vitae quo et aspernatur id ullam libero est et. Animi consequuntur architecto aliquid placeat distinctio incidunt. Et itaque commodi sit. Quod expedita necessitatibus maxime iure saepe et error.', '2017-06-17 17:28:24', '2017-06-17 17:28:24'),
(610, 751, 'Voluptatem officiis officia ut dolor iusto. Repudiandae et enim eos nostrum mollitia eaque nisi voluptatem. Quos aut excepturi ut ut eveniet corrupti. Possimus et sed aliquid perspiciatis facilis.', '2017-06-17 17:28:24', '2017-06-17 17:28:24'),
(611, 768, 'At soluta maiores impedit reprehenderit aut aut. Veniam blanditiis cumque enim quod possimus qui. Laudantium nihil ea quae ex rerum.', '2017-06-17 17:28:24', '2017-06-17 17:28:24'),
(612, 850, 'Aut rerum exercitationem sapiente nisi. Itaque similique dolor et perspiciatis. Et qui et sed tempore distinctio. Omnis voluptas amet dolorem.', '2017-06-17 17:28:24', '2017-06-17 17:28:24'),
(613, 801, 'Eius amet at quia porro aut. Molestias dolores laboriosam tempora amet rerum alias. Provident aut maiores officia voluptatem. Aliquid repellat qui quisquam eum accusantium.', '2017-06-17 17:28:24', '2017-06-17 17:28:24'),
(614, 865, 'Iste recusandae voluptatibus debitis ipsam et impedit doloremque. Omnis ipsam est cumque debitis dolores fugiat. Eum rerum ut nihil sunt laborum ut. Ut eaque velit perspiciatis dolorem et sapiente.', '2017-06-17 17:28:24', '2017-06-17 17:28:24'),
(615, 971, 'Temporibus et exercitationem est inventore et. Aliquid maxime vero adipisci aut error. Temporibus ipsum suscipit eaque consequatur consectetur. Possimus fugit eum quis.', '2017-06-17 17:28:25', '2017-06-17 17:28:25'),
(616, 996, 'Explicabo possimus labore non quibusdam ducimus asperiores veniam. Dolor pariatur quis sint explicabo alias. Laboriosam unde necessitatibus cupiditate consequatur autem eum.', '2017-06-17 17:28:25', '2017-06-17 17:28:25'),
(617, 879, 'Quasi et aut veniam et ipsa. Fugit sunt est quae nemo sequi et. Odit blanditiis iusto unde minima hic facilis qui. Suscipit ut vel blanditiis officiis nemo ut.', '2017-06-17 17:28:25', '2017-06-17 17:28:25'),
(618, 524, 'Ipsum aut pariatur harum officia maxime culpa. Odio ex soluta dignissimos repellat neque modi. Atque vitae soluta rerum error aut.', '2017-06-17 17:28:25', '2017-06-17 17:28:25'),
(619, 738, 'Est aut eaque molestias consequatur exercitationem inventore repellendus. Iusto est unde ad ullam voluptatem laudantium. Cum velit culpa nam animi. Velit dolorem accusamus est consectetur aliquam quam quis.', '2017-06-17 17:28:25', '2017-06-17 17:28:25'),
(620, 731, 'Itaque et corporis quia earum distinctio. Sint ut laboriosam accusamus quia optio reprehenderit aliquid dolor. Cum voluptas beatae maxime voluptatem et voluptatem dicta. Eius omnis enim nihil tempore corrupti.', '2017-06-17 17:28:25', '2017-06-17 17:28:25'),
(621, 676, 'Qui dolorum doloribus atque ut. Veniam temporibus quo voluptas quaerat eius.', '2017-06-17 17:28:25', '2017-06-17 17:28:25'),
(622, 978, 'Commodi unde quos consequatur aut. Rerum nobis explicabo voluptas aliquam minima. Ut placeat quia doloribus porro.', '2017-06-17 17:28:25', '2017-06-17 17:28:25'),
(623, 589, 'Excepturi est quia repellendus. Et eos ut sint vel repellat aut ducimus. Ab expedita et sunt quia non. Pariatur sint est laboriosam eius.', '2017-06-17 17:28:25', '2017-06-17 17:28:25'),
(624, 682, 'Recusandae aspernatur sint mollitia corporis voluptatem. Deleniti enim repudiandae quasi aut consequatur ut. Tempore unde enim cum.', '2017-06-17 17:28:25', '2017-06-17 17:28:25'),
(625, 759, 'In rerum molestiae ut repudiandae sed et. Nemo nobis non libero. Iure veniam quo non sunt.', '2017-06-17 17:28:25', '2017-06-17 17:28:25'),
(626, 682, 'Aut culpa sint illum quia. Accusamus ut dolorum nihil. Est quis quibusdam id sit reprehenderit est aut.', '2017-06-17 17:28:25', '2017-06-17 17:28:25'),
(627, 912, 'Quaerat perspiciatis ut rerum omnis voluptas. Eveniet sed in nesciunt quia. Libero molestiae officia labore ipsa aut.', '2017-06-17 17:28:25', '2017-06-17 17:28:25'),
(628, 727, 'Magnam dolorem nostrum omnis. Natus illum omnis fugit rerum culpa qui.', '2017-06-17 17:28:25', '2017-06-17 17:28:25'),
(629, 831, 'Non qui sint rem. Adipisci dicta voluptas rem quia rerum eum corrupti. Cumque nihil consequatur quam eum aut dolor. Qui rerum est labore sit praesentium maxime ut adipisci.', '2017-06-17 17:28:25', '2017-06-17 17:28:25'),
(630, 735, 'Sit eos deleniti optio assumenda dolores ut voluptate. Assumenda optio et fugiat aperiam. Eveniet molestiae ut maxime nihil ipsam et. Rerum qui error ut sunt eius.', '2017-06-17 17:28:25', '2017-06-17 17:28:25'),
(631, 969, 'Debitis inventore quas quia harum et dolorem. Earum mollitia repudiandae at at repudiandae. Sed aut doloremque qui eum nemo quam.', '2017-06-17 17:28:25', '2017-06-17 17:28:25'),
(632, 759, 'Amet autem ipsa et eveniet sapiente alias. Voluptas quae omnis et. Et dolores qui repellat odit.', '2017-06-17 17:28:25', '2017-06-17 17:28:25'),
(633, 621, 'Quaerat sit blanditiis id cum et. Et non quis voluptates consequatur. Suscipit voluptatem id molestiae voluptatem. Dicta facilis dolor distinctio mollitia eos.', '2017-06-17 17:28:25', '2017-06-17 17:28:25'),
(634, 923, 'Quisquam vel et suscipit est. Ipsam mollitia nam quis et et. Qui maxime quo aut aliquam cum voluptatem ut occaecati.', '2017-06-17 17:28:26', '2017-06-17 17:28:26'),
(635, 646, 'Pariatur eos quo porro voluptatem iste voluptas amet. Autem nam explicabo quidem labore non reiciendis molestiae laudantium. Eaque omnis aliquam nesciunt laudantium. Sit sit sit aliquid et quia.', '2017-06-17 17:28:26', '2017-06-17 17:28:26'),
(636, 764, 'Voluptas nobis voluptate nisi harum aut iure. Asperiores sequi aut itaque vel ut eos modi. Vel molestiae tenetur cum et consequuntur. Sint cupiditate modi consequatur aut minus dolorum officiis quas.', '2017-06-17 17:28:26', '2017-06-17 17:28:26'),
(637, 772, 'Assumenda hic qui quia debitis mollitia. Magnam optio voluptatem commodi fugit ut sed ex beatae. Est totam illo ex explicabo natus laborum.', '2017-06-17 17:28:26', '2017-06-17 17:28:26'),
(638, 957, 'Veritatis eveniet laudantium aliquam dolorem aut deleniti aut iure. Cum sint unde eius ipsa molestias qui harum dolorem. Rerum est qui qui ab aspernatur aut ut. A minus et aliquam ab.', '2017-06-17 17:28:26', '2017-06-17 17:28:26'),
(639, 991, 'Voluptas soluta consectetur exercitationem nam reprehenderit. Deleniti vel sit reprehenderit voluptatem consequatur reprehenderit eum. Reiciendis quos enim quia neque voluptates consequatur ut. Et non omnis fuga et exercitationem.', '2017-06-17 17:28:26', '2017-06-17 17:28:26'),
(640, 925, 'Debitis ipsa magni illum inventore molestiae. Est veritatis ipsam modi. Aut eaque suscipit facilis quia cum eaque. Adipisci aut vitae laudantium laudantium neque. Vero vero ex amet doloribus omnis.', '2017-06-17 17:28:26', '2017-06-17 17:28:26'),
(641, 703, 'Pariatur ad voluptas voluptates beatae voluptatum. Consequuntur ex tempora alias officiis et id nemo. Hic ut et temporibus dolores ullam. Deserunt velit molestias aut saepe voluptas.', '2017-06-17 17:28:26', '2017-06-17 17:28:26'),
(642, 775, 'In et consequatur at rerum quas nihil quam. Eius omnis sint facere quo quia itaque aut. Consequuntur ab sint dolorem aspernatur maxime consequatur dignissimos. Voluptas commodi voluptas dolore et corporis mollitia.', '2017-06-17 17:28:26', '2017-06-17 17:28:26'),
(643, 957, 'Recusandae aspernatur commodi voluptatem deleniti ut recusandae. Inventore exercitationem velit placeat magni sit et velit et. Sit est aut accusamus.', '2017-06-17 17:28:26', '2017-06-17 17:28:26'),
(644, 866, 'Assumenda laborum quaerat culpa. Vero quod impedit dolores consequatur voluptate molestiae voluptatem.', '2017-06-17 17:28:26', '2017-06-17 17:28:26'),
(645, 864, 'Et quod fugiat repudiandae voluptatem modi quis voluptatibus. Accusamus numquam modi explicabo consequatur in. Id est quidem culpa molestias molestiae doloribus. Et aliquam reprehenderit quo quae quia.', '2017-06-17 17:28:26', '2017-06-17 17:28:26'),
(646, 589, 'Et et minima animi eius dolorum consequatur. Voluptas amet molestiae nobis delectus. Sit id et voluptatem quisquam necessitatibus. Maxime a illum deleniti non quo enim qui.', '2017-06-17 17:28:26', '2017-06-17 17:28:26'),
(647, 840, 'Voluptas eligendi ea nisi possimus. Quas perspiciatis quasi aliquam ut. Nam similique nihil et hic et.', '2017-06-17 17:28:26', '2017-06-17 17:28:26'),
(648, 911, 'Delectus omnis veritatis aut impedit maxime illum nihil. In suscipit neque veniam recusandae nulla et earum. Eveniet iste aut voluptatem commodi consequatur expedita. Omnis qui labore pariatur suscipit cum.', '2017-06-17 17:28:26', '2017-06-17 17:28:26'),
(649, 712, 'Quia sit fugiat accusamus. Amet quasi facere excepturi omnis quo. In molestiae quam eligendi dicta quasi repellat. Autem a quaerat culpa voluptas.', '2017-06-17 17:28:26', '2017-06-17 17:28:26'),
(650, 526, 'Fugit eius similique impedit voluptatum. Explicabo quia accusantium ullam vitae excepturi. Ut sit facilis cum minus autem dolorum explicabo dolorem.', '2017-06-17 17:28:26', '2017-06-17 17:28:26'),
(651, 688, 'Magnam cupiditate porro nam sequi aut non maiores sit. Voluptatibus facere laudantium ut vel dolor nostrum. Quam omnis laborum culpa omnis consequatur impedit.', '2017-06-17 17:28:26', '2017-06-17 17:28:26'),
(652, 832, 'Doloremque ipsam porro iste corrupti. Et non velit doloremque impedit voluptatibus fuga. Consequatur magnam et necessitatibus.', '2017-06-17 17:28:26', '2017-06-17 17:28:26'),
(653, 765, 'Sunt ex iure odio. Optio quibusdam esse ipsa laborum. Non quo consequatur saepe in numquam.', '2017-06-17 17:28:26', '2017-06-17 17:28:26'),
(654, 848, 'Nemo quaerat sunt nesciunt itaque cupiditate aut quam. Non voluptatem nobis ut voluptate voluptatem reiciendis doloremque. Et est accusantium quod hic quaerat sed occaecati.', '2017-06-17 17:28:26', '2017-06-17 17:28:26'),
(655, 506, 'Laudantium sequi sequi sed voluptatem. Et quos eum est voluptas. Ut est aliquam mollitia est corrupti laudantium.', '2017-06-17 17:28:27', '2017-06-17 17:28:27'),
(656, 888, 'Rem temporibus dicta officiis. Recusandae mollitia unde ex similique. Error quis cumque assumenda dolores necessitatibus impedit sequi. Eum saepe animi in ipsum odio omnis eum explicabo. Dolor magni unde ipsam sapiente dolorem libero aut.', '2017-06-17 17:28:27', '2017-06-17 17:28:27'),
(657, 551, 'Repellat accusamus aut sunt voluptas quia aut placeat. Eius corporis ab optio et magni officia ex vel. Nihil quam aut dolores consequatur illum. Sequi aut amet voluptatem qui libero.', '2017-06-17 17:28:27', '2017-06-17 17:28:27'),
(658, 580, 'Voluptas voluptas numquam quis sit laboriosam. Quibusdam fuga accusantium accusantium ullam. Tenetur sapiente et sapiente eos voluptatem.', '2017-06-17 17:28:27', '2017-06-17 17:28:27'),
(659, 779, 'Tempore exercitationem qui molestiae illum. In debitis voluptas deserunt est molestiae eum. Ea adipisci et rem esse voluptatem culpa esse explicabo. Velit aperiam placeat rerum ducimus eum. Est beatae sit ipsum temporibus molestiae.', '2017-06-17 17:28:27', '2017-06-17 17:28:27'),
(660, 660, 'Quae et enim at voluptas. Dolores in sit dolores et occaecati recusandae. Accusamus itaque sed enim quasi et. Impedit quia rerum nobis sint.', '2017-06-17 17:28:27', '2017-06-17 17:28:27'),
(661, 569, 'Minus iure explicabo temporibus incidunt magni. Rerum vel quibusdam non similique sequi consequuntur quo. Reprehenderit eius dolorem architecto velit. Incidunt corporis ut et dolorem repellendus.', '2017-06-17 17:28:27', '2017-06-17 17:28:27'),
(662, 841, 'Libero dolores in rem expedita alias labore sequi. Est id voluptatum sint quis ut ut. Doloremque quia laboriosam laboriosam sint aliquid molestiae rerum.', '2017-06-17 17:28:27', '2017-06-17 17:28:27'),
(663, 673, 'Ut natus consequatur fugit. Qui est et ut itaque. Eveniet voluptas sed aut placeat quas.', '2017-06-17 17:28:27', '2017-06-17 17:28:27'),
(664, 711, 'Ut provident velit nam sequi. Quod eligendi possimus non optio nam aut. Tempore pariatur aliquam ex quia libero.', '2017-06-17 17:28:27', '2017-06-17 17:28:27'),
(665, 708, 'Neque deleniti vitae labore et voluptas aut magni et. Non vero inventore quam esse perferendis eos. Voluptatem facere nobis nemo omnis nihil nisi.', '2017-06-17 17:28:27', '2017-06-17 17:28:27'),
(666, 757, 'Repudiandae ut dolore iusto aut. Veniam deserunt ratione quam vero veritatis voluptas. Et sapiente assumenda nulla consequatur velit aliquam. Sed non voluptas omnis a reprehenderit voluptatem reprehenderit ducimus. Accusantium ut adipisci nesciunt placeat', '2017-06-17 17:28:27', '2017-06-17 17:28:27'),
(667, 989, 'Expedita minima incidunt mollitia consectetur mollitia voluptatem. Dolor illo ut fuga nam fugit. Officia labore distinctio alias aut sit. Dicta reiciendis vel sed officiis itaque. Illum consequuntur sit rerum maxime sed dolor.', '2017-06-17 17:28:27', '2017-06-17 17:28:27'),
(668, 545, 'Ut qui vero qui exercitationem fugiat. Maiores sit quisquam est facere quae mollitia. Ea eaque magni occaecati fuga.', '2017-06-17 17:28:27', '2017-06-17 17:28:27'),
(669, 664, 'Ea tempora ut accusamus. Ut cupiditate vero distinctio quos est. Maiores dolorem ut natus voluptates quo. Sunt vitae sit ducimus quidem.', '2017-06-17 17:28:27', '2017-06-17 17:28:27'),
(670, 646, 'Excepturi ab magni beatae sunt sequi. Est voluptas vitae et dolorem minus. Consequuntur eaque quis ut consequatur nam odio quos. Reiciendis repellat aut aut earum. Nostrum placeat et veritatis accusantium.', '2017-06-17 17:28:27', '2017-06-17 17:28:27'),
(671, 862, 'Natus amet est sint nihil corrupti. Rerum fugiat architecto ab aperiam. Doloribus quisquam eum minima quas eaque cum. Vero distinctio dolor pariatur quam omnis nobis nobis. Architecto omnis voluptatem non quidem est.', '2017-06-17 17:28:27', '2017-06-17 17:28:27'),
(672, 998, 'Autem ea fugiat animi. Ullam asperiores fuga possimus pariatur enim dolorem officiis. Numquam consequatur labore repellendus doloremque ex qui.', '2017-06-17 17:28:27', '2017-06-17 17:28:27'),
(673, 647, 'Deserunt aut amet voluptate rerum quia. Est sed tempore quam assumenda tempore. Dolor ut sit maiores.', '2017-06-17 17:28:28', '2017-06-17 17:28:28'),
(674, 684, 'Maiores quis quod culpa omnis totam excepturi et. Aperiam accusamus nobis necessitatibus assumenda sed. Et perferendis deserunt ad exercitationem aut.', '2017-06-17 17:28:28', '2017-06-17 17:28:28'),
(675, 847, 'Aut rerum omnis quia dolor. Ut quidem quia eveniet ut sit. Fugit magni possimus voluptas excepturi adipisci minima autem. Doloremque ut quidem beatae.', '2017-06-17 17:28:28', '2017-06-17 17:28:28'),
(676, 668, 'Itaque minima odit quia ullam molestiae eum. Ut temporibus dolor numquam iste. Autem est tempora dignissimos exercitationem et aliquam non.', '2017-06-17 17:28:28', '2017-06-17 17:28:28'),
(677, 798, 'Nulla quis et maxime qui. Pariatur voluptate expedita in dolores officia sit corrupti. Sed eos neque esse et cumque exercitationem. Culpa nostrum enim possimus iusto sit.', '2017-06-17 17:28:28', '2017-06-17 17:28:28'),
(678, 842, 'Rerum et in est at hic. Eaque quasi laudantium voluptatem consequuntur sequi sint molestiae.', '2017-06-17 17:28:28', '2017-06-17 17:28:28'),
(679, 558, 'Eum ipsa sint ut voluptatem. Ut voluptas commodi qui molestiae.', '2017-06-17 17:28:28', '2017-06-17 17:28:28'),
(680, 642, 'Accusantium molestiae dolores omnis perspiciatis soluta adipisci rem suscipit. Velit voluptatibus repellendus quod eum ut facilis at. Veritatis libero voluptatibus doloremque qui mollitia.', '2017-06-17 17:28:28', '2017-06-17 17:28:28'),
(681, 657, 'Temporibus dicta repellat esse beatae numquam et sit. Neque et fugit sunt. Cupiditate debitis ut nulla labore odio minus molestiae blanditiis.', '2017-06-17 17:28:28', '2017-06-17 17:28:28'),
(682, 989, 'Omnis et nihil temporibus quo aut quae at. Accusantium nihil molestiae earum fuga labore dolor qui. Ea rerum itaque quam veniam accusamus. Consectetur vel voluptates numquam eius ea odio odit.', '2017-06-17 17:28:28', '2017-06-17 17:28:28'),
(683, 936, 'Officiis distinctio rem ea blanditiis. Voluptates eveniet sunt autem est. Dolores aperiam tenetur perferendis.', '2017-06-17 17:28:28', '2017-06-17 17:28:28'),
(684, 975, 'Magnam distinctio maxime sint eaque enim. Est laborum placeat reiciendis nisi et. Eum dolores laudantium sequi ut exercitationem quae ad. Quia eos enim esse debitis cumque nesciunt. Quia animi enim magni aliquid ut.', '2017-06-17 17:28:28', '2017-06-17 17:28:28'),
(685, 590, 'Perferendis debitis voluptas illum iure totam. Enim iure est ut molestiae delectus. Voluptas minima dolor veritatis laudantium fugit labore accusamus voluptate. Voluptas ut dolor id vero.', '2017-06-17 17:28:28', '2017-06-17 17:28:28'),
(686, 590, 'Odit maiores et ab at. Quam labore voluptatem nam. Aut accusantium dicta possimus sed dolores dolore. Blanditiis nihil quia quasi dolorem magnam.', '2017-06-17 17:28:28', '2017-06-17 17:28:28'),
(687, 712, 'Rerum voluptas eos omnis ab. Eius aut harum saepe facere sed nihil aut. Assumenda aperiam quos est porro facere.', '2017-06-17 17:28:28', '2017-06-17 17:28:28'),
(688, 556, 'Ea aut nobis voluptas. Reprehenderit quia sunt modi ex. Doloribus sunt eligendi et.', '2017-06-17 17:28:28', '2017-06-17 17:28:28'),
(689, 526, 'Natus id est expedita ut aperiam. Cupiditate est voluptatem sit doloremque quas et.', '2017-06-17 17:28:28', '2017-06-17 17:28:28'),
(690, 899, 'Enim voluptate ratione et qui sunt quae ipsa. Molestiae voluptatem praesentium nisi rem ut hic. Quia aut tenetur a iusto. Et hic eos dolore quia adipisci.', '2017-06-17 17:28:28', '2017-06-17 17:28:28'),
(691, 727, 'Quam atque quos enim tempore et. Voluptatem optio ut molestiae iusto. Fugiat debitis et perspiciatis ea quia quis ad.', '2017-06-17 17:28:28', '2017-06-17 17:28:28'),
(692, 618, 'Quis fuga cum ut laborum voluptatem et impedit. Quia blanditiis atque quia expedita et tenetur voluptatem. Aut deserunt aut tempore quia iure. Aliquam eum tempore tenetur neque laudantium.', '2017-06-17 17:28:28', '2017-06-17 17:28:28'),
(693, 828, 'Dicta dolores distinctio hic rerum aperiam quo. Ducimus dolores ut tempora. Ratione rerum sapiente quas pariatur. Accusantium facere animi voluptatem.', '2017-06-17 17:28:28', '2017-06-17 17:28:28'),
(694, 682, 'Hic et non temporibus temporibus minus natus nostrum aut. Rerum rem sed doloribus voluptas perferendis et.', '2017-06-17 17:28:28', '2017-06-17 17:28:28'),
(695, 909, 'Cupiditate ut perferendis exercitationem amet aut. Nemo voluptas dolor eos cupiditate. Aut rerum unde quo autem et quos enim. Sed facere et illum molestiae commodi doloribus.', '2017-06-17 17:28:29', '2017-06-17 17:28:29'),
(696, 685, 'Nam dicta consequatur nesciunt qui. Deleniti in dolor quia esse ullam. Ut eos at aperiam ex. Eos et rerum maxime quia sed consequatur consequatur.', '2017-06-17 17:28:29', '2017-06-17 17:28:29'),
(697, 692, 'Eum ipsam distinctio quaerat sunt quam laborum quas. Ab distinctio sit et maxime voluptas in omnis. Libero assumenda optio similique molestias cum assumenda alias ducimus. Qui ipsa ducimus dolore quis cum.', '2017-06-17 17:28:29', '2017-06-17 17:28:29'),
(698, 553, 'Consequatur quis error et odit ducimus. Vero hic debitis dolore nam facere nisi.', '2017-06-17 17:28:29', '2017-06-17 17:28:29'),
(699, 943, 'Voluptates in qui similique facilis pariatur magni provident. Sint ullam est consectetur. Fuga voluptatem ipsa debitis dicta ipsa. Tenetur iure harum laborum incidunt ipsa. Quod quaerat veniam sint quo omnis dolores nihil.', '2017-06-17 17:28:29', '2017-06-17 17:28:29'),
(700, 578, 'Eaque numquam enim atque commodi voluptatibus tempore. Voluptatem quae rerum ut dolore. Nisi error consequuntur rem. Aut qui ex cumque eos deserunt veniam.', '2017-06-17 17:28:29', '2017-06-17 17:28:29'),
(701, 827, 'Impedit ut dolorum consequatur quos. Dicta sunt itaque laborum aspernatur. Qui architecto ut quaerat quos voluptates eum voluptatibus rerum. Magnam asperiores magnam qui nemo magni.', '2017-06-17 17:28:29', '2017-06-17 17:28:29'),
(702, 616, 'Ab beatae quis vel. Quo laudantium ut optio. Perspiciatis harum itaque iste perspiciatis autem qui.', '2017-06-17 17:28:29', '2017-06-17 17:28:29'),
(703, 596, 'Culpa nam consequatur quia nesciunt vel inventore delectus. Saepe itaque voluptatibus odio perferendis illum vel voluptatem accusantium. Architecto dolorem quibusdam assumenda. Tenetur corrupti soluta nesciunt quae error ea tenetur.', '2017-06-17 17:28:29', '2017-06-17 17:28:29'),
(704, 902, 'Et autem et sapiente magni. Ratione nisi eos omnis quia illum aperiam. Perferendis id porro nihil nemo commodi repellendus. Culpa veniam minima animi id impedit similique et.', '2017-06-17 17:28:29', '2017-06-17 17:28:29'),
(705, 733, 'Enim nisi soluta quia unde qui. Necessitatibus ducimus deserunt qui autem amet placeat delectus in. Quis consequuntur dolorem voluptates voluptatum.', '2017-06-17 17:28:29', '2017-06-17 17:28:29'),
(706, 939, 'Sunt fugiat consequuntur reiciendis illo. Quia dignissimos repellat ab commodi. Dolores expedita nesciunt nesciunt asperiores inventore mollitia. Aut repellat laboriosam quis voluptatibus.', '2017-06-17 17:28:29', '2017-06-17 17:28:29'),
(707, 904, 'Magnam possimus voluptatem ullam at. Non assumenda ipsam labore ipsam blanditiis. Temporibus eum rerum excepturi nihil voluptatem expedita.', '2017-06-17 17:28:29', '2017-06-17 17:28:29'),
(708, 690, 'Porro itaque suscipit ab debitis. Error aut voluptas ut et. Id consectetur velit voluptatem voluptatum numquam recusandae in iure. Magnam debitis ducimus repellendus laborum architecto in. Inventore et repellendus repellat quae suscipit sit explicabo itaq', '2017-06-17 17:28:29', '2017-06-17 17:28:29'),
(709, 985, 'Aliquid temporibus consectetur doloribus aut minus quia voluptas. Voluptate quibusdam et nihil esse. Sed nisi quo quia doloremque eum dolorum aliquam.', '2017-06-17 17:28:29', '2017-06-17 17:28:29'),
(710, 814, 'Optio deserunt vero praesentium praesentium deserunt. Ut quia quam tempore commodi iure quae. Quia est dolorem officia vel molestias perspiciatis ut.', '2017-06-17 17:28:29', '2017-06-17 17:28:29'),
(711, 633, 'Ut et velit aut nam asperiores veritatis. Sit distinctio in explicabo alias veniam. Repellat ipsam impedit illum quod deserunt aut.', '2017-06-17 17:28:29', '2017-06-17 17:28:29'),
(712, 895, 'Nisi ad exercitationem iusto nihil hic porro nam. Quia totam nulla repellendus hic expedita autem rerum. Dolorem laborum voluptas cupiditate beatae sint ducimus quaerat. Dolores ut dolores aut quia consequatur totam quis.', '2017-06-17 17:28:29', '2017-06-17 17:28:29'),
(713, 769, 'Enim inventore occaecati architecto in. Ipsam ullam dolorem ad incidunt laudantium error ut. Enim enim voluptatem fugit minima quos provident dolor. Animi ex ea veritatis consequatur.', '2017-06-17 17:28:29', '2017-06-17 17:28:29'),
(714, 685, 'Aut ut autem illo alias. Facilis magnam quae quam voluptate velit vero. Et molestias necessitatibus numquam vitae sint soluta molestiae.', '2017-06-17 17:28:30', '2017-06-17 17:28:30'),
(715, 822, 'Sit hic ipsum aspernatur non quis et earum numquam. Et fugiat reprehenderit commodi id ea. Qui quis similique odit molestias inventore architecto quia et. Quia autem quaerat dolor fugiat quo.', '2017-06-17 17:28:30', '2017-06-17 17:28:30'),
(716, 839, 'Facilis est nostrum odio ea commodi. Delectus incidunt eius aspernatur nam et. Ad odit non ea. Rerum molestiae vero deserunt praesentium molestias corporis explicabo.', '2017-06-17 17:28:30', '2017-06-17 17:28:30'),
(717, 917, 'Id corporis non fugiat et tenetur. Harum quasi voluptatum minima labore ut perferendis debitis. Veritatis quia veritatis eius dolor quaerat.', '2017-06-17 17:28:30', '2017-06-17 17:28:30'),
(718, 852, 'Veniam aut est aut esse quia enim ut minima. Aut aut eum non vero. Quod saepe amet nobis voluptatem. Sit qui quaerat porro omnis vel non.', '2017-06-17 17:28:30', '2017-06-17 17:28:30'),
(719, 527, 'Aut suscipit commodi rerum et ducimus libero. Sit et id ut consectetur ut molestiae. Qui sed tempore est est delectus.', '2017-06-17 17:28:30', '2017-06-17 17:28:30'),
(720, 738, 'Dolore adipisci corporis a reprehenderit qui optio. Incidunt et quis sit eligendi dolore. Ut quo odio architecto qui magnam.', '2017-06-17 17:28:30', '2017-06-17 17:28:30'),
(721, 989, 'Fugit consequatur ipsam laboriosam expedita reiciendis inventore eum cumque. Cumque optio eius minima ipsam voluptatibus. A id dicta qui asperiores sequi. Amet incidunt laboriosam aut sint unde non aperiam magni.', '2017-06-17 17:28:30', '2017-06-17 17:28:30'),
(722, 658, 'Et eos sit quos quo voluptatem debitis. Quidem rerum sapiente ab vel provident maxime. Aut eveniet itaque magnam qui et dolorum.', '2017-06-17 17:28:30', '2017-06-17 17:28:30'),
(723, 541, 'Tempora maiores sit quibusdam. Et vero atque et quasi quia earum reprehenderit. Nesciunt dolorum ad sequi at est.', '2017-06-17 17:28:30', '2017-06-17 17:28:30'),
(724, 786, 'Sit temporibus sapiente autem est. Enim velit excepturi culpa dolore eos consectetur. Vero aut eligendi voluptate perspiciatis consequatur eos earum. Unde quaerat nisi doloremque eius ut tempora.', '2017-06-17 17:28:30', '2017-06-17 17:28:30'),
(725, 766, 'Dolores minus molestias esse veniam impedit ducimus. Aut totam aperiam deserunt dolores aliquam sunt. Cum sed ea accusamus.', '2017-06-17 17:28:30', '2017-06-17 17:28:30'),
(726, 964, 'Sapiente hic corporis mollitia sapiente. Velit aut aut repellat quo quo praesentium molestiae. Consequatur qui cumque facere atque enim accusantium. Et optio et doloribus et et.', '2017-06-17 17:28:30', '2017-06-17 17:28:30'),
(727, 832, 'Qui et facere sed beatae asperiores reiciendis. Est expedita et totam nihil. Aut id voluptatem quaerat aut sequi est. Odit provident et voluptatem quos eius totam hic. Sit tempore provident quos eum necessitatibus eaque sunt.', '2017-06-17 17:28:30', '2017-06-17 17:28:30'),
(728, 816, 'Non quia ut libero possimus in quo. Cum quia dolore et natus voluptatibus sed. Cumque laboriosam nulla qui quibusdam dolor. Debitis quasi molestiae adipisci magni. Error repellat id ut ut.', '2017-06-17 17:28:30', '2017-06-17 17:28:30'),
(729, 680, 'Optio eos animi et et. Incidunt tempora sequi et non quam cum et. Eum nihil sint perferendis debitis consequatur veritatis iusto aut. Harum veritatis sequi quia.', '2017-06-17 17:28:30', '2017-06-17 17:28:30');
INSERT INTO `posts` (`id`, `user_id`, `title`, `created_at`, `updated_at`) VALUES
(730, 883, 'Deleniti voluptatem optio ex animi ea perspiciatis. Eius saepe impedit sequi voluptatem sed vel. Fugiat eligendi sed ut repudiandae earum laboriosam minima. Facilis dolore ipsa architecto deserunt quo quia.', '2017-06-17 17:28:30', '2017-06-17 17:28:30'),
(731, 971, 'Ut et dolores est sit sit et. Eligendi magnam excepturi libero architecto. Mollitia voluptas unde rerum et architecto asperiores. Veniam sint sint cumque est cumque eos sed.', '2017-06-17 17:28:30', '2017-06-17 17:28:30'),
(732, 764, 'Suscipit impedit occaecati adipisci voluptatibus veritatis laudantium ipsum. Iure earum excepturi voluptate sequi assumenda. Rerum vitae culpa nemo quasi ut laborum. Commodi illo magnam suscipit dolores cumque molestias sit.', '2017-06-17 17:28:30', '2017-06-17 17:28:30'),
(733, 678, 'Nostrum quam natus sint qui aut. Est beatae officia tenetur natus rem in sint. Voluptatum labore blanditiis beatae autem.', '2017-06-17 17:28:30', '2017-06-17 17:28:30'),
(734, 813, 'Qui illum eveniet dolorem laudantium autem. Quia qui libero eveniet nesciunt autem molestiae. Voluptatem modi quas ut sequi aut.', '2017-06-17 17:28:30', '2017-06-17 17:28:30'),
(735, 776, 'Et aut harum dolores quas et asperiores. Repudiandae illum eos accusamus. Consequatur eos nobis aliquam a nesciunt est.', '2017-06-17 17:28:30', '2017-06-17 17:28:30'),
(736, 898, 'Nostrum ad corporis itaque totam odio impedit. Sit optio ipsa esse explicabo id. Nulla sed velit magni est ut sit occaecati ut. Nulla maxime dolor esse et cum magnam.', '2017-06-17 17:28:31', '2017-06-17 17:28:31'),
(737, 760, 'Debitis blanditiis qui provident cupiditate odit. Quia soluta ducimus rerum dolorem error odit. Minima qui omnis eum et eos tempore. Quidem iusto rerum aut totam accusamus veritatis.', '2017-06-17 17:28:31', '2017-06-17 17:28:31'),
(738, 764, 'Voluptate aspernatur ut eligendi. Dolorum laudantium repellendus voluptatibus velit et commodi et nam.', '2017-06-17 17:28:31', '2017-06-17 17:28:31'),
(739, 550, 'Officiis quia ipsum aut est aliquam. Sed voluptatem quam et deleniti dolor maiores.', '2017-06-17 17:28:31', '2017-06-17 17:28:31'),
(740, 712, 'Et id voluptas voluptatibus error. Qui cum ipsa dignissimos harum.', '2017-06-17 17:28:31', '2017-06-17 17:28:31'),
(741, 661, 'Et quisquam adipisci in necessitatibus aut. Nam incidunt deserunt est nulla voluptatem ut incidunt. Beatae est et qui. Quis quod unde culpa illo necessitatibus nam eius.', '2017-06-17 17:28:31', '2017-06-17 17:28:31'),
(742, 916, 'Assumenda molestias ut dolor dolorem. Est quasi beatae facere rem voluptatem. Adipisci molestiae ea et dignissimos explicabo quia.', '2017-06-17 17:28:31', '2017-06-17 17:28:31'),
(743, 888, 'Itaque sit earum veritatis. Animi quas ut ut dolores cumque in ipsum. Perferendis nemo accusamus molestiae esse. Enim earum ut reiciendis aspernatur.', '2017-06-17 17:28:31', '2017-06-17 17:28:31'),
(744, 658, 'Tempora voluptatem harum et. Nemo explicabo eius autem.', '2017-06-17 17:28:31', '2017-06-17 17:28:31'),
(745, 589, 'Sunt quasi enim ea sunt voluptates corporis voluptatem. Eaque placeat possimus aut cupiditate blanditiis aut. Recusandae qui labore perferendis voluptatem aut occaecati. Vel eveniet ut dolores voluptatibus aliquam. Dicta ex fuga sed minima alias ut volupt', '2017-06-17 17:28:31', '2017-06-17 17:28:31'),
(746, 822, 'Vel nam odit voluptate perspiciatis maxime vel ipsam. Odio sit ex ipsum est. Enim et delectus dolor id. Sunt est et pariatur asperiores. Aut doloribus est quisquam expedita distinctio voluptas ad.', '2017-06-17 17:28:31', '2017-06-17 17:28:31'),
(747, 502, 'Et et voluptas at veritatis. Illum voluptatibus aspernatur vel qui praesentium aut maiores beatae. Eaque atque enim ut corrupti reprehenderit incidunt minima.', '2017-06-17 17:28:31', '2017-06-17 17:28:31'),
(748, 735, 'Rem culpa ut illo dicta doloremque. Illo voluptatum similique quos eum et. Ut nihil omnis natus quos sapiente illum voluptatem.', '2017-06-17 17:28:31', '2017-06-17 17:28:31'),
(749, 777, 'Labore nisi qui laboriosam eius voluptas. Quos eum in numquam laborum facere. Praesentium exercitationem qui cum illo ducimus qui. Ratione voluptatum aut occaecati dignissimos.', '2017-06-17 17:28:31', '2017-06-17 17:28:31'),
(750, 715, 'Reiciendis ducimus odit rem voluptas dolorem ut officiis. Veniam sint minus illum tempora. Error autem quis sit eius minima eveniet. Rerum qui in in ipsam ut dignissimos. Nesciunt possimus tempora dolores laudantium.', '2017-06-17 17:28:31', '2017-06-17 17:28:31'),
(751, 1001, 'Similique praesentium quia ex. Deleniti consequatur dolore laudantium quis nemo. Error nostrum blanditiis ex omnis nam asperiores.', '2017-06-17 17:28:31', '2017-06-17 17:28:31'),
(752, 720, 'Velit nobis excepturi totam tempore saepe est. Fugiat pariatur soluta soluta doloribus. Magni perspiciatis voluptate architecto. Minima dicta dolor qui officia error veniam.', '2017-06-17 17:28:31', '2017-06-17 17:28:31'),
(753, 805, 'Voluptatibus rerum molestias eius unde aut et architecto saepe. Explicabo quo officia qui omnis excepturi et. Necessitatibus voluptas id repudiandae fugiat dolor ut neque. Quo earum optio in eligendi alias reprehenderit eum.', '2017-06-17 17:28:31', '2017-06-17 17:28:31'),
(754, 868, 'Ad quis temporibus qui nesciunt consequatur sit. Voluptatem velit quia est. Dolor soluta et enim autem vitae et.', '2017-06-17 17:28:31', '2017-06-17 17:28:31'),
(755, 575, 'Facere esse dolore consequatur recusandae mollitia hic qui quidem. Dicta assumenda voluptates aspernatur vitae. Exercitationem et veniam sit. Est rerum temporibus rem quia laudantium.', '2017-06-17 17:28:31', '2017-06-17 17:28:31'),
(756, 527, 'Eaque quia et autem iste modi itaque. Quidem necessitatibus est minima nihil quod repellendus sit. Doloribus quasi beatae eius incidunt ea aut.', '2017-06-17 17:28:31', '2017-06-17 17:28:31'),
(757, 856, 'Magni at natus est quos. Odit vitae dolorem id ut quia suscipit consequatur dolores. Neque qui eum aliquid temporibus. Perferendis quod tempore accusantium nihil.', '2017-06-17 17:28:32', '2017-06-17 17:28:32'),
(758, 967, 'Eum odio iste dolor ea qui in. Sit voluptate culpa at sapiente cumque voluptas. Culpa est consectetur nihil corporis.', '2017-06-17 17:28:32', '2017-06-17 17:28:32'),
(759, 942, 'Pariatur provident est est tempore eos fugiat. Illum qui reiciendis voluptas cupiditate aut libero repudiandae. Quasi earum architecto molestiae enim harum nam.', '2017-06-17 17:28:32', '2017-06-17 17:28:32'),
(760, 688, 'Nostrum qui praesentium praesentium impedit aliquam quia. Quia in quidem in delectus. Debitis sed adipisci quidem omnis dolor voluptatum nihil doloribus.', '2017-06-17 17:28:32', '2017-06-17 17:28:32'),
(761, 973, 'Aut rerum ut beatae ullam quo. Laboriosam qui quisquam quidem ab qui quis sit. Fugiat minus aut eum ut minima magni. Voluptates accusantium aut excepturi et.', '2017-06-17 17:28:32', '2017-06-17 17:28:32'),
(762, 889, 'Eos aut repellat eos provident voluptatibus tenetur aut cupiditate. Distinctio sed doloremque dolor soluta quae ducimus. Sit similique amet est et.', '2017-06-17 17:28:32', '2017-06-17 17:28:32'),
(763, 938, 'Accusantium eaque ullam aspernatur sit voluptatibus incidunt. Quis voluptatum maiores labore doloremque quae dolores. Ullam nesciunt laborum ut dolorem autem natus quibusdam. Rerum illum et consequatur officia atque quasi aspernatur.', '2017-06-17 17:28:32', '2017-06-17 17:28:32'),
(764, 777, 'Illum similique nihil voluptatum iusto aut et ipsam. Unde quaerat suscipit sit commodi. Corrupti iure optio et qui rerum laudantium eos. Accusamus in in ut sunt doloribus nihil dolorem rem.', '2017-06-17 17:28:32', '2017-06-17 17:28:32'),
(765, 947, 'Aut nihil iure nam iusto nulla. Assumenda in eos quis deserunt ex. Saepe maiores et sequi magnam voluptatem nam. Et et voluptas qui dolor voluptas ut.', '2017-06-17 17:28:32', '2017-06-17 17:28:32'),
(766, 957, 'Alias recusandae fugit tenetur est quae nobis aut. Eos culpa et voluptatibus autem qui deleniti doloribus mollitia. Hic ea non quam soluta voluptas voluptatem. Sunt quas libero ea eius.', '2017-06-17 17:28:32', '2017-06-17 17:28:32'),
(767, 915, 'Beatae laudantium quaerat sit ullam laborum et et. Nihil odit enim officiis ullam. Placeat doloremque inventore qui sed aliquid mollitia. Neque ea non tenetur qui et.', '2017-06-17 17:28:32', '2017-06-17 17:28:32'),
(768, 819, 'Porro aut ducimus id temporibus voluptates omnis. Ea est nostrum et perferendis est minus provident. Et est voluptatem esse dolore.', '2017-06-17 17:28:32', '2017-06-17 17:28:32'),
(769, 892, 'Numquam magni placeat dicta velit harum porro. Voluptatem vel dignissimos quaerat magnam sed.', '2017-06-17 17:28:32', '2017-06-17 17:28:32'),
(770, 661, 'Rerum molestiae omnis est laudantium optio vitae ea. Necessitatibus iusto et nam qui vel. Beatae ad consequatur perferendis eveniet ea dicta.', '2017-06-17 17:28:32', '2017-06-17 17:28:32'),
(771, 634, 'Velit incidunt alias qui amet aspernatur harum vel. Voluptate laudantium iure amet ipsa ea dolorem ea dignissimos.', '2017-06-17 17:28:32', '2017-06-17 17:28:32'),
(772, 966, 'Quod amet voluptas ad non nulla nobis alias. Neque pariatur temporibus ullam et dolorum maiores. Neque et quo et reprehenderit delectus rerum. Et atque hic quasi reiciendis sapiente dolores ut. Est a atque aut sint sit voluptate.', '2017-06-17 17:28:32', '2017-06-17 17:28:32'),
(773, 613, 'Beatae qui impedit qui eaque est sed nesciunt cupiditate. Maxime aperiam optio sunt modi minus. Voluptatibus itaque ratione molestiae tenetur sapiente reiciendis.', '2017-06-17 17:28:32', '2017-06-17 17:28:32'),
(774, 783, 'Saepe et repellat enim. Fugiat facere praesentium consectetur earum laborum eos. Repellendus aut fugiat magni repudiandae vero rem sint. Modi perspiciatis rem inventore qui vitae.', '2017-06-17 17:28:32', '2017-06-17 17:28:32'),
(775, 663, 'Odit deserunt optio quo incidunt aliquid ab. Tempore ut tempora nemo tempora. Quidem cupiditate aut sequi temporibus. Officiis dignissimos nulla non vero similique fugit.', '2017-06-17 17:28:32', '2017-06-17 17:28:32'),
(776, 775, 'Et qui sunt eum atque error et eius omnis. Eum aliquam atque porro dolores earum molestias sint. Id animi sapiente natus magni molestiae maiores ea.', '2017-06-17 17:28:33', '2017-06-17 17:28:33'),
(777, 734, 'Esse numquam dolor dolorem et. Sit accusantium quibusdam aut aut. Explicabo voluptatem modi ea qui id. Qui et dolore impedit ea nihil praesentium.', '2017-06-17 17:28:33', '2017-06-17 17:28:33'),
(778, 677, 'Eius quo dolor aut delectus nihil nesciunt ratione soluta. Eos quam quas est dicta. Laudantium ratione optio sapiente aut magnam quia non voluptatum. Cum voluptatibus qui laboriosam dolores ut non.', '2017-06-17 17:28:33', '2017-06-17 17:28:33'),
(779, 540, 'Aut veniam aliquid nesciunt placeat. Quasi quas quia quae minima aliquid aliquid.', '2017-06-17 17:28:33', '2017-06-17 17:28:33'),
(780, 697, 'Sit aut ut quibusdam suscipit. Possimus enim in vel illum. Voluptatem culpa nulla ut neque.', '2017-06-17 17:28:33', '2017-06-17 17:28:33'),
(781, 876, 'Suscipit iure expedita fuga eius vel. Sequi animi ullam quis. Nam voluptas amet maxime maiores quia.', '2017-06-17 17:28:33', '2017-06-17 17:28:33'),
(782, 955, 'Deserunt blanditiis rerum ipsam. Ut sint hic quibusdam quis. Quisquam officia iste doloremque harum odit.', '2017-06-17 17:28:33', '2017-06-17 17:28:33'),
(783, 985, 'Reprehenderit ea impedit rerum aut ullam asperiores. Amet praesentium deserunt qui qui. Eos aut ab odit aut ipsa dolorum. Omnis modi fuga molestiae corrupti consequatur aliquam.', '2017-06-17 17:28:33', '2017-06-17 17:28:33'),
(784, 640, 'Perferendis occaecati in velit minima. Deleniti omnis consectetur commodi. Commodi aut omnis earum inventore tempora et voluptas.', '2017-06-17 17:28:33', '2017-06-17 17:28:33'),
(785, 528, 'Consequatur neque libero fuga velit ducimus perferendis dolor. Quis dolorem asperiores ducimus nam ut dolores. Dolores aut sequi animi quae vel maiores.', '2017-06-17 17:28:33', '2017-06-17 17:28:33'),
(786, 868, 'Quia aut dignissimos quas ut totam hic. Voluptates consequuntur amet iusto eius fugit. Nihil est quisquam consequatur non voluptatem. Maxime culpa est dolore aut.', '2017-06-17 17:28:33', '2017-06-17 17:28:33'),
(787, 970, 'Dolorum odio nesciunt ratione ad provident. Ex tempora perspiciatis aspernatur ea eum. Animi delectus sunt saepe et. Qui facere laborum veniam exercitationem qui et.', '2017-06-17 17:28:33', '2017-06-17 17:28:33'),
(788, 691, 'Recusandae saepe suscipit enim. Beatae eum quam non aspernatur. Rerum qui dolorem pariatur fugit autem odio. Qui ut quis quia repudiandae enim enim.', '2017-06-17 17:28:33', '2017-06-17 17:28:33'),
(789, 806, 'Nemo eum ipsum minus amet accusamus animi. Deserunt alias dolorem et quis nihil. Non quis ut mollitia consectetur quod vel. Earum qui quis et sint.', '2017-06-17 17:28:33', '2017-06-17 17:28:33'),
(790, 643, 'Maiores sint dolore cupiditate distinctio pariatur neque vel assumenda. Perspiciatis fuga voluptatum velit non repudiandae. Magni voluptas qui suscipit magni saepe et. Officia quia consequuntur quia at magnam.', '2017-06-17 17:28:33', '2017-06-17 17:28:33'),
(791, 619, 'Cumque sed ut occaecati cumque cum dolore. Optio qui repellat rem aut necessitatibus sed. Est et voluptatibus voluptatem nisi aut quasi. Autem qui sed veritatis ut temporibus officiis.', '2017-06-17 17:28:33', '2017-06-17 17:28:33'),
(792, 997, 'Harum natus voluptates corrupti repellendus eum beatae. In ut error adipisci. Cupiditate enim nisi at nemo officiis impedit mollitia.', '2017-06-17 17:28:33', '2017-06-17 17:28:33'),
(793, 987, 'Quod rem nemo ut. Consequuntur beatae qui dicta dolorem. Culpa et temporibus qui aut laboriosam repellendus ut. Distinctio perspiciatis aut numquam vero sit voluptatem et minima.', '2017-06-17 17:28:33', '2017-06-17 17:28:33'),
(794, 949, 'Fuga expedita occaecati asperiores sed inventore nihil accusantium. Non rerum aut ea et quo repellat dolorum. In voluptatibus quos architecto odio vitae dignissimos ut. Error magnam neque iusto ipsam cumque est.', '2017-06-17 17:28:33', '2017-06-17 17:28:33'),
(795, 842, 'Impedit molestiae sit tempora cum aut molestiae. Natus dolore et quae. At soluta similique est ea mollitia praesentium. Alias itaque nihil ipsam voluptates suscipit et non.', '2017-06-17 17:28:33', '2017-06-17 17:28:33'),
(796, 651, 'Blanditiis velit non et. Cupiditate sit ut modi placeat rerum non. Voluptates quo voluptatum quis nesciunt. Omnis natus quae qui sapiente.', '2017-06-17 17:28:33', '2017-06-17 17:28:33'),
(797, 587, 'Ea quas necessitatibus praesentium quam velit fuga. Labore atque distinctio earum. Rerum error in id corporis odio. Nihil iste quas repellat aliquam.', '2017-06-17 17:28:34', '2017-06-17 17:28:34'),
(798, 689, 'Consequatur quia nam odio recusandae commodi quis repudiandae. Tempore vel doloremque ipsum mollitia non cupiditate iure. Rerum dolores aspernatur odio similique sed.', '2017-06-17 17:28:34', '2017-06-17 17:28:34'),
(799, 555, 'Placeat et repudiandae provident. Aut ipsa ullam aliquam molestiae. Molestiae quae provident qui voluptatum repudiandae. Molestiae quisquam sed et qui ut. Magnam fugit qui et dicta et nihil.', '2017-06-17 17:28:34', '2017-06-17 17:28:34'),
(800, 812, 'Nam itaque aut temporibus necessitatibus maiores rerum. Commodi commodi eum occaecati. Dolore molestiae voluptas nihil est labore.', '2017-06-17 17:28:34', '2017-06-17 17:28:34'),
(801, 820, 'Quae reiciendis aut dolore tenetur. Minus ex voluptatem occaecati enim pariatur ut. Qui ut vel aut architecto. Et provident eos error voluptatem.', '2017-06-17 17:28:34', '2017-06-17 17:28:34'),
(802, 635, 'Harum minus ut qui. Sequi qui quae quia nulla incidunt non. Dolorem nesciunt nesciunt est quis voluptatem et optio.', '2017-06-17 17:28:34', '2017-06-17 17:28:34'),
(803, 735, 'Sequi pariatur est ipsam iure laudantium aut aut. Labore facilis quaerat explicabo similique nihil voluptatibus error ut. Quae corporis aliquam fugiat deserunt amet voluptatem praesentium omnis. Eaque autem temporibus nesciunt quia. Asperiores qui suscipi', '2017-06-17 17:28:34', '2017-06-17 17:28:34'),
(804, 630, 'Quas quisquam unde error dolorem. Asperiores veritatis eum voluptatem earum repellendus unde. Id omnis nam aut. Et nihil porro ut ut.', '2017-06-17 17:28:34', '2017-06-17 17:28:34'),
(805, 545, 'Sint exercitationem dolorum eum deleniti repellendus. Modi doloremque exercitationem sequi reiciendis nam. Iste vel veniam sed eum nostrum nostrum consectetur.', '2017-06-17 17:28:34', '2017-06-17 17:28:34'),
(806, 945, 'Illo quas minima quam maxime doloremque et. Facilis dolorum molestiae aut. Velit minus eum cupiditate et qui non. Voluptatum aperiam non aut earum dolorem eum id.', '2017-06-17 17:28:34', '2017-06-17 17:28:34'),
(807, 516, 'Aliquid sequi assumenda sit. Officia odit quo libero nesciunt excepturi. Consectetur nobis et optio et natus. Pariatur quidem nesciunt et qui officia commodi.', '2017-06-17 17:28:34', '2017-06-17 17:28:34'),
(808, 547, 'Odit enim temporibus nostrum vel eveniet. Explicabo ratione vitae eius omnis quasi aut aut sint. Pariatur aut pariatur harum velit totam. Placeat natus magni alias. Fugit eius ullam qui aliquam.', '2017-06-17 17:28:34', '2017-06-17 17:28:34'),
(809, 519, 'Ratione voluptas cupiditate id ratione. Nulla sed laborum omnis sed recusandae ut. Dignissimos quae et autem sunt. Architecto dolores accusantium eum quis earum ducimus dolorem consequuntur.', '2017-06-17 17:28:34', '2017-06-17 17:28:34'),
(810, 742, 'Aut eligendi totam aliquid aut rem provident. Similique et facere accusamus. Excepturi in atque non provident quia fuga assumenda perspiciatis. A pariatur ullam iure est sed. Veritatis cupiditate saepe distinctio consectetur voluptatem vitae.', '2017-06-17 17:28:34', '2017-06-17 17:28:34'),
(811, 615, 'Consequatur odio quod quo dolores ipsam temporibus. Molestiae deleniti hic qui numquam. Libero voluptatem ea suscipit.', '2017-06-17 17:28:34', '2017-06-17 17:28:34'),
(812, 558, 'Explicabo consectetur est quam iste similique. Non facilis iusto culpa consequuntur sunt sapiente. Dolorem maiores nisi impedit impedit. Sunt eos ab recusandae quo doloremque illo illum.', '2017-06-17 17:28:34', '2017-06-17 17:28:34'),
(813, 551, 'Placeat ab in optio laborum ut quod accusantium. Ea facilis nisi aut et. Fuga nesciunt fugiat nisi voluptas labore et. A recusandae et id deleniti.', '2017-06-17 17:28:34', '2017-06-17 17:28:34'),
(814, 586, 'Eum inventore maiores blanditiis excepturi laboriosam dicta velit eligendi. Sapiente perspiciatis atque eveniet rerum animi cupiditate error. Qui eum mollitia quidem eius voluptatem dolorem perspiciatis. Similique voluptatem est non inventore iusto quia d', '2017-06-17 17:28:35', '2017-06-17 17:28:35'),
(815, 553, 'Deleniti et nobis expedita rem sed labore. Sunt maxime sunt magnam commodi quae in. Quia deserunt quibusdam excepturi doloremque et numquam atque.', '2017-06-17 17:28:35', '2017-06-17 17:28:35'),
(816, 590, 'Enim cumque qui labore fugit corrupti aliquid sit. Nihil accusantium dolor ad fugit eius quis iste. Exercitationem et quo unde qui fugit doloremque aut sed.', '2017-06-17 17:28:35', '2017-06-17 17:28:35'),
(817, 792, 'Sunt rerum laudantium sint est veritatis. Dolor dolorum beatae voluptas voluptatem sequi sed pariatur qui. Officia dolor eaque porro minima nulla architecto. Sed pariatur consequuntur totam consectetur.', '2017-06-17 17:28:35', '2017-06-17 17:28:35'),
(818, 673, 'Quos mollitia eos veniam itaque fugit. Pariatur dolor nobis dolorum pariatur ut reprehenderit. Et cupiditate recusandae eos magni. Eius iure accusamus veritatis incidunt repellat dolorum.', '2017-06-17 17:28:35', '2017-06-17 17:28:35'),
(819, 936, 'Est et et et at aut. Enim minima et nesciunt eius in eum et eveniet. Doloremque blanditiis earum quia cupiditate asperiores laboriosam voluptas explicabo.', '2017-06-17 17:28:35', '2017-06-17 17:28:35'),
(820, 990, 'Qui rerum sit iusto rerum. Expedita sit est sint nobis aut blanditiis enim. Ea consectetur laboriosam optio facilis fuga tempora perferendis.', '2017-06-17 17:28:35', '2017-06-17 17:28:35'),
(821, 743, 'Nulla ut aliquid iure veniam repellendus. Omnis qui mollitia non facere quo amet sint sunt. Hic quos doloremque maxime quia sit sunt qui.', '2017-06-17 17:28:35', '2017-06-17 17:28:35'),
(822, 670, 'Modi deleniti qui rerum tempore. Enim dolorum pariatur dolorem qui quia dolor mollitia. Illo debitis ad ipsa dolores.', '2017-06-17 17:28:35', '2017-06-17 17:28:35'),
(823, 785, 'Animi quod illo quia veritatis nisi voluptas et. Ullam quidem quis ipsa unde quos. Similique est temporibus rerum fugit nulla.', '2017-06-17 17:28:35', '2017-06-17 17:28:35'),
(824, 972, 'Delectus voluptatem accusantium porro incidunt aut vitae. Aut earum temporibus eaque ipsa. Nam voluptas eos modi vero odio aut sint. Odit eum ducimus nam nulla. Autem et et architecto optio.', '2017-06-17 17:28:35', '2017-06-17 17:28:35'),
(825, 919, 'Rerum voluptates molestias eos. Nihil assumenda accusantium consectetur totam. In repellendus quidem rerum eos ut et. Laborum quis facilis sit nihil consequuntur fuga. Laborum minus nemo qui perspiciatis laborum rerum dicta veritatis.', '2017-06-17 17:28:35', '2017-06-17 17:28:35'),
(826, 793, 'Ducimus dolor omnis dolores minus ea. Id est facilis suscipit eaque optio sequi. Dolor sit voluptatem consectetur quaerat aperiam.', '2017-06-17 17:28:35', '2017-06-17 17:28:35'),
(827, 682, 'Et voluptas nihil sint id autem enim atque. Animi a vero perspiciatis enim saepe facilis eos officiis. Ut voluptatem corporis at vero. Enim nemo temporibus ratione quos modi omnis.', '2017-06-17 17:28:35', '2017-06-17 17:28:35'),
(828, 529, 'Voluptatibus neque eos hic dolorum libero. Pariatur nulla quaerat facere at adipisci vero ut. Vitae molestias nihil qui ad consequuntur.', '2017-06-17 17:28:35', '2017-06-17 17:28:35'),
(829, 835, 'Dolorem magni ea id dolores accusantium assumenda eum. Doloribus assumenda voluptas eligendi consequatur reprehenderit aliquam. Ad repellendus eum nihil.', '2017-06-17 17:28:35', '2017-06-17 17:28:35'),
(830, 962, 'Minima et eveniet molestiae et nam. Aliquid qui earum id. Ut quo ex ut et. Amet beatae qui facere voluptas illo rerum.', '2017-06-17 17:28:35', '2017-06-17 17:28:35'),
(831, 601, 'Aliquam sunt et laudantium. Iusto provident ut dolor. Tempore earum cupiditate iure omnis. Provident commodi sed nihil ullam mollitia alias vitae.', '2017-06-17 17:28:35', '2017-06-17 17:28:35'),
(832, 506, 'Sunt consequatur aut repudiandae voluptatum ea cum. Et rerum expedita ad consequatur vel et. Magni provident voluptatibus ratione quod et aliquid sint rerum. Aspernatur sit rerum omnis odio minus animi.', '2017-06-17 17:28:35', '2017-06-17 17:28:35'),
(833, 896, 'Qui eius blanditiis odio reiciendis veniam voluptatem saepe. Neque quos voluptatum autem quisquam velit saepe. Aut est ex laborum quaerat porro recusandae ipsa.', '2017-06-17 17:28:35', '2017-06-17 17:28:35'),
(834, 699, 'Consequatur corrupti aperiam tempora dolor repellendus laboriosam dolores necessitatibus. Velit impedit mollitia aliquid rerum adipisci aut eius. Consequatur ad corrupti doloremque aut ea nulla aperiam. Porro ut sed voluptatem consequatur. Modi error debi', '2017-06-17 17:28:35', '2017-06-17 17:28:35'),
(835, 782, 'Qui quam optio necessitatibus molestias. Voluptate ut assumenda dolorem quaerat vel omnis autem dolores.', '2017-06-17 17:28:35', '2017-06-17 17:28:35'),
(836, 747, 'Voluptatem ut libero et laborum ut et. Voluptatibus eum distinctio cum voluptas perferendis. Recusandae expedita qui eos repellendus enim voluptatum. Alias molestias ratione voluptatum nisi facilis et.', '2017-06-17 17:28:35', '2017-06-17 17:28:35'),
(837, 813, 'Omnis pariatur nobis quo quia. Doloremque voluptate et illo. Sint voluptas quae esse deserunt at.', '2017-06-17 17:28:36', '2017-06-17 17:28:36'),
(838, 922, 'Recusandae veritatis velit tempore suscipit. Quisquam consectetur harum velit praesentium laborum aut fugit eos. Possimus eos sit voluptate ut doloribus earum sit. Aut quae qui reiciendis.', '2017-06-17 17:28:36', '2017-06-17 17:28:36'),
(839, 669, 'Doloribus et ad suscipit voluptas. Labore autem eos distinctio atque qui iusto quod. Non in quaerat ratione non doloremque culpa. Perferendis natus vel et.', '2017-06-17 17:28:36', '2017-06-17 17:28:36'),
(840, 926, 'Soluta praesentium expedita vel in. Est maxime porro fuga sit molestias magnam. Sit voluptatem dignissimos tempore quia laudantium iste natus. Dolor veritatis temporibus voluptas et et.', '2017-06-17 17:28:36', '2017-06-17 17:28:36'),
(841, 646, 'Atque iste expedita quis debitis. Quo maxime provident ad eos tempore ut. Qui officiis soluta sed nihil aliquam.', '2017-06-17 17:28:36', '2017-06-17 17:28:36'),
(842, 503, 'Non quidem optio voluptas reprehenderit sit consectetur blanditiis eum. Quia delectus aut quas amet. Non rerum totam minus laudantium fuga similique et maxime. Molestiae qui sit quo at ratione.', '2017-06-17 17:28:36', '2017-06-17 17:28:36'),
(843, 906, 'Magni aliquam commodi earum et fugiat voluptatem ut. Quis voluptatibus quis dolor.', '2017-06-17 17:28:36', '2017-06-17 17:28:36'),
(844, 700, 'Amet consequatur non corrupti perferendis. Et ducimus qui porro quaerat est sequi. Numquam officiis consequuntur aut dolore. Aperiam officiis suscipit unde laudantium error vero aspernatur.', '2017-06-17 17:28:36', '2017-06-17 17:28:36'),
(845, 889, 'Nam totam officia provident rerum voluptatem. Rerum eum officiis et doloribus. Alias quis dolorum quisquam asperiores expedita harum. Autem voluptatem velit eum dolores voluptatem nostrum mollitia autem.', '2017-06-17 17:28:36', '2017-06-17 17:28:36'),
(846, 909, 'Alias sit veritatis dicta perferendis voluptas. Enim aut voluptas velit modi. Distinctio voluptas inventore deserunt accusamus. Et enim rem laboriosam consequuntur. Eos cum tempore eligendi tempore et quis vitae.', '2017-06-17 17:28:36', '2017-06-17 17:28:36'),
(847, 869, 'Qui tenetur adipisci et possimus. Quam corporis quas aspernatur id porro quod. Mollitia molestias labore sit rerum harum autem ratione sit.', '2017-06-17 17:28:36', '2017-06-17 17:28:36'),
(848, 646, 'Unde aliquam pariatur sunt fugit eaque pariatur aut. Pariatur atque ab vitae maiores. Dicta explicabo quo enim sint doloribus eos et.', '2017-06-17 17:28:36', '2017-06-17 17:28:36'),
(849, 606, 'Dolores unde quaerat et rerum magni id. Laboriosam commodi impedit omnis rerum vero adipisci eaque vitae.', '2017-06-17 17:28:36', '2017-06-17 17:28:36'),
(850, 552, 'Aliquam soluta eum doloribus qui iusto. Dolor et omnis et suscipit quia corporis itaque.', '2017-06-17 17:28:36', '2017-06-17 17:28:36'),
(851, 838, 'Illo expedita voluptas consectetur aut. Odio ut ut quo dignissimos accusantium modi. Suscipit illo et delectus. Rem minus accusantium blanditiis adipisci.', '2017-06-17 17:28:36', '2017-06-17 17:28:36'),
(852, 613, 'Laborum nostrum nam commodi omnis in sapiente. Accusantium expedita tempora aut deleniti omnis fuga sed. Quibusdam eaque ratione atque sed. Voluptatum sed consectetur quo quia.', '2017-06-17 17:28:36', '2017-06-17 17:28:36'),
(853, 665, 'Vero ipsum tempore minus autem animi ratione et. Aut nihil officiis modi dicta assumenda.', '2017-06-17 17:28:36', '2017-06-17 17:28:36'),
(854, 998, 'Accusantium consequatur iusto ea error rerum soluta vel ut. Eaque eveniet optio odit architecto. Quam non aspernatur ipsum blanditiis. Itaque iure aut sed quia quasi ratione fuga.', '2017-06-17 17:28:36', '2017-06-17 17:28:36'),
(855, 606, 'Aut cumque distinctio facilis adipisci asperiores repudiandae quos. Qui fuga quasi nesciunt totam. Commodi cum fuga dolores numquam architecto consectetur mollitia possimus. Inventore magni voluptas aliquid deserunt fugiat sint.', '2017-06-17 17:28:36', '2017-06-17 17:28:36'),
(856, 538, 'Quia perspiciatis qui dolorem esse quae. Accusamus quis quos et soluta. Velit quos id et molestiae dolores et. Sit velit sit sit commodi. Similique dolores rem non facere.', '2017-06-17 17:28:37', '2017-06-17 17:28:37'),
(857, 551, 'Mollitia molestias omnis est minima. Quidem quibusdam aliquam nihil ducimus ut.', '2017-06-17 17:28:37', '2017-06-17 17:28:37'),
(858, 644, 'Nisi quia porro earum ducimus voluptatibus. Similique nam est eum maiores minima. Culpa rerum tenetur reprehenderit atque.', '2017-06-17 17:28:37', '2017-06-17 17:28:37'),
(859, 643, 'Tenetur eos facere sunt aut doloremque enim et. Tempora ut fuga commodi vero. A fugit nihil fugiat aliquid modi. Accusamus iusto aspernatur rerum sit odio rem.', '2017-06-17 17:28:37', '2017-06-17 17:28:37'),
(860, 893, 'Quasi qui quidem autem qui qui. Eligendi omnis molestias repudiandae nostrum reprehenderit et. Ut in et id est accusantium nesciunt asperiores.', '2017-06-17 17:28:37', '2017-06-17 17:28:37'),
(861, 876, 'Laborum molestiae ipsa nisi et sed ea laboriosam. Iure perferendis fuga voluptas officia esse provident quidem. Velit et molestiae iste dicta placeat. Ut sit vero ut sed voluptates consequatur.', '2017-06-17 17:28:37', '2017-06-17 17:28:37'),
(862, 640, 'Possimus eos fuga voluptatem rem. Et distinctio aspernatur et occaecati nobis voluptatem. Molestiae temporibus officia possimus.', '2017-06-17 17:28:37', '2017-06-17 17:28:37'),
(863, 838, 'Non repellat facilis corporis voluptatem qui aperiam. Magni esse aliquid animi officia nemo quam reprehenderit. Repellendus ullam eos vel eius ad.', '2017-06-17 17:28:37', '2017-06-17 17:28:37'),
(864, 555, 'Et natus occaecati id corrupti voluptatem. Quae deserunt laborum voluptatem culpa. Sed rem quo possimus aliquid maxime sint officiis.', '2017-06-17 17:28:37', '2017-06-17 17:28:37'),
(865, 867, 'Tenetur maxime ut sed nemo id quo dolorem. Non ad repellat voluptate et veritatis. Error in autem deleniti veniam odio velit. Ullam voluptas vero distinctio ea dolor optio.', '2017-06-17 17:28:37', '2017-06-17 17:28:37'),
(866, 767, 'Laudantium non accusantium mollitia nulla numquam. Qui accusantium repellat beatae quisquam. Dignissimos exercitationem praesentium autem porro est. Omnis esse voluptate et ad.', '2017-06-17 17:28:37', '2017-06-17 17:28:37'),
(867, 585, 'Illum quia possimus aut aperiam doloremque sit. Commodi architecto vitae consectetur voluptate expedita vero id.', '2017-06-17 17:28:37', '2017-06-17 17:28:37'),
(868, 998, 'Ut eum doloremque amet aut eveniet rerum. Et et aut debitis voluptates amet nulla quos. Dolor a rerum quasi sint similique. Dolorem quidem error occaecati qui nostrum minima.', '2017-06-17 17:28:37', '2017-06-17 17:28:37'),
(869, 582, 'Aspernatur necessitatibus libero officiis possimus amet. Rerum dolorem quos omnis laborum expedita in. Quia unde aut aspernatur temporibus. Voluptates repudiandae nesciunt et.', '2017-06-17 17:28:37', '2017-06-17 17:28:37'),
(870, 785, 'Repudiandae illum maxime ea pariatur dolorum beatae. Fuga libero ut qui deserunt. Ut non aut magnam ut hic enim minima sed.', '2017-06-17 17:28:37', '2017-06-17 17:28:37'),
(871, 803, 'Maxime nisi tenetur repellat ducimus ut voluptatum. Enim et qui occaecati impedit et. Omnis iure perspiciatis molestias. Ipsa in aspernatur non quia iure minima ullam.', '2017-06-17 17:28:37', '2017-06-17 17:28:37'),
(872, 938, 'Nostrum error voluptate rerum facilis aspernatur voluptatum. Ratione voluptas nesciunt pariatur. Voluptatem ipsum repellendus dignissimos in veritatis omnis.', '2017-06-17 17:28:37', '2017-06-17 17:28:37'),
(873, 611, 'Non ea vel excepturi qui vel sint. Accusamus excepturi alias numquam tenetur. Cumque consectetur in provident omnis labore dolore vero recusandae.', '2017-06-17 17:28:37', '2017-06-17 17:28:37'),
(874, 903, 'Deleniti ducimus explicabo animi in earum. Id magnam magnam hic pariatur qui reiciendis aut nesciunt. Non consequatur veniam non et dolor totam. Qui maxime commodi assumenda officia eum aliquam sed. Consequatur animi nostrum et labore enim.', '2017-06-17 17:28:37', '2017-06-17 17:28:37'),
(875, 754, 'Et deleniti et sequi ut reiciendis. Incidunt officiis debitis mollitia sit. Dolor quasi saepe enim molestiae quisquam iste tempore. Nobis at quidem nihil aliquid.', '2017-06-17 17:28:37', '2017-06-17 17:28:37'),
(876, 735, 'Fugiat explicabo nam consectetur dolor odit et nihil. Ut sint et a et sapiente. Eaque et harum et aspernatur.', '2017-06-17 17:28:37', '2017-06-17 17:28:37'),
(877, 659, 'Qui quo facere et laborum nesciunt omnis recusandae iusto. Eos at excepturi qui non.', '2017-06-17 17:28:37', '2017-06-17 17:28:37'),
(878, 920, 'Sit consectetur corporis itaque. Quibusdam sunt enim ipsa. Sed quasi enim unde quisquam est sapiente qui. Voluptatem nam id placeat qui totam debitis. Ab et pariatur delectus sint consequatur.', '2017-06-17 17:28:38', '2017-06-17 17:28:38'),
(879, 901, 'Praesentium ea in in quam sed labore hic. Maxime earum sed harum laboriosam sed culpa delectus. Dolorem sint vitae necessitatibus dolores est. Consequatur facere dignissimos eius.', '2017-06-17 17:28:38', '2017-06-17 17:28:38'),
(880, 766, 'Occaecati quaerat repudiandae deleniti alias impedit. Fugiat qui magnam quas inventore aut. Explicabo non soluta quis eum odit consequuntur. Facere libero expedita rerum eos minima.', '2017-06-17 17:28:38', '2017-06-17 17:28:38'),
(881, 729, 'Rerum architecto enim voluptatum dolorem odio error amet. Cupiditate libero ut quia qui cupiditate. Qui repellat eum est commodi et at laboriosam. Soluta et numquam totam culpa aut hic.', '2017-06-17 17:28:38', '2017-06-17 17:28:38'),
(882, 810, 'Labore qui ab eos a nesciunt laborum. Voluptatem error omnis enim et vero est officiis. Consectetur suscipit culpa est iure repellat sit quasi.', '2017-06-17 17:28:38', '2017-06-17 17:28:38'),
(883, 931, 'Eum ea dolorem ipsa perspiciatis blanditiis. Ratione laborum quam pariatur. Ex fugiat delectus blanditiis delectus. Architecto voluptas deserunt error est consequatur sequi.', '2017-06-17 17:28:38', '2017-06-17 17:28:38'),
(884, 564, 'Laborum in mollitia veritatis amet est laboriosam consequatur. Enim laudantium quisquam consectetur. Vitae alias quae quis rerum consectetur officia. Amet facilis blanditiis nobis explicabo libero mollitia maiores pariatur.', '2017-06-17 17:28:38', '2017-06-17 17:28:38'),
(885, 595, 'Fugiat rem quia ratione qui labore doloremque. Ab quis quidem et dolores dolor aut et. Qui maxime suscipit veniam totam autem minus adipisci quam.', '2017-06-17 17:28:38', '2017-06-17 17:28:38'),
(886, 724, 'Quo exercitationem nisi libero dicta sit minus maiores. Nobis delectus sunt et fugit sit. Non commodi dolorem itaque numquam omnis.', '2017-06-17 17:28:38', '2017-06-17 17:28:38'),
(887, 661, 'Est cupiditate architecto voluptatem omnis. Voluptatem aut autem quas doloribus. Sed repellendus ratione accusamus nesciunt vero repudiandae. Saepe ipsa ullam sed.', '2017-06-17 17:28:38', '2017-06-17 17:28:38'),
(888, 556, 'Eum cupiditate sint est ipsa pariatur facilis. Blanditiis et nostrum voluptas est incidunt. Laboriosam corporis est qui iure. Minima voluptate expedita perferendis doloribus eligendi accusantium enim. Ut et ipsa quam.', '2017-06-17 17:28:38', '2017-06-17 17:28:38'),
(889, 765, 'Vel reiciendis officiis aut voluptatum. Occaecati voluptatem exercitationem eos magni soluta. Quasi odio illum qui necessitatibus libero. Perspiciatis aut sequi velit.', '2017-06-17 17:28:39', '2017-06-17 17:28:39'),
(890, 957, 'Quam quia corrupti officia consequatur blanditiis saepe. Praesentium placeat esse laudantium voluptate tempora. Veniam dolor sint voluptatem repudiandae harum perspiciatis repellat. Quo sunt earum dolores. Consequuntur atque dolore optio sit.', '2017-06-17 17:28:39', '2017-06-17 17:28:39'),
(891, 771, 'Autem quia et corporis eos. Deleniti vel quos laudantium reiciendis occaecati unde quis nobis. Dolores non ullam ut eum minima nihil quo. Dignissimos cum consectetur totam sequi delectus est adipisci.', '2017-06-17 17:28:39', '2017-06-17 17:28:39'),
(892, 808, 'Quia dignissimos numquam omnis vitae fugit quo quibusdam esse. Amet corporis magnam aut quidem aut perferendis numquam ipsam.', '2017-06-17 17:28:39', '2017-06-17 17:28:39'),
(893, 985, 'Aspernatur repellendus adipisci molestiae earum aliquam. Voluptate possimus velit officiis sed omnis voluptatem. Sequi molestias earum cumque quas suscipit nemo adipisci eaque. Aperiam sed occaecati enim ea aliquid voluptas ut.', '2017-06-17 17:28:39', '2017-06-17 17:28:39'),
(894, 789, 'Assumenda corporis reiciendis earum voluptatem et amet provident. Distinctio aperiam id laborum cumque omnis consectetur omnis. Enim amet nisi quidem nihil sit. Sequi reprehenderit explicabo facilis ipsum sunt quos libero.', '2017-06-17 17:28:39', '2017-06-17 17:28:39'),
(895, 931, 'Molestiae laboriosam repellendus sed natus iste mollitia quibusdam. At adipisci at et illo quis et dolore. Aliquid aut aperiam facere animi eligendi ipsa consequatur. Perferendis soluta laudantium a corporis nam.', '2017-06-17 17:28:39', '2017-06-17 17:28:39'),
(896, 503, 'Quia est saepe quidem mollitia asperiores omnis. Qui quo odit sed a. Nobis qui incidunt quo delectus alias. Eligendi sed enim quas laudantium.', '2017-06-17 17:28:39', '2017-06-17 17:28:39'),
(897, 629, 'Minima ducimus velit non qui provident facilis. Libero autem temporibus est nemo ex et. Autem ut reprehenderit nam necessitatibus cumque sequi. Quibusdam doloribus et aperiam quis eaque ut ipsam.', '2017-06-17 17:28:39', '2017-06-17 17:28:39'),
(898, 974, 'Dolores qui quia non rerum. Totam exercitationem natus nostrum adipisci voluptas assumenda. Qui corrupti nemo amet cum corrupti voluptatibus. Omnis numquam quos nisi soluta nemo.', '2017-06-17 17:28:39', '2017-06-17 17:28:39'),
(899, 717, 'Et cumque et unde et ipsum sed sint beatae. Magni deserunt aperiam rem magnam sapiente cupiditate minus illum. Cumque repellendus deleniti laboriosam. Impedit suscipit et cupiditate.', '2017-06-17 17:28:39', '2017-06-17 17:28:39'),
(900, 619, 'Dolor atque quae deserunt omnis. Ipsum cupiditate ut architecto hic quam eaque esse. Ipsum sit voluptatibus ratione repudiandae facere. Vel natus qui optio. Modi nihil perspiciatis voluptatum illum.', '2017-06-17 17:28:39', '2017-06-17 17:28:39'),
(901, 559, 'Dolores ut facere asperiores ipsa ad animi harum. Rerum et nesciunt libero hic doloremque consequatur et. Harum quia nihil pariatur dolor. Voluptatem illo voluptate dolore. Et atque at iure vel dolorem.', '2017-06-17 17:28:39', '2017-06-17 17:28:39'),
(902, 875, 'Rerum voluptatem voluptatum ut accusantium quod velit doloremque. Dignissimos reiciendis facilis deserunt mollitia explicabo inventore. Voluptas et dolor quas quis.', '2017-06-17 17:28:39', '2017-06-17 17:28:39'),
(903, 622, 'Eius alias et sit tenetur labore. Accusamus eos quaerat distinctio soluta et sed.', '2017-06-17 17:28:39', '2017-06-17 17:28:39'),
(904, 923, 'Quidem sed ea enim quibusdam. Doloremque cum iure illo ducimus nihil. Explicabo quis voluptate a ut iste ut fugit.', '2017-06-17 17:28:39', '2017-06-17 17:28:39'),
(905, 757, 'Incidunt beatae quis quaerat corporis. Illo dolorem est at non enim voluptas quam. Facere quia ea error doloremque. Doloremque non odio iure non repudiandae ea officiis.', '2017-06-17 17:28:39', '2017-06-17 17:28:39'),
(906, 550, 'Possimus doloremque voluptatem assumenda explicabo omnis eligendi debitis. In nihil culpa id at.', '2017-06-17 17:28:39', '2017-06-17 17:28:39'),
(907, 766, 'Voluptatem rem temporibus libero eos. Non libero recusandae voluptatem placeat eaque. Nemo vero vel eum in ad accusamus.', '2017-06-17 17:28:39', '2017-06-17 17:28:39'),
(908, 620, 'Velit eos optio officia sunt sed perspiciatis. Veniam numquam ut et voluptatem. Non doloribus est sed tempore qui. Ex sit nisi neque qui possimus.', '2017-06-17 17:28:39', '2017-06-17 17:28:39'),
(909, 767, 'Laboriosam maiores consequatur sunt reprehenderit libero ea. Sit labore voluptates dolorem libero dolores ut quas. Accusantium qui illo voluptas quaerat quod. Vitae ut natus unde minima.', '2017-06-17 17:28:39', '2017-06-17 17:28:39'),
(910, 970, 'Velit magni ut dolore voluptas officia consequatur ea. Culpa vero architecto molestiae quae natus corporis molestiae eveniet. Et nulla eum id ratione minus dolorem. Tempore alias voluptatem doloremque similique architecto omnis. Voluptatem voluptas necess', '2017-06-17 17:28:40', '2017-06-17 17:28:40'),
(911, 720, 'Aut exercitationem ad explicabo est nulla eveniet rerum. Nostrum ut ut velit omnis. Velit labore odit qui neque earum.', '2017-06-17 17:28:40', '2017-06-17 17:28:40'),
(912, 584, 'Quaerat numquam voluptatem similique repellendus ad. Voluptatum sint consequatur odit velit rerum. Voluptatem aut dolores beatae rerum rerum tempora quia non. Sed odit et rerum voluptates.', '2017-06-17 17:28:40', '2017-06-17 17:28:40'),
(913, 595, 'Deleniti consequatur ratione sint vel amet doloremque. Libero harum nesciunt consequatur est sed fugiat aut. Perspiciatis est ad dolor et. Praesentium iste quis omnis quia magni.', '2017-06-17 17:28:40', '2017-06-17 17:28:40'),
(914, 980, 'Sit quaerat molestiae in. Quas error sequi quos dicta. Vero nihil est commodi necessitatibus.', '2017-06-17 17:28:40', '2017-06-17 17:28:40'),
(915, 512, 'Sed quia dignissimos nihil ullam neque eos. Nulla error blanditiis aut reiciendis omnis ipsa voluptates. Eligendi et distinctio ea et.', '2017-06-17 17:28:40', '2017-06-17 17:28:40'),
(916, 783, 'Id voluptas vel minus voluptatem. Quidem consectetur voluptas doloremque in. Odit minima magni ipsam eligendi vel.', '2017-06-17 17:28:40', '2017-06-17 17:28:40'),
(917, 790, 'Vel magni iure totam aliquam rerum. Sed doloremque fuga temporibus. Dolore ut aut dolorum eum rerum fuga et voluptatem. Impedit sequi eligendi explicabo enim ratione enim.', '2017-06-17 17:28:40', '2017-06-17 17:28:40'),
(918, 602, 'Eius aut ut dicta tenetur nihil qui ex. Esse ullam explicabo tempora eum. Sapiente eos deleniti asperiores eveniet architecto.', '2017-06-17 17:28:40', '2017-06-17 17:28:40'),
(919, 624, 'Laborum tempora totam enim maxime quae reprehenderit et. Laudantium et laudantium quibusdam rerum. Delectus beatae adipisci adipisci error non voluptas minima.', '2017-06-17 17:28:40', '2017-06-17 17:28:40'),
(920, 970, 'Rerum commodi ex possimus repudiandae quae. Voluptatem vero nihil et nihil. In quam consequatur ut quam reprehenderit. Corporis temporibus autem unde laborum nisi quia aut.', '2017-06-17 17:28:40', '2017-06-17 17:28:40'),
(921, 930, 'Voluptatem repellat mollitia dolorem labore itaque rem qui. Minima molestiae eligendi quia quam iusto. Tempore alias quibusdam aut. Quis architecto similique et error eum.', '2017-06-17 17:28:40', '2017-06-17 17:28:40'),
(922, 726, 'Consectetur deleniti pariatur sit. Ducimus saepe aut natus et pariatur voluptas qui. Aut minus non dolorum odio sequi eum. Qui nam tempore inventore officiis cumque.', '2017-06-17 17:28:40', '2017-06-17 17:28:40'),
(923, 927, 'Earum totam reiciendis consequatur iste eos possimus. Laborum aut nihil ipsum omnis optio. Porro quia eos in fugit quam vitae et soluta. Nulla ut veniam ea enim dolor.', '2017-06-17 17:28:40', '2017-06-17 17:28:40'),
(924, 609, 'Aut perspiciatis veniam dolorem enim. Est modi animi voluptas blanditiis dolor tenetur doloribus. Vel et doloremque voluptate qui molestias reiciendis voluptatem. Est adipisci eveniet nisi. Corrupti beatae illo ut aspernatur.', '2017-06-17 17:28:40', '2017-06-17 17:28:40'),
(925, 743, 'Excepturi accusantium sit consequuntur fuga repudiandae illo dolor asperiores. Ut incidunt ut eos quaerat. Quidem esse et porro magnam itaque facere.', '2017-06-17 17:28:40', '2017-06-17 17:28:40'),
(926, 838, 'Sit cupiditate ab eos voluptatibus reprehenderit dicta impedit. Distinctio voluptate aut est voluptatem. Eaque qui quibusdam sunt quis vitae culpa vitae. Molestias fugit explicabo nisi voluptates praesentium.', '2017-06-17 17:28:40', '2017-06-17 17:28:40'),
(927, 511, 'Consequatur numquam explicabo quod molestias possimus. Recusandae quia minus aspernatur totam officiis aperiam. Sunt quo dolor autem dolorum fugit sint consequuntur officia.', '2017-06-17 17:28:41', '2017-06-17 17:28:41'),
(928, 904, 'Aut officiis temporibus quos ea voluptatum consectetur quidem voluptatem. Fugit sed enim fugiat consequatur. Eveniet ipsa quam perspiciatis et. Quia expedita eligendi natus cumque voluptatibus id repudiandae hic.', '2017-06-17 17:28:41', '2017-06-17 17:28:41'),
(929, 864, 'Deleniti sit molestias voluptate. Autem dolor voluptate incidunt possimus inventore. Iste nobis optio voluptas commodi est repudiandae rerum.', '2017-06-17 17:28:41', '2017-06-17 17:28:41'),
(930, 837, 'Necessitatibus explicabo labore voluptatem vel sed eligendi. Vero qui eveniet nihil aut autem. Voluptas facilis aperiam non reprehenderit.', '2017-06-17 17:28:41', '2017-06-17 17:28:41'),
(931, 864, 'Sunt non corrupti voluptates rerum omnis. Saepe sequi dolore harum ratione. Aperiam voluptatem molestiae quia voluptate natus. Quam occaecati quam quo praesentium omnis blanditiis eligendi nulla.', '2017-06-17 17:28:41', '2017-06-17 17:28:41'),
(932, 877, 'Illum eum sunt id quam eum. Quis sunt consectetur est totam nulla officiis ut. Mollitia vitae harum ex ipsum saepe.', '2017-06-17 17:28:41', '2017-06-17 17:28:41'),
(933, 788, 'Nemo sunt excepturi quos voluptatem itaque magni debitis. Voluptatem neque voluptas qui. Molestiae aspernatur vitae amet ad.', '2017-06-17 17:28:41', '2017-06-17 17:28:41'),
(934, 801, 'Quia consequatur minima ex. Id saepe aliquid eum eligendi dicta. Optio recusandae et et sed culpa occaecati quo architecto. Voluptatibus alias et sit consectetur et aut suscipit.', '2017-06-17 17:28:41', '2017-06-17 17:28:41'),
(935, 711, 'Voluptas soluta saepe quam eum. Quibusdam rerum magnam et ad perspiciatis cum eaque. Voluptatem beatae quia est facilis aspernatur cupiditate. Atque ea occaecati ducimus.', '2017-06-17 17:28:41', '2017-06-17 17:28:41'),
(936, 863, 'Dolorem facere aut animi et ratione. Doloribus accusamus in quo eaque. Magni quod quia ut praesentium necessitatibus. Ut ipsam totam velit ut dicta rerum.', '2017-06-17 17:28:41', '2017-06-17 17:28:41'),
(937, 543, 'Qui molestias voluptatem sit eos explicabo. Consequatur id in nihil enim enim. Doloremque et labore et eos sunt.', '2017-06-17 17:28:41', '2017-06-17 17:28:41'),
(938, 793, 'Expedita eaque nisi exercitationem ut perferendis. Eos et rem quidem. Vel illum amet quidem fugiat. Saepe eos quidem eveniet a est omnis.', '2017-06-17 17:28:41', '2017-06-17 17:28:41'),
(939, 692, 'Illo autem quod tenetur. Occaecati voluptatem rerum reiciendis quis architecto iure voluptates. Officiis molestiae qui libero fugit tenetur accusamus praesentium. Sint suscipit minima rerum rerum delectus qui dignissimos.', '2017-06-17 17:28:41', '2017-06-17 17:28:41'),
(940, 776, 'Quaerat placeat nesciunt ipsa. Mollitia vel et itaque ut. Repudiandae ut velit rerum beatae nostrum commodi est. Ut autem accusamus numquam nostrum. Voluptatem sed quae fugiat aut saepe aut.', '2017-06-17 17:28:41', '2017-06-17 17:28:41'),
(941, 661, 'Et eum non sint quos perspiciatis. Non ut consequatur et cum illo. At accusantium ipsa est dolorem omnis unde cupiditate voluptate. Id et dignissimos quibusdam modi aliquid quo.', '2017-06-17 17:28:41', '2017-06-17 17:28:41'),
(942, 678, 'Accusamus et quos laborum ex. Qui quas quo iste omnis quia. Rerum consequatur quam quae.', '2017-06-17 17:28:41', '2017-06-17 17:28:41'),
(943, 828, 'Voluptas suscipit quas temporibus ad qui vero. Pariatur aperiam odio amet iure maiores debitis non. Illum ut totam ut. Eos eius dolore eos excepturi.', '2017-06-17 17:28:41', '2017-06-17 17:28:41'),
(944, 855, 'Enim ut consequatur sed sunt culpa consequuntur voluptatem vel. Sit sed aut odit distinctio aut deleniti. Minima sunt expedita nihil.', '2017-06-17 17:28:41', '2017-06-17 17:28:41'),
(945, 786, 'Et autem explicabo exercitationem a necessitatibus. Nemo reprehenderit ut voluptatem a quo porro. Similique veritatis aut sit excepturi. Ea dolores voluptas vel aut nam adipisci.', '2017-06-17 17:28:41', '2017-06-17 17:28:41'),
(946, 681, 'Sed fugiat est ut numquam repellat qui. Sunt ut rerum rem neque atque natus quia reiciendis. Magni molestiae aut id sunt.', '2017-06-17 17:28:41', '2017-06-17 17:28:41'),
(947, 555, 'Qui quibusdam incidunt sint provident. Soluta at hic repellat veritatis veritatis molestias totam. Voluptatum nihil enim et autem. Labore distinctio neque suscipit est exercitationem eos. Ducimus accusamus non atque laudantium repellat exercitationem.', '2017-06-17 17:28:41', '2017-06-17 17:28:41'),
(948, 863, 'Suscipit cumque asperiores incidunt quae eius. Est repudiandae vero cum officia excepturi sapiente. Quaerat quia deserunt cumque reprehenderit quos quaerat.', '2017-06-17 17:28:42', '2017-06-17 17:28:42'),
(949, 981, 'Qui maxime incidunt dolorem assumenda modi ad. Ex eligendi praesentium quos officia. Rem similique eos expedita aut quia. Animi est quibusdam porro laboriosam dolore quod hic ut.', '2017-06-17 17:28:42', '2017-06-17 17:28:42'),
(950, 737, 'Porro dignissimos non repudiandae voluptatem cupiditate. Esse aliquam minus adipisci neque quae quam iste voluptatem. Officia nihil voluptatem esse aut voluptatibus et possimus. Cupiditate doloribus quisquam asperiores nostrum blanditiis qui ut modi.', '2017-06-17 17:28:42', '2017-06-17 17:28:42'),
(951, 528, 'Est mollitia nam ut a aperiam aperiam. Eveniet ut dolorum modi necessitatibus ea sint deserunt. Culpa unde est rerum reprehenderit ipsam sed. Omnis omnis officiis doloremque officia qui laudantium accusantium aut.', '2017-06-17 17:28:42', '2017-06-17 17:28:42'),
(952, 995, 'Est dolores repellat rerum fugiat natus excepturi commodi. Ab eos fugiat non eius accusamus vero. Id repellat aut distinctio in tempore quam et. Quia aliquid quod quas repellat.', '2017-06-17 17:28:42', '2017-06-17 17:28:42'),
(953, 986, 'Distinctio praesentium modi modi. Qui dolorum debitis inventore fuga est cumque odio iusto. Voluptatem vero quod consequatur mollitia delectus earum soluta. Est doloribus commodi modi.', '2017-06-17 17:28:42', '2017-06-17 17:28:42'),
(954, 836, 'Iusto tempora laudantium a ut reiciendis earum laborum. Quisquam et aspernatur iusto et nulla et velit. Enim et aut autem. Repudiandae blanditiis aut aperiam odio quasi.', '2017-06-17 17:28:42', '2017-06-17 17:28:42');
INSERT INTO `posts` (`id`, `user_id`, `title`, `created_at`, `updated_at`) VALUES
(955, 959, 'Beatae eaque iure hic consequatur qui id vero. Et vitae blanditiis pariatur nostrum sed in. Pariatur ut quibusdam sint ratione. Sint dolores sequi corrupti sunt et vel magni.', '2017-06-17 17:28:42', '2017-06-17 17:28:42'),
(956, 618, 'Quia hic expedita cumque placeat laborum consequatur. Voluptatem odio cumque aut. Perspiciatis non dolor unde quia.', '2017-06-17 17:28:42', '2017-06-17 17:28:42'),
(957, 994, 'Sint et earum in magni cumque provident quos. Qui omnis et explicabo est iure nisi. Deleniti autem consequatur saepe rem quae. Nihil qui iste aut velit. Est accusantium delectus itaque quos qui corrupti vel.', '2017-06-17 17:28:42', '2017-06-17 17:28:42'),
(958, 929, 'Voluptas velit sequi mollitia nemo rem velit. Et autem impedit aut. Et voluptatem temporibus numquam eaque. Dolorem provident labore sed reprehenderit ex unde.', '2017-06-17 17:28:42', '2017-06-17 17:28:42'),
(959, 929, 'Modi sapiente tenetur aut nulla sit provident. Odit provident aliquam et ullam non. Ipsum quos debitis maiores illo adipisci omnis ut. Ut iste quis enim deserunt.', '2017-06-17 17:28:42', '2017-06-17 17:28:42'),
(960, 779, 'Eveniet eos odit fuga. Officia in adipisci eius dignissimos enim praesentium. Quos mollitia illum quia qui quasi.', '2017-06-17 17:28:42', '2017-06-17 17:28:42'),
(961, 714, 'Libero ut quo illum fuga cumque. Beatae et quaerat vel. Doloribus ratione dolores cum eius quia doloremque tempora.', '2017-06-17 17:28:42', '2017-06-17 17:28:42'),
(962, 799, 'Eos voluptas assumenda deleniti nulla maiores et. Et minima delectus deserunt velit iste voluptates. Voluptas alias ut aut dolorem at.', '2017-06-17 17:28:42', '2017-06-17 17:28:42'),
(963, 954, 'Quo aut cupiditate deleniti quisquam necessitatibus labore. Eius est est ullam quasi sit pariatur maiores. Mollitia quaerat nisi dignissimos labore. Sunt repudiandae ab inventore odit sed et voluptatibus.', '2017-06-17 17:28:42', '2017-06-17 17:28:42'),
(964, 932, 'Expedita vero et deserunt accusantium ipsam non. Voluptatem aut repellendus ut facere. Non est voluptates molestias sit. Harum excepturi qui enim alias aut qui id.', '2017-06-17 17:28:42', '2017-06-17 17:28:42'),
(965, 644, 'Voluptas itaque error at accusamus est non rerum. Nobis voluptatem est tempore sint fugiat culpa.', '2017-06-17 17:28:42', '2017-06-17 17:28:42'),
(966, 699, 'Velit enim velit optio aliquid saepe. Qui eos id vel et quo a. Nam suscipit et autem eos possimus. Facere sed laboriosam minima facere a qui.', '2017-06-17 17:28:42', '2017-06-17 17:28:42'),
(967, 901, 'Aspernatur rem repudiandae ipsum a. Ut dolor laboriosam ipsum sapiente dolorem. Ea dolorem incidunt sapiente neque. Nobis pariatur ut consequatur sed quas.', '2017-06-17 17:28:42', '2017-06-17 17:28:42'),
(968, 588, 'Sint quam consequatur quaerat. Vitae corporis dolore cumque labore quibusdam ad ex.', '2017-06-17 17:28:42', '2017-06-17 17:28:42'),
(969, 600, 'A qui et ipsam fugiat quisquam blanditiis. Et ad quis qui quo minus aut. Possimus sit natus sunt consequatur ut. Occaecati rerum mollitia harum id.', '2017-06-17 17:28:43', '2017-06-17 17:28:43'),
(970, 689, 'Magnam dolor est est facilis et deserunt sunt. Consequatur aperiam ducimus ullam cumque iste et fugiat. Sit rem laudantium adipisci at.', '2017-06-17 17:28:43', '2017-06-17 17:28:43'),
(971, 863, 'Dolorum sapiente cupiditate nam qui blanditiis autem ipsum. Minima officiis delectus voluptatem ut. Quia esse consequatur expedita. Et reprehenderit perspiciatis quis consequatur. Velit doloribus adipisci vel quaerat illum sunt assumenda quo.', '2017-06-17 17:28:43', '2017-06-17 17:28:43'),
(972, 949, 'Vero odit sed hic quo asperiores voluptates. Quia sapiente minima quia eveniet et sit id. Libero vitae necessitatibus molestiae animi cumque consequuntur magni inventore.', '2017-06-17 17:28:43', '2017-06-17 17:28:43'),
(973, 913, 'Aliquam doloribus non suscipit eius ab. Doloribus ipsam dolorem aperiam aliquam nisi aut et ut. Et doloremque nulla accusamus quidem.', '2017-06-17 17:28:43', '2017-06-17 17:28:43'),
(974, 924, 'Eaque sint deserunt natus eos. Dicta fugit maxime sequi nihil debitis dolores aut.', '2017-06-17 17:28:43', '2017-06-17 17:28:43'),
(975, 683, 'Nemo quo sed eius commodi deserunt. Est qui distinctio qui optio.', '2017-06-17 17:28:43', '2017-06-17 17:28:43'),
(976, 749, 'Dolor eaque iure ex vel. Sed aut sint quod asperiores doloremque vero. Et asperiores quasi animi ipsum suscipit ipsam modi.', '2017-06-17 17:28:43', '2017-06-17 17:28:43'),
(977, 560, 'Fugiat blanditiis perferendis ut aliquid excepturi nesciunt iste neque. Quo et quae quia laborum. Sunt aut ut enim. Non neque eaque sunt.', '2017-06-17 17:28:43', '2017-06-17 17:28:43'),
(978, 663, 'Voluptas sed quod dolorum laudantium possimus voluptatem. Vel est neque et. Soluta accusantium ipsa esse non hic aut dolor. Soluta amet quo autem fuga consequatur.', '2017-06-17 17:28:43', '2017-06-17 17:28:43'),
(979, 693, 'Aliquid voluptates velit doloremque. Libero iusto quia consequatur sunt. Enim optio magnam sequi dolor.', '2017-06-17 17:28:43', '2017-06-17 17:28:43'),
(980, 787, 'Molestiae esse itaque et quos odit qui eaque. Omnis error aperiam porro qui maxime. Voluptatem corrupti ipsa minima dicta commodi itaque cumque. Optio ipsam optio est optio voluptatem.', '2017-06-17 17:28:43', '2017-06-17 17:28:43'),
(981, 826, 'Consequatur labore suscipit ut nihil distinctio non. Rem ipsum aliquid at tenetur rerum.', '2017-06-17 17:28:43', '2017-06-17 17:28:43'),
(982, 644, 'Est consequatur harum earum. Laudantium dolorem repudiandae ipsa aut recusandae pariatur sapiente. Voluptatem magnam dolor perferendis sapiente. Dolorem dolores eaque et sint soluta magni assumenda.', '2017-06-17 17:28:43', '2017-06-17 17:28:43'),
(983, 727, 'Itaque qui aut ratione corrupti consequuntur. Labore dolorem corporis quam aut sunt cumque. Laboriosam adipisci saepe quae molestiae omnis alias quod. Et distinctio et adipisci magnam ipsam maxime.', '2017-06-17 17:28:43', '2017-06-17 17:28:43'),
(984, 778, 'Ea at occaecati et nulla dolore dolor sed. Nobis veniam et iusto odio voluptates et doloribus. Suscipit totam rem molestias.', '2017-06-17 17:28:43', '2017-06-17 17:28:43'),
(985, 771, 'Reprehenderit eum iure nihil. Animi dolorum assumenda quae explicabo maxime et. Explicabo blanditiis autem dolores quia. Ab pariatur sapiente ut.', '2017-06-17 17:28:43', '2017-06-17 17:28:43'),
(986, 627, 'Modi autem a aut quam aspernatur mollitia. Eum dolorem tempora amet consequuntur et. Omnis distinctio dicta omnis esse amet quo. Omnis quia sint explicabo libero sit dolores sed.', '2017-06-17 17:28:43', '2017-06-17 17:28:43'),
(987, 690, 'Quisquam beatae eum officia deserunt. Quos aut consectetur quam cupiditate debitis reprehenderit alias. Molestias eum quod deserunt occaecati.', '2017-06-17 17:28:43', '2017-06-17 17:28:43'),
(988, 643, 'Maxime placeat quibusdam non necessitatibus. Velit et culpa distinctio sint qui. Magni consectetur cumque maxime.', '2017-06-17 17:28:43', '2017-06-17 17:28:43'),
(989, 546, 'Tempore voluptates officiis temporibus eaque quia placeat temporibus in. Et occaecati totam voluptatum quia. Est cumque facere debitis placeat saepe dolore ut. Fuga pariatur eius ut non natus iste. Iste numquam facere autem est.', '2017-06-17 17:28:43', '2017-06-17 17:28:43'),
(990, 948, 'Ad nulla voluptatibus aut praesentium est quae sequi. Incidunt unde ullam consequuntur autem sit. Nisi iure asperiores qui nam. Omnis soluta nostrum consequatur et voluptate est.', '2017-06-17 17:28:43', '2017-06-17 17:28:43'),
(991, 745, 'Iure sed cum consequatur debitis ex et cum modi. Autem libero consequuntur unde sed et adipisci. Alias at quia eos necessitatibus perferendis minus ut. Sapiente fugiat cum rem rerum ab eum.', '2017-06-17 17:28:44', '2017-06-17 17:28:44'),
(992, 914, 'Rerum aspernatur quae qui voluptas occaecati ducimus. Maiores doloribus qui iste quia mollitia non doloribus enim. Rerum labore ipsam consequuntur molestiae dolor. Aut numquam perferendis velit praesentium.', '2017-06-17 17:28:44', '2017-06-17 17:28:44'),
(993, 697, 'Non consectetur ut molestiae qui quo. Dolor inventore quam exercitationem sint. Itaque sunt consequatur consequuntur ut tempora consectetur excepturi possimus.', '2017-06-17 17:28:44', '2017-06-17 17:28:44'),
(994, 850, 'Saepe ad enim suscipit impedit sit qui asperiores iure. Et aut voluptatibus voluptatum. Sit nihil quasi veniam.', '2017-06-17 17:28:44', '2017-06-17 17:28:44'),
(995, 832, 'Quis tempora ut est voluptates. Rerum sit quidem aut et. Quo unde omnis fugiat dolorem nemo et. Earum accusantium aspernatur deserunt repudiandae illo labore maxime.', '2017-06-17 17:28:44', '2017-06-17 17:28:44'),
(996, 902, 'Modi quisquam tempora est ut. Mollitia veniam ut ea qui quaerat mollitia inventore. Necessitatibus cupiditate eos perspiciatis reprehenderit.', '2017-06-17 17:28:44', '2017-06-17 17:28:44'),
(997, 998, 'Aut adipisci porro sit fugiat sed facere. Ducimus et rerum amet quo ducimus rem.', '2017-06-17 17:28:44', '2017-06-17 17:28:44'),
(998, 852, 'At eius aut tenetur eaque. Minima illum aut amet.', '2017-06-17 17:28:44', '2017-06-17 17:28:44'),
(999, 711, 'Omnis debitis sapiente similique et est. Suscipit reiciendis aut est nam non. Recusandae et maxime laudantium illum quo quia. Omnis voluptatem veritatis et molestiae fuga omnis mollitia consequatur.', '2017-06-17 17:28:44', '2017-06-17 17:28:44'),
(1000, 810, 'Est non culpa sit velit. A et similique aut recusandae dolor consequuntur perspiciatis. Et incidunt nesciunt eos distinctio quos perferendis nam. Nesciunt omnis et velit molestias iure debitis.', '2017-06-17 17:28:44', '2017-06-17 17:28:44');

-- --------------------------------------------------------

--
-- Table structure for table `products`
--

CREATE TABLE `products` (
  `id` int(11) NOT NULL,
  `ProductCode` varchar(50) DEFAULT NULL,
  `ProductID` varchar(50) DEFAULT NULL,
  `ProductName` varchar(500) DEFAULT NULL,
  `ProductNameEng` varchar(500) DEFAULT NULL,
  `ProductNameBanglaShort` varchar(500) DEFAULT NULL,
  `ProductNameBanglaFull` varchar(500) DEFAULT NULL,
  `InterestPercentage` varchar(50) DEFAULT NULL,
  `Frequency` varchar(50) DEFAULT NULL,
  `Duration` varchar(50) DEFAULT NULL,
  `EffectiveFrom` varchar(50) DEFAULT NULL,
  `EffectiveTo` varchar(50) DEFAULT NULL,
  `IsActive` varchar(50) DEFAULT NULL,
  `MultipleSavings` varchar(50) DEFAULT NULL,
  `WithdrawlFacily` varchar(50) DEFAULT NULL,
  `MinimumAmount` varchar(50) DEFAULT NULL,
  `MaximumAmount` varchar(50) DEFAULT NULL,
  `MinimumBalanceAmount` varchar(50) DEFAULT NULL,
  `MinimumBalanceAmountPercentage` varchar(50) DEFAULT NULL,
  `MaxDueCycle` varchar(50) DEFAULT NULL,
  `PassBookAvailability` varchar(50) DEFAULT NULL,
  `SpecialWithdrawFacility` varchar(50) DEFAULT NULL,
  `InvestmentAgainstSavings` varchar(50) DEFAULT NULL,
  `PercentageofInvestmentAgainstSavings` varchar(50) DEFAULT NULL,
  `AutomaticSchemeRenewal` varchar(50) DEFAULT NULL,
  `DividedbyValue` varchar(50) DEFAULT NULL,
  `MaxWithdrawTimeforAvoidingPenaltyPerMonth` varchar(50) DEFAULT NULL,
  `MaxWithdrawLimitPerMonth` varchar(50) DEFAULT NULL,
  `name` varchar(50) DEFAULT NULL,
  `created_at` datetime DEFAULT NULL,
  `updated_at` datetime DEFAULT NULL
) ENGINE=InnoDB DEFAULT CHARSET=utf8;

--
-- Dumping data for table `products`
--

INSERT INTO `products` (`id`, `ProductCode`, `ProductID`, `ProductName`, `ProductNameEng`, `ProductNameBanglaShort`, `ProductNameBanglaFull`, `InterestPercentage`, `Frequency`, `Duration`, `EffectiveFrom`, `EffectiveTo`, `IsActive`, `MultipleSavings`, `WithdrawlFacily`, `MinimumAmount`, `MaximumAmount`, `MinimumBalanceAmount`, `MinimumBalanceAmountPercentage`, `MaxDueCycle`, `PassBookAvailability`, `SpecialWithdrawFacility`, `InvestmentAgainstSavings`, `PercentageofInvestmentAgainstSavings`, `AutomaticSchemeRenewal`, `DividedbyValue`, `MaxWithdrawTimeforAvoidingPenaltyPerMonth`, `MaxWithdrawLimitPerMonth`, `name`, `created_at`, `updated_at`) VALUES
(1, '001', 'MGSMM', 'Mudaraba Genaral Saving ME Monthly', 'Mudaraba Genaral Saving ME Monthly', 'এম জি এসএমএম', 'মুদারাবা সাধারন সঞ্চয় ME মাসিক', '7', '2', '7', '', '', '1', '1', '1', '500', '50000', '299', '500', '4', '1', '1', '90000', '90', '1', '1000', '1', '50000', NULL, '2017-04-02 07:16:33', '2017-04-11 05:30:05'),
(2, '002', 'MGSW', 'Mudaraba Genaral Saving Weekly', 'Mudaraba Genaral Saving Weekly', 'এম জি এসডব্লিউ', 'মুদারাবা সাপ্তাহিক সাধারন সঞ্চয়', '', '1', '', '', '', '1', '1', '2', '', '', '', '', '', '1', '', '', '', '', '', '', '', NULL, '2017-04-08 09:26:14', '2017-04-11 05:31:13'),
(3, '003', 'MGSM', 'Mudaraba Genaral Saving Monthly', 'Mudaraba Genaral Saving Monthly', 'এমজিএসএম', 'Mudaraba Genaral Saving Monthly', '', '2', '', '', '', '', '', '', '', '', '', '', '', '', '', '', '', '', '', '', '', NULL, '2017-04-08 09:32:09', '2017-04-11 05:34:13'),
(4, '004', 'MSSMM', 'Mudaraba Special Saving ME Monthly', 'Mudaraba Special Saving ME Monthly', 'Mudaraba Special Saving ME Monthly', 'Mudaraba Special Saving ME Monthly', '-4', '2', '', '', '', '', '', '', '', '', '', '', '', '', '', '', '', '', '', '', '', NULL, '2017-04-08 09:33:10', '2017-04-13 07:49:27'),
(5, '005', 'MSSW', 'Mudaraba Special Saving Weekly', 'Mudaraba Special Saving Weekly', 'Mudaraba Special Saving Weekly', 'Mudaraba Special Saving Weekly', '', '1', '', '', '', '', '', '', '', '', '', '', '', '', '', '', '', '', '', '', '', NULL, '2017-04-08 09:34:21', '2017-04-13 07:49:39'),
(6, '006', 'MSSM', 'Mudaraba Special Saving Monthly', 'Mudaraba Special Saving Monthly', 'Mudaraba Special Saving Genaral Member Monthly', 'Mudaraba Special Saving Genaral Member Monthly', '', '2', '', '', '', '', '', '', '', '', '', '', '', '', '', '', '', '', '', '', '', NULL, '2017-04-08 09:35:18', '2017-04-13 07:49:47'),
(7, '007', 'MTSS', 'Mudaraba TSS', 'Mudaraba TSS', 'Mudaraba TSS', 'Mudaraba TSS', '', '2', '', '', '', '', '', '', '', '', '', '', '', '', '', '', '', '', '', '', '', NULL, '2017-04-10 10:02:11', '2017-04-13 07:49:57'),
(8, '008', 'MFD', 'Mudaraba Fixed Deposit', 'Mudaraba Fixed Deposit', 'Mudaraba Fixed Deposit', 'Mudaraba Fixed Deposit', '', '2', '', '', '', '', '', '', '', '', '', '', '', '', '', '', '', '', '', '', '', NULL, '2017-04-10 10:02:42', '2017-04-13 07:50:06');

-- --------------------------------------------------------

--
-- Table structure for table `producttypes`
--

CREATE TABLE `producttypes` (
  `id` int(11) NOT NULL,
  `name` varchar(500) DEFAULT NULL,
  `ProducttypeyName` varchar(500) DEFAULT NULL,
  `ProducttypeyCode` varchar(500) DEFAULT NULL,
  `ProductInstallments` int(11) NOT NULL DEFAULT '0',
  `ProductRate` float NOT NULL DEFAULT '0',
  `created_at` datetime DEFAULT NULL,
  `updated_at` datetime DEFAULT NULL
) ENGINE=InnoDB DEFAULT CHARSET=utf8;

--
-- Dumping data for table `producttypes`
--

INSERT INTO `producttypes` (`id`, `name`, `ProducttypeyName`, `ProducttypeyCode`, `ProductInstallments`, `ProductRate`, `created_at`, `updated_at`) VALUES
(1, NULL, 'বিনিয়োগ', '1001', 12, 12, '2017-02-02 10:30:37', '2017-02-11 08:02:56'),
(3, NULL, 'ঋণ', '1002', 18, 14, '2017-02-02 11:01:59', '2017-02-11 08:03:22'),
(4, NULL, 'সঞ্চয়', '1003', 24, 13, '2017-02-02 11:02:53', '2017-02-11 08:03:10'),
(5, NULL, 'ইন্সুরেন্স', '456877', 12, 14, '2017-02-11 08:03:56', '2017-02-11 08:03:56'),
(6, NULL, 'BUSNESS', '01', 12, 15, '2017-05-07 04:47:41', '2017-05-07 04:47:41');

-- --------------------------------------------------------

--
-- Table structure for table `savingtables`
--

CREATE TABLE `savingtables` (
  `id` int(11) NOT NULL,
  `DomainName` varchar(500) DEFAULT NULL,
  `DivisionName` varchar(500) NOT NULL,
  `ZoneId` varchar(500) DEFAULT NULL,
  `AreaId` varchar(500) DEFAULT NULL,
  `BranchId` varchar(500) DEFAULT NULL,
  `MonthId` varchar(500) DEFAULT NULL,
  `YearId` varchar(500) DEFAULT NULL,
  `MemberId` varchar(500) NOT NULL,
  `MemberName` varchar(500) NOT NULL,
  `AccountNo` varchar(500) DEFAULT NULL,
  `GSaving` varchar(500) DEFAULT NULL,
  `Dps` varchar(500) NOT NULL,
  `posted_by` varchar(500) NOT NULL,
  `created_at` datetime DEFAULT NULL,
  `updated_at` datetime DEFAULT NULL
) ENGINE=InnoDB DEFAULT CHARSET=utf8;

--
-- Dumping data for table `savingtables`
--

INSERT INTO `savingtables` (`id`, `DomainName`, `DivisionName`, `ZoneId`, `AreaId`, `BranchId`, `MonthId`, `YearId`, `MemberId`, `MemberName`, `AccountNo`, `GSaving`, `Dps`, `posted_by`, `created_at`, `updated_at`) VALUES
(2, '1', '1', '1', '1', '1', NULL, NULL, '1', '1', '121', '0', '0', '1002', '2017-07-04 03:37:03', '2017-07-04 03:37:03'),
(3, '1', '1', '1', '1', '1', NULL, NULL, '2', '2', '211', '0', '0', '1002', '2017-07-04 08:38:27', '2017-07-04 08:38:27'),
(4, '4', '4', '4', '4', '4', NULL, NULL, '4', 'ami', '421', '0', '0', '1002', '2017-07-04 14:02:37', '2017-07-04 14:02:37'),
(5, '1', '1', '1', '1', '1', '1', '1', '1', 'shishir', '121', '100', '200', '1002', '2017-07-04 17:26:18', '2017-07-04 17:26:18'),
(6, '1', '1', '1', '1', '1', '1', '1', '1', 'shishir', '121', '100', '200', '1002', '2017-07-04 17:27:26', '2017-07-04 17:27:26'),
(7, '1', '1', '1', '1', '1', '1', '1', '1', 'shishir', '121', '200', '400', '1002', '2017-07-04 17:29:05', '2017-07-04 17:29:05'),
(8, '1', '1', '1', '1', '1', '1', '1', '1', 'shishir', '121', '300', '600', '1002', '2017-07-04 17:42:54', '2017-07-04 17:42:54'),
(9, '1', '1', '1', '1', '1', NULL, NULL, '1', 'shishir', '111', '0', '0', '1002', '2017-07-05 03:42:11', '2017-07-05 03:42:11'),
(10, '1', '1', '1', '1', '1', '1', '1', '1', 'shishir', '111', '100', '300', '1002', '2017-07-05 03:43:40', '2017-07-05 03:43:40'),
(11, '1', '1', '1', '1', '1', NULL, NULL, '2', 'zia', '211', '0', '0', '1002', '2017-07-05 03:57:17', '2017-07-05 03:57:17'),
(12, '1', '1', '1', '1', '1', '2', '1', '1', 'shishir', '111', '200', '600', '1002', '2017-07-05 03:57:59', '2017-07-05 03:57:59'),
(13, '1', '1', '1', '1', '1', '2', '1', '2', 'zia', '211', '100', '200', '1002', '2017-07-05 03:58:04', '2017-07-05 03:58:04');

-- --------------------------------------------------------

--
-- Table structure for table `shares`
--

CREATE TABLE `shares` (
  `id` int(11) NOT NULL,
  `serial_no` varchar(11) DEFAULT NULL,
  `member_id` varchar(500) DEFAULT NULL,
  `member_name` varchar(500) DEFAULT NULL,
  `mobile_no` varchar(500) DEFAULT NULL,
  `base_share_number` int(11) DEFAULT NULL,
  `base_share_amount` float DEFAULT NULL,
  `add_share_number` int(11) DEFAULT NULL,
  `add_share_amount` float DEFAULT NULL,
  `withdraw_share_number` int(11) DEFAULT NULL,
  `withdraw_share_amount` float DEFAULT NULL,
  `present_share_number` int(11) DEFAULT NULL,
  `present_share_amount` float DEFAULT NULL,
  `date` varchar(500) DEFAULT NULL,
  `created_at` varchar(500) DEFAULT NULL,
  `updated_at` varchar(100) DEFAULT NULL,
  `name` varchar(100) DEFAULT NULL
) ENGINE=InnoDB DEFAULT CHARSET=utf8;

--
-- Dumping data for table `shares`
--

INSERT INTO `shares` (`id`, `serial_no`, `member_id`, `member_name`, `mobile_no`, `base_share_number`, `base_share_amount`, `add_share_number`, `add_share_amount`, `withdraw_share_number`, `withdraw_share_amount`, `present_share_number`, `present_share_amount`, `date`, `created_at`, `updated_at`, `name`) VALUES
(0, '1', '1', '1', '1', 1, 100, NULL, NULL, NULL, NULL, 1, 100, '2017-07-03', '2017-07-03 07:02:35', '2017-07-03 07:02:35', NULL);

-- --------------------------------------------------------

--
-- Table structure for table `statuses`
--

CREATE TABLE `statuses` (
  `id` int(11) NOT NULL,
  `name` varchar(500) DEFAULT NULL,
  `Status` varchar(500) DEFAULT NULL,
  `created_at` datetime DEFAULT NULL,
  `updated_at` datetime DEFAULT NULL
) ENGINE=InnoDB DEFAULT CHARSET=utf8;

--
-- Dumping data for table `statuses`
--

INSERT INTO `statuses` (`id`, `name`, `Status`, `created_at`, `updated_at`) VALUES
(1, NULL, 'YES', NULL, NULL),
(2, NULL, 'NO', NULL, NULL);

-- --------------------------------------------------------

--
-- Table structure for table `taggables`
--

CREATE TABLE `taggables` (
  `tag_id` int(10) UNSIGNED NOT NULL,
  `taggable_id` int(10) UNSIGNED NOT NULL,
  `taggable_type` varchar(255) COLLATE utf8_unicode_ci NOT NULL
) ENGINE=InnoDB DEFAULT CHARSET=utf8 COLLATE=utf8_unicode_ci;

--
-- Dumping data for table `taggables`
--

INSERT INTO `taggables` (`tag_id`, `taggable_id`, `taggable_type`) VALUES
(1, 501, 'App\\Post'),
(2, 501, 'App\\Post'),
(3, 501, 'App\\Post'),
(0, 502, 'App\\Post'),
(0, 503, 'App\\Post'),
(1, 504, 'App\\Post'),
(2, 504, 'App\\Post'),
(3, 504, 'App\\Post'),
(4, 504, 'App\\Post'),
(0, 505, 'App\\Post'),
(2, 506, 'App\\Post'),
(3, 506, 'App\\Post'),
(0, 507, 'App\\Post'),
(0, 508, 'App\\Post'),
(0, 509, 'App\\Post'),
(1, 510, 'App\\Post'),
(2, 510, 'App\\Post'),
(3, 510, 'App\\Post'),
(1, 511, 'App\\Post'),
(3, 511, 'App\\Post'),
(4, 511, 'App\\Post'),
(1, 512, 'App\\Post'),
(2, 512, 'App\\Post'),
(3, 512, 'App\\Post'),
(4, 512, 'App\\Post'),
(1, 513, 'App\\Post'),
(2, 513, 'App\\Post'),
(4, 513, 'App\\Post'),
(2, 514, 'App\\Post'),
(4, 514, 'App\\Post'),
(1, 515, 'App\\Post'),
(2, 515, 'App\\Post'),
(3, 515, 'App\\Post'),
(4, 515, 'App\\Post'),
(1, 516, 'App\\Post'),
(3, 516, 'App\\Post'),
(3, 517, 'App\\Post'),
(4, 517, 'App\\Post'),
(1, 518, 'App\\Post'),
(3, 518, 'App\\Post'),
(2, 519, 'App\\Post'),
(3, 519, 'App\\Post'),
(4, 519, 'App\\Post'),
(2, 520, 'App\\Post'),
(4, 520, 'App\\Post'),
(1, 521, 'App\\Post'),
(2, 521, 'App\\Post'),
(3, 521, 'App\\Post'),
(4, 521, 'App\\Post'),
(0, 522, 'App\\Post'),
(0, 523, 'App\\Post'),
(0, 524, 'App\\Post'),
(2, 525, 'App\\Post'),
(4, 525, 'App\\Post'),
(1, 526, 'App\\Post'),
(3, 526, 'App\\Post'),
(4, 526, 'App\\Post'),
(0, 527, 'App\\Post'),
(1, 528, 'App\\Post'),
(3, 528, 'App\\Post'),
(4, 528, 'App\\Post'),
(2, 529, 'App\\Post'),
(4, 529, 'App\\Post'),
(0, 530, 'App\\Post'),
(0, 531, 'App\\Post'),
(1, 532, 'App\\Post'),
(2, 532, 'App\\Post'),
(3, 532, 'App\\Post'),
(4, 532, 'App\\Post'),
(1, 533, 'App\\Post'),
(2, 533, 'App\\Post'),
(3, 533, 'App\\Post'),
(4, 533, 'App\\Post'),
(1, 534, 'App\\Post'),
(2, 534, 'App\\Post'),
(3, 534, 'App\\Post'),
(1, 535, 'App\\Post'),
(2, 535, 'App\\Post'),
(3, 535, 'App\\Post'),
(4, 535, 'App\\Post'),
(1, 536, 'App\\Post'),
(2, 536, 'App\\Post'),
(3, 536, 'App\\Post'),
(4, 536, 'App\\Post'),
(0, 537, 'App\\Post'),
(2, 538, 'App\\Post'),
(3, 538, 'App\\Post'),
(3, 539, 'App\\Post'),
(4, 539, 'App\\Post'),
(2, 540, 'App\\Post'),
(4, 540, 'App\\Post'),
(3, 541, 'App\\Post'),
(4, 541, 'App\\Post'),
(3, 542, 'App\\Post'),
(4, 542, 'App\\Post'),
(1, 543, 'App\\Post'),
(2, 543, 'App\\Post'),
(3, 544, 'App\\Post'),
(4, 544, 'App\\Post'),
(0, 545, 'App\\Post'),
(1, 546, 'App\\Post'),
(2, 546, 'App\\Post'),
(3, 547, 'App\\Post'),
(4, 547, 'App\\Post'),
(2, 548, 'App\\Post'),
(4, 548, 'App\\Post'),
(1, 549, 'App\\Post'),
(2, 549, 'App\\Post'),
(4, 549, 'App\\Post'),
(1, 550, 'App\\Post'),
(2, 550, 'App\\Post'),
(3, 550, 'App\\Post'),
(0, 551, 'App\\Post'),
(1, 552, 'App\\Post'),
(2, 552, 'App\\Post'),
(4, 552, 'App\\Post'),
(0, 553, 'App\\Post'),
(3, 554, 'App\\Post'),
(4, 554, 'App\\Post'),
(1, 555, 'App\\Post'),
(2, 555, 'App\\Post'),
(1, 556, 'App\\Post'),
(3, 556, 'App\\Post'),
(4, 556, 'App\\Post'),
(2, 557, 'App\\Post'),
(3, 557, 'App\\Post'),
(4, 557, 'App\\Post'),
(0, 558, 'App\\Post'),
(2, 559, 'App\\Post'),
(3, 559, 'App\\Post'),
(1, 560, 'App\\Post'),
(2, 560, 'App\\Post'),
(1, 561, 'App\\Post'),
(2, 561, 'App\\Post'),
(3, 561, 'App\\Post'),
(4, 561, 'App\\Post'),
(1, 562, 'App\\Post'),
(2, 562, 'App\\Post'),
(3, 562, 'App\\Post'),
(4, 562, 'App\\Post'),
(1, 563, 'App\\Post'),
(2, 563, 'App\\Post'),
(3, 563, 'App\\Post'),
(4, 563, 'App\\Post'),
(0, 564, 'App\\Post'),
(1, 565, 'App\\Post'),
(3, 565, 'App\\Post'),
(3, 566, 'App\\Post'),
(4, 566, 'App\\Post'),
(0, 567, 'App\\Post'),
(3, 568, 'App\\Post'),
(4, 568, 'App\\Post'),
(3, 569, 'App\\Post'),
(4, 569, 'App\\Post'),
(1, 570, 'App\\Post'),
(2, 570, 'App\\Post'),
(3, 570, 'App\\Post'),
(4, 570, 'App\\Post'),
(2, 571, 'App\\Post'),
(4, 571, 'App\\Post'),
(0, 572, 'App\\Post'),
(2, 573, 'App\\Post'),
(3, 573, 'App\\Post'),
(4, 573, 'App\\Post'),
(2, 574, 'App\\Post'),
(3, 574, 'App\\Post'),
(4, 574, 'App\\Post'),
(0, 575, 'App\\Post'),
(1, 576, 'App\\Post'),
(2, 576, 'App\\Post'),
(3, 576, 'App\\Post'),
(4, 576, 'App\\Post'),
(1, 577, 'App\\Post'),
(2, 577, 'App\\Post'),
(3, 577, 'App\\Post'),
(4, 577, 'App\\Post'),
(1, 578, 'App\\Post'),
(4, 578, 'App\\Post'),
(1, 579, 'App\\Post'),
(3, 579, 'App\\Post'),
(1, 580, 'App\\Post'),
(2, 580, 'App\\Post'),
(3, 580, 'App\\Post'),
(4, 580, 'App\\Post'),
(1, 581, 'App\\Post'),
(2, 581, 'App\\Post'),
(4, 581, 'App\\Post'),
(0, 582, 'App\\Post'),
(1, 583, 'App\\Post'),
(2, 583, 'App\\Post'),
(3, 583, 'App\\Post'),
(4, 583, 'App\\Post'),
(1, 584, 'App\\Post'),
(2, 584, 'App\\Post'),
(3, 584, 'App\\Post'),
(4, 584, 'App\\Post'),
(0, 585, 'App\\Post'),
(1, 586, 'App\\Post'),
(4, 586, 'App\\Post'),
(2, 587, 'App\\Post'),
(3, 587, 'App\\Post'),
(4, 587, 'App\\Post'),
(1, 588, 'App\\Post'),
(2, 588, 'App\\Post'),
(3, 588, 'App\\Post'),
(4, 588, 'App\\Post'),
(0, 589, 'App\\Post'),
(0, 590, 'App\\Post'),
(1, 591, 'App\\Post'),
(2, 591, 'App\\Post'),
(3, 591, 'App\\Post'),
(4, 591, 'App\\Post'),
(1, 592, 'App\\Post'),
(2, 592, 'App\\Post'),
(3, 592, 'App\\Post'),
(1, 593, 'App\\Post'),
(2, 593, 'App\\Post'),
(3, 593, 'App\\Post'),
(4, 593, 'App\\Post'),
(1, 594, 'App\\Post'),
(2, 594, 'App\\Post'),
(4, 594, 'App\\Post'),
(1, 595, 'App\\Post'),
(2, 595, 'App\\Post'),
(3, 595, 'App\\Post'),
(4, 595, 'App\\Post'),
(1, 596, 'App\\Post'),
(2, 596, 'App\\Post'),
(0, 597, 'App\\Post'),
(3, 598, 'App\\Post'),
(4, 598, 'App\\Post'),
(1, 599, 'App\\Post'),
(3, 599, 'App\\Post'),
(4, 599, 'App\\Post'),
(2, 600, 'App\\Post'),
(3, 600, 'App\\Post'),
(4, 600, 'App\\Post'),
(2, 601, 'App\\Post'),
(3, 601, 'App\\Post'),
(2, 602, 'App\\Post'),
(4, 602, 'App\\Post'),
(3, 603, 'App\\Post'),
(4, 603, 'App\\Post'),
(1, 604, 'App\\Post'),
(2, 604, 'App\\Post'),
(3, 604, 'App\\Post'),
(4, 604, 'App\\Post'),
(2, 605, 'App\\Post'),
(3, 605, 'App\\Post'),
(0, 606, 'App\\Post'),
(1, 607, 'App\\Post'),
(3, 607, 'App\\Post'),
(4, 607, 'App\\Post'),
(1, 608, 'App\\Post'),
(3, 608, 'App\\Post'),
(1, 609, 'App\\Post'),
(4, 609, 'App\\Post'),
(1, 610, 'App\\Post'),
(2, 610, 'App\\Post'),
(3, 610, 'App\\Post'),
(4, 610, 'App\\Post'),
(1, 611, 'App\\Post'),
(2, 611, 'App\\Post'),
(3, 611, 'App\\Post'),
(4, 611, 'App\\Post'),
(1, 612, 'App\\Post'),
(2, 612, 'App\\Post'),
(3, 612, 'App\\Post'),
(3, 613, 'App\\Post'),
(4, 613, 'App\\Post'),
(2, 614, 'App\\Post'),
(4, 614, 'App\\Post'),
(1, 615, 'App\\Post'),
(2, 615, 'App\\Post'),
(3, 615, 'App\\Post'),
(0, 616, 'App\\Post'),
(1, 617, 'App\\Post'),
(2, 617, 'App\\Post'),
(3, 617, 'App\\Post'),
(4, 617, 'App\\Post'),
(1, 618, 'App\\Post'),
(2, 618, 'App\\Post'),
(3, 618, 'App\\Post'),
(4, 618, 'App\\Post'),
(3, 619, 'App\\Post'),
(4, 619, 'App\\Post'),
(1, 620, 'App\\Post'),
(2, 620, 'App\\Post'),
(4, 620, 'App\\Post'),
(2, 621, 'App\\Post'),
(3, 621, 'App\\Post'),
(4, 621, 'App\\Post'),
(1, 622, 'App\\Post'),
(2, 622, 'App\\Post'),
(3, 622, 'App\\Post'),
(4, 622, 'App\\Post'),
(1, 623, 'App\\Post'),
(2, 623, 'App\\Post'),
(3, 623, 'App\\Post'),
(0, 624, 'App\\Post'),
(1, 625, 'App\\Post'),
(2, 625, 'App\\Post'),
(3, 625, 'App\\Post'),
(1, 626, 'App\\Post'),
(2, 626, 'App\\Post'),
(3, 626, 'App\\Post'),
(4, 626, 'App\\Post'),
(1, 627, 'App\\Post'),
(4, 627, 'App\\Post'),
(2, 628, 'App\\Post'),
(3, 628, 'App\\Post'),
(4, 628, 'App\\Post'),
(1, 629, 'App\\Post'),
(3, 629, 'App\\Post'),
(4, 629, 'App\\Post'),
(1, 630, 'App\\Post'),
(2, 630, 'App\\Post'),
(3, 630, 'App\\Post'),
(4, 630, 'App\\Post'),
(1, 631, 'App\\Post'),
(2, 631, 'App\\Post'),
(3, 631, 'App\\Post'),
(4, 631, 'App\\Post'),
(1, 632, 'App\\Post'),
(2, 632, 'App\\Post'),
(3, 632, 'App\\Post'),
(4, 632, 'App\\Post'),
(2, 633, 'App\\Post'),
(3, 633, 'App\\Post'),
(4, 633, 'App\\Post'),
(1, 634, 'App\\Post'),
(2, 634, 'App\\Post'),
(4, 634, 'App\\Post'),
(2, 635, 'App\\Post'),
(4, 635, 'App\\Post'),
(1, 636, 'App\\Post'),
(3, 636, 'App\\Post'),
(1, 637, 'App\\Post'),
(2, 637, 'App\\Post'),
(1, 638, 'App\\Post'),
(2, 638, 'App\\Post'),
(3, 638, 'App\\Post'),
(1, 639, 'App\\Post'),
(2, 639, 'App\\Post'),
(3, 639, 'App\\Post'),
(4, 639, 'App\\Post'),
(1, 640, 'App\\Post'),
(3, 640, 'App\\Post'),
(4, 640, 'App\\Post'),
(0, 641, 'App\\Post'),
(3, 642, 'App\\Post'),
(4, 642, 'App\\Post'),
(1, 643, 'App\\Post'),
(2, 643, 'App\\Post'),
(3, 643, 'App\\Post'),
(4, 643, 'App\\Post'),
(2, 644, 'App\\Post'),
(3, 644, 'App\\Post'),
(4, 644, 'App\\Post'),
(0, 645, 'App\\Post'),
(1, 646, 'App\\Post'),
(4, 646, 'App\\Post'),
(1, 647, 'App\\Post'),
(2, 647, 'App\\Post'),
(3, 647, 'App\\Post'),
(4, 647, 'App\\Post'),
(2, 648, 'App\\Post'),
(3, 648, 'App\\Post'),
(0, 649, 'App\\Post'),
(1, 650, 'App\\Post'),
(2, 650, 'App\\Post'),
(0, 651, 'App\\Post'),
(1, 652, 'App\\Post'),
(4, 652, 'App\\Post'),
(0, 653, 'App\\Post'),
(0, 654, 'App\\Post'),
(1, 655, 'App\\Post'),
(2, 655, 'App\\Post'),
(4, 655, 'App\\Post'),
(1, 656, 'App\\Post'),
(2, 656, 'App\\Post'),
(3, 656, 'App\\Post'),
(4, 656, 'App\\Post'),
(1, 657, 'App\\Post'),
(2, 657, 'App\\Post'),
(4, 657, 'App\\Post'),
(0, 658, 'App\\Post'),
(1, 659, 'App\\Post'),
(2, 659, 'App\\Post'),
(3, 659, 'App\\Post'),
(4, 659, 'App\\Post'),
(3, 660, 'App\\Post'),
(4, 660, 'App\\Post'),
(1, 661, 'App\\Post'),
(2, 661, 'App\\Post'),
(3, 661, 'App\\Post'),
(4, 661, 'App\\Post'),
(1, 662, 'App\\Post'),
(2, 662, 'App\\Post'),
(4, 662, 'App\\Post'),
(1, 663, 'App\\Post'),
(3, 663, 'App\\Post'),
(1, 664, 'App\\Post'),
(2, 664, 'App\\Post'),
(3, 664, 'App\\Post'),
(4, 664, 'App\\Post'),
(1, 665, 'App\\Post'),
(3, 665, 'App\\Post'),
(2, 666, 'App\\Post'),
(3, 666, 'App\\Post'),
(4, 666, 'App\\Post'),
(3, 667, 'App\\Post'),
(4, 667, 'App\\Post'),
(1, 668, 'App\\Post'),
(2, 668, 'App\\Post'),
(2, 669, 'App\\Post'),
(3, 669, 'App\\Post'),
(4, 669, 'App\\Post'),
(2, 670, 'App\\Post'),
(3, 670, 'App\\Post'),
(2, 671, 'App\\Post'),
(4, 671, 'App\\Post'),
(0, 672, 'App\\Post'),
(1, 673, 'App\\Post'),
(3, 673, 'App\\Post'),
(1, 674, 'App\\Post'),
(3, 674, 'App\\Post'),
(2, 675, 'App\\Post'),
(3, 675, 'App\\Post'),
(4, 675, 'App\\Post'),
(0, 676, 'App\\Post'),
(2, 677, 'App\\Post'),
(3, 677, 'App\\Post'),
(4, 677, 'App\\Post'),
(1, 678, 'App\\Post'),
(2, 678, 'App\\Post'),
(4, 678, 'App\\Post'),
(1, 679, 'App\\Post'),
(2, 679, 'App\\Post'),
(3, 679, 'App\\Post'),
(4, 679, 'App\\Post'),
(0, 680, 'App\\Post'),
(1, 681, 'App\\Post'),
(2, 681, 'App\\Post'),
(3, 681, 'App\\Post'),
(4, 681, 'App\\Post'),
(0, 682, 'App\\Post'),
(1, 683, 'App\\Post'),
(2, 683, 'App\\Post'),
(3, 683, 'App\\Post'),
(4, 683, 'App\\Post'),
(2, 684, 'App\\Post'),
(4, 684, 'App\\Post'),
(1, 685, 'App\\Post'),
(2, 685, 'App\\Post'),
(3, 685, 'App\\Post'),
(4, 685, 'App\\Post'),
(1, 686, 'App\\Post'),
(2, 686, 'App\\Post'),
(4, 686, 'App\\Post'),
(1, 687, 'App\\Post'),
(2, 687, 'App\\Post'),
(3, 687, 'App\\Post'),
(4, 687, 'App\\Post'),
(1, 688, 'App\\Post'),
(2, 688, 'App\\Post'),
(3, 688, 'App\\Post'),
(1, 689, 'App\\Post'),
(3, 689, 'App\\Post'),
(4, 689, 'App\\Post'),
(1, 690, 'App\\Post'),
(2, 690, 'App\\Post'),
(3, 690, 'App\\Post'),
(4, 690, 'App\\Post'),
(2, 691, 'App\\Post'),
(3, 691, 'App\\Post'),
(4, 691, 'App\\Post'),
(0, 692, 'App\\Post'),
(0, 693, 'App\\Post'),
(1, 694, 'App\\Post'),
(2, 694, 'App\\Post'),
(3, 694, 'App\\Post'),
(1, 695, 'App\\Post'),
(3, 695, 'App\\Post'),
(1, 696, 'App\\Post'),
(3, 696, 'App\\Post'),
(1, 697, 'App\\Post'),
(4, 697, 'App\\Post'),
(1, 698, 'App\\Post'),
(2, 698, 'App\\Post'),
(3, 698, 'App\\Post'),
(4, 698, 'App\\Post'),
(1, 699, 'App\\Post'),
(2, 699, 'App\\Post'),
(4, 699, 'App\\Post'),
(1, 700, 'App\\Post'),
(2, 700, 'App\\Post'),
(3, 700, 'App\\Post'),
(4, 700, 'App\\Post'),
(1, 701, 'App\\Post'),
(2, 701, 'App\\Post'),
(3, 701, 'App\\Post'),
(4, 701, 'App\\Post'),
(1, 702, 'App\\Post'),
(2, 702, 'App\\Post'),
(4, 702, 'App\\Post'),
(0, 703, 'App\\Post'),
(1, 704, 'App\\Post'),
(2, 704, 'App\\Post'),
(4, 704, 'App\\Post'),
(1, 705, 'App\\Post'),
(4, 705, 'App\\Post'),
(1, 706, 'App\\Post'),
(2, 706, 'App\\Post'),
(3, 706, 'App\\Post'),
(1, 707, 'App\\Post'),
(4, 707, 'App\\Post'),
(1, 708, 'App\\Post'),
(2, 708, 'App\\Post'),
(3, 708, 'App\\Post'),
(4, 708, 'App\\Post'),
(1, 709, 'App\\Post'),
(2, 709, 'App\\Post'),
(3, 709, 'App\\Post'),
(4, 709, 'App\\Post'),
(1, 710, 'App\\Post'),
(4, 710, 'App\\Post'),
(1, 711, 'App\\Post'),
(2, 711, 'App\\Post'),
(3, 711, 'App\\Post'),
(1, 712, 'App\\Post'),
(2, 712, 'App\\Post'),
(3, 712, 'App\\Post'),
(3, 713, 'App\\Post'),
(4, 713, 'App\\Post'),
(1, 714, 'App\\Post'),
(2, 714, 'App\\Post'),
(4, 714, 'App\\Post'),
(0, 715, 'App\\Post'),
(0, 716, 'App\\Post'),
(1, 717, 'App\\Post'),
(2, 717, 'App\\Post'),
(3, 717, 'App\\Post'),
(4, 717, 'App\\Post'),
(0, 718, 'App\\Post'),
(1, 719, 'App\\Post'),
(2, 719, 'App\\Post'),
(3, 719, 'App\\Post'),
(0, 720, 'App\\Post'),
(1, 721, 'App\\Post'),
(2, 721, 'App\\Post'),
(3, 721, 'App\\Post'),
(0, 722, 'App\\Post'),
(1, 723, 'App\\Post'),
(3, 723, 'App\\Post'),
(4, 723, 'App\\Post'),
(1, 724, 'App\\Post'),
(2, 724, 'App\\Post'),
(3, 724, 'App\\Post'),
(4, 724, 'App\\Post'),
(0, 725, 'App\\Post'),
(1, 726, 'App\\Post'),
(3, 726, 'App\\Post'),
(4, 726, 'App\\Post'),
(1, 727, 'App\\Post'),
(2, 727, 'App\\Post'),
(3, 727, 'App\\Post'),
(0, 728, 'App\\Post'),
(1, 729, 'App\\Post'),
(3, 729, 'App\\Post'),
(0, 730, 'App\\Post'),
(1, 731, 'App\\Post'),
(2, 731, 'App\\Post'),
(2, 732, 'App\\Post'),
(4, 732, 'App\\Post'),
(1, 733, 'App\\Post'),
(2, 733, 'App\\Post'),
(3, 733, 'App\\Post'),
(4, 733, 'App\\Post'),
(2, 734, 'App\\Post'),
(3, 734, 'App\\Post'),
(4, 734, 'App\\Post'),
(1, 735, 'App\\Post'),
(2, 735, 'App\\Post'),
(3, 735, 'App\\Post'),
(4, 735, 'App\\Post'),
(0, 736, 'App\\Post'),
(1, 737, 'App\\Post'),
(2, 737, 'App\\Post'),
(3, 737, 'App\\Post'),
(4, 737, 'App\\Post'),
(1, 738, 'App\\Post'),
(2, 738, 'App\\Post'),
(4, 738, 'App\\Post'),
(0, 739, 'App\\Post'),
(1, 740, 'App\\Post'),
(2, 740, 'App\\Post'),
(3, 740, 'App\\Post'),
(1, 741, 'App\\Post'),
(2, 741, 'App\\Post'),
(3, 741, 'App\\Post'),
(1, 742, 'App\\Post'),
(2, 742, 'App\\Post'),
(1, 743, 'App\\Post'),
(2, 743, 'App\\Post'),
(3, 743, 'App\\Post'),
(4, 743, 'App\\Post'),
(1, 744, 'App\\Post'),
(2, 744, 'App\\Post'),
(3, 744, 'App\\Post'),
(1, 745, 'App\\Post'),
(3, 745, 'App\\Post'),
(2, 746, 'App\\Post'),
(3, 746, 'App\\Post'),
(1, 747, 'App\\Post'),
(3, 747, 'App\\Post'),
(4, 747, 'App\\Post'),
(1, 748, 'App\\Post'),
(4, 748, 'App\\Post'),
(1, 749, 'App\\Post'),
(2, 749, 'App\\Post'),
(3, 749, 'App\\Post'),
(4, 749, 'App\\Post'),
(0, 750, 'App\\Post'),
(1, 751, 'App\\Post'),
(2, 751, 'App\\Post'),
(3, 751, 'App\\Post'),
(4, 751, 'App\\Post'),
(1, 752, 'App\\Post'),
(4, 752, 'App\\Post'),
(1, 753, 'App\\Post'),
(2, 753, 'App\\Post'),
(3, 753, 'App\\Post'),
(2, 754, 'App\\Post'),
(3, 754, 'App\\Post'),
(4, 754, 'App\\Post'),
(1, 755, 'App\\Post'),
(2, 755, 'App\\Post'),
(3, 755, 'App\\Post'),
(4, 755, 'App\\Post'),
(3, 756, 'App\\Post'),
(4, 756, 'App\\Post'),
(2, 757, 'App\\Post'),
(3, 757, 'App\\Post'),
(1, 758, 'App\\Post'),
(4, 758, 'App\\Post'),
(1, 759, 'App\\Post'),
(2, 759, 'App\\Post'),
(3, 759, 'App\\Post'),
(0, 760, 'App\\Post'),
(1, 761, 'App\\Post'),
(2, 761, 'App\\Post'),
(3, 761, 'App\\Post'),
(0, 762, 'App\\Post'),
(1, 763, 'App\\Post'),
(3, 763, 'App\\Post'),
(0, 764, 'App\\Post'),
(2, 765, 'App\\Post'),
(3, 765, 'App\\Post'),
(4, 765, 'App\\Post'),
(1, 766, 'App\\Post'),
(2, 766, 'App\\Post'),
(3, 766, 'App\\Post'),
(1, 767, 'App\\Post'),
(2, 767, 'App\\Post'),
(4, 767, 'App\\Post'),
(1, 768, 'App\\Post'),
(2, 768, 'App\\Post'),
(4, 768, 'App\\Post'),
(1, 769, 'App\\Post'),
(2, 769, 'App\\Post'),
(3, 769, 'App\\Post'),
(4, 769, 'App\\Post'),
(1, 770, 'App\\Post'),
(2, 770, 'App\\Post'),
(3, 770, 'App\\Post'),
(0, 771, 'App\\Post'),
(2, 772, 'App\\Post'),
(4, 772, 'App\\Post'),
(0, 773, 'App\\Post'),
(1, 774, 'App\\Post'),
(2, 774, 'App\\Post'),
(3, 774, 'App\\Post'),
(4, 774, 'App\\Post'),
(0, 775, 'App\\Post'),
(0, 776, 'App\\Post'),
(1, 777, 'App\\Post'),
(4, 777, 'App\\Post'),
(1, 778, 'App\\Post'),
(2, 778, 'App\\Post'),
(3, 778, 'App\\Post'),
(1, 779, 'App\\Post'),
(2, 779, 'App\\Post'),
(3, 779, 'App\\Post'),
(4, 779, 'App\\Post'),
(3, 780, 'App\\Post'),
(4, 780, 'App\\Post'),
(0, 781, 'App\\Post'),
(0, 782, 'App\\Post'),
(3, 783, 'App\\Post'),
(4, 783, 'App\\Post'),
(1, 784, 'App\\Post'),
(2, 784, 'App\\Post'),
(1, 785, 'App\\Post'),
(2, 785, 'App\\Post'),
(3, 785, 'App\\Post'),
(4, 785, 'App\\Post'),
(1, 786, 'App\\Post'),
(3, 786, 'App\\Post'),
(4, 786, 'App\\Post'),
(1, 787, 'App\\Post'),
(3, 787, 'App\\Post'),
(0, 788, 'App\\Post'),
(0, 789, 'App\\Post'),
(1, 790, 'App\\Post'),
(2, 790, 'App\\Post'),
(3, 790, 'App\\Post'),
(4, 790, 'App\\Post'),
(1, 791, 'App\\Post'),
(4, 791, 'App\\Post'),
(1, 792, 'App\\Post'),
(2, 792, 'App\\Post'),
(3, 792, 'App\\Post'),
(4, 792, 'App\\Post'),
(1, 793, 'App\\Post'),
(2, 793, 'App\\Post'),
(3, 793, 'App\\Post'),
(4, 793, 'App\\Post'),
(0, 794, 'App\\Post'),
(1, 795, 'App\\Post'),
(2, 795, 'App\\Post'),
(3, 795, 'App\\Post'),
(1, 796, 'App\\Post'),
(2, 796, 'App\\Post'),
(4, 796, 'App\\Post'),
(1, 797, 'App\\Post'),
(3, 797, 'App\\Post'),
(1, 798, 'App\\Post'),
(2, 798, 'App\\Post'),
(3, 798, 'App\\Post'),
(4, 798, 'App\\Post'),
(0, 799, 'App\\Post'),
(1, 800, 'App\\Post'),
(2, 800, 'App\\Post'),
(4, 800, 'App\\Post'),
(0, 801, 'App\\Post'),
(2, 802, 'App\\Post'),
(4, 802, 'App\\Post'),
(1, 803, 'App\\Post'),
(3, 803, 'App\\Post'),
(4, 803, 'App\\Post'),
(1, 804, 'App\\Post'),
(2, 804, 'App\\Post'),
(3, 804, 'App\\Post'),
(4, 804, 'App\\Post'),
(0, 805, 'App\\Post'),
(1, 806, 'App\\Post'),
(2, 806, 'App\\Post'),
(4, 806, 'App\\Post'),
(1, 807, 'App\\Post'),
(2, 807, 'App\\Post'),
(3, 807, 'App\\Post'),
(4, 807, 'App\\Post'),
(2, 808, 'App\\Post'),
(3, 808, 'App\\Post'),
(4, 808, 'App\\Post'),
(1, 809, 'App\\Post'),
(2, 809, 'App\\Post'),
(3, 809, 'App\\Post'),
(4, 809, 'App\\Post'),
(1, 810, 'App\\Post'),
(2, 810, 'App\\Post'),
(3, 810, 'App\\Post'),
(1, 811, 'App\\Post'),
(3, 811, 'App\\Post'),
(1, 812, 'App\\Post'),
(2, 812, 'App\\Post'),
(3, 812, 'App\\Post'),
(4, 812, 'App\\Post'),
(1, 813, 'App\\Post'),
(3, 813, 'App\\Post'),
(4, 813, 'App\\Post'),
(1, 814, 'App\\Post'),
(2, 814, 'App\\Post'),
(3, 814, 'App\\Post'),
(4, 814, 'App\\Post'),
(2, 815, 'App\\Post'),
(3, 815, 'App\\Post'),
(4, 815, 'App\\Post'),
(0, 816, 'App\\Post'),
(0, 817, 'App\\Post'),
(0, 818, 'App\\Post'),
(0, 819, 'App\\Post'),
(1, 820, 'App\\Post'),
(2, 820, 'App\\Post'),
(3, 820, 'App\\Post'),
(4, 820, 'App\\Post'),
(1, 821, 'App\\Post'),
(2, 821, 'App\\Post'),
(3, 821, 'App\\Post'),
(4, 821, 'App\\Post'),
(0, 822, 'App\\Post'),
(2, 823, 'App\\Post'),
(3, 823, 'App\\Post'),
(4, 823, 'App\\Post'),
(1, 824, 'App\\Post'),
(2, 824, 'App\\Post'),
(0, 825, 'App\\Post'),
(2, 826, 'App\\Post'),
(3, 826, 'App\\Post'),
(4, 826, 'App\\Post'),
(1, 827, 'App\\Post'),
(2, 827, 'App\\Post'),
(4, 827, 'App\\Post'),
(1, 828, 'App\\Post'),
(2, 828, 'App\\Post'),
(3, 828, 'App\\Post'),
(1, 829, 'App\\Post'),
(2, 829, 'App\\Post'),
(3, 829, 'App\\Post'),
(4, 829, 'App\\Post'),
(1, 830, 'App\\Post'),
(2, 830, 'App\\Post'),
(3, 830, 'App\\Post'),
(4, 830, 'App\\Post'),
(1, 831, 'App\\Post'),
(4, 831, 'App\\Post'),
(2, 832, 'App\\Post'),
(3, 832, 'App\\Post'),
(4, 832, 'App\\Post'),
(3, 833, 'App\\Post'),
(4, 833, 'App\\Post'),
(3, 834, 'App\\Post'),
(4, 834, 'App\\Post'),
(1, 835, 'App\\Post'),
(2, 835, 'App\\Post'),
(4, 835, 'App\\Post'),
(1, 836, 'App\\Post'),
(2, 836, 'App\\Post'),
(3, 836, 'App\\Post'),
(4, 836, 'App\\Post'),
(0, 837, 'App\\Post'),
(1, 838, 'App\\Post'),
(2, 838, 'App\\Post'),
(0, 839, 'App\\Post'),
(0, 840, 'App\\Post'),
(1, 841, 'App\\Post'),
(2, 841, 'App\\Post'),
(3, 841, 'App\\Post'),
(4, 841, 'App\\Post'),
(0, 842, 'App\\Post'),
(0, 843, 'App\\Post'),
(1, 844, 'App\\Post'),
(2, 844, 'App\\Post'),
(3, 844, 'App\\Post'),
(4, 844, 'App\\Post'),
(1, 845, 'App\\Post'),
(2, 845, 'App\\Post'),
(3, 845, 'App\\Post'),
(4, 845, 'App\\Post'),
(1, 846, 'App\\Post'),
(2, 846, 'App\\Post'),
(3, 846, 'App\\Post'),
(4, 846, 'App\\Post'),
(2, 847, 'App\\Post'),
(3, 847, 'App\\Post'),
(1, 848, 'App\\Post'),
(4, 848, 'App\\Post'),
(1, 849, 'App\\Post'),
(3, 849, 'App\\Post'),
(4, 849, 'App\\Post'),
(0, 850, 'App\\Post'),
(1, 851, 'App\\Post'),
(2, 851, 'App\\Post'),
(3, 851, 'App\\Post'),
(4, 851, 'App\\Post'),
(1, 852, 'App\\Post'),
(2, 852, 'App\\Post'),
(4, 852, 'App\\Post'),
(1, 853, 'App\\Post'),
(2, 853, 'App\\Post'),
(3, 853, 'App\\Post'),
(3, 854, 'App\\Post'),
(4, 854, 'App\\Post'),
(1, 855, 'App\\Post'),
(2, 855, 'App\\Post'),
(0, 856, 'App\\Post'),
(0, 857, 'App\\Post'),
(1, 858, 'App\\Post'),
(2, 858, 'App\\Post'),
(3, 858, 'App\\Post'),
(4, 858, 'App\\Post'),
(1, 859, 'App\\Post'),
(2, 859, 'App\\Post'),
(3, 859, 'App\\Post'),
(1, 860, 'App\\Post'),
(2, 860, 'App\\Post'),
(3, 860, 'App\\Post'),
(4, 860, 'App\\Post'),
(0, 861, 'App\\Post'),
(1, 862, 'App\\Post'),
(4, 862, 'App\\Post'),
(2, 863, 'App\\Post'),
(3, 863, 'App\\Post'),
(1, 864, 'App\\Post'),
(3, 864, 'App\\Post'),
(2, 865, 'App\\Post'),
(4, 865, 'App\\Post'),
(1, 866, 'App\\Post'),
(2, 866, 'App\\Post'),
(3, 866, 'App\\Post'),
(4, 866, 'App\\Post'),
(1, 867, 'App\\Post'),
(3, 867, 'App\\Post'),
(1, 868, 'App\\Post'),
(2, 868, 'App\\Post'),
(3, 868, 'App\\Post'),
(4, 868, 'App\\Post'),
(1, 869, 'App\\Post'),
(3, 869, 'App\\Post'),
(1, 870, 'App\\Post'),
(2, 870, 'App\\Post'),
(3, 870, 'App\\Post'),
(4, 870, 'App\\Post'),
(2, 871, 'App\\Post'),
(4, 871, 'App\\Post'),
(1, 872, 'App\\Post'),
(2, 872, 'App\\Post'),
(3, 872, 'App\\Post'),
(4, 872, 'App\\Post'),
(2, 873, 'App\\Post'),
(3, 873, 'App\\Post'),
(4, 873, 'App\\Post'),
(1, 874, 'App\\Post'),
(2, 874, 'App\\Post'),
(3, 874, 'App\\Post'),
(4, 874, 'App\\Post'),
(1, 875, 'App\\Post'),
(2, 875, 'App\\Post'),
(3, 875, 'App\\Post'),
(4, 875, 'App\\Post'),
(2, 876, 'App\\Post'),
(3, 876, 'App\\Post'),
(4, 876, 'App\\Post'),
(1, 877, 'App\\Post'),
(3, 877, 'App\\Post'),
(1, 878, 'App\\Post'),
(2, 878, 'App\\Post'),
(1, 879, 'App\\Post'),
(2, 879, 'App\\Post'),
(1, 880, 'App\\Post'),
(2, 880, 'App\\Post'),
(3, 880, 'App\\Post'),
(4, 880, 'App\\Post'),
(1, 881, 'App\\Post'),
(2, 881, 'App\\Post'),
(4, 881, 'App\\Post'),
(0, 882, 'App\\Post'),
(0, 883, 'App\\Post'),
(1, 884, 'App\\Post'),
(3, 884, 'App\\Post'),
(2, 885, 'App\\Post'),
(3, 885, 'App\\Post'),
(4, 885, 'App\\Post'),
(1, 886, 'App\\Post'),
(4, 886, 'App\\Post'),
(1, 887, 'App\\Post'),
(2, 887, 'App\\Post'),
(3, 887, 'App\\Post'),
(1, 888, 'App\\Post'),
(2, 888, 'App\\Post'),
(2, 889, 'App\\Post'),
(3, 889, 'App\\Post'),
(0, 890, 'App\\Post'),
(0, 891, 'App\\Post'),
(2, 892, 'App\\Post'),
(4, 892, 'App\\Post'),
(3, 893, 'App\\Post'),
(4, 893, 'App\\Post'),
(2, 894, 'App\\Post'),
(4, 894, 'App\\Post'),
(1, 895, 'App\\Post'),
(2, 895, 'App\\Post'),
(3, 895, 'App\\Post'),
(1, 896, 'App\\Post'),
(2, 896, 'App\\Post'),
(4, 896, 'App\\Post'),
(2, 897, 'App\\Post'),
(3, 897, 'App\\Post'),
(4, 897, 'App\\Post'),
(1, 898, 'App\\Post'),
(2, 898, 'App\\Post'),
(3, 898, 'App\\Post'),
(4, 898, 'App\\Post'),
(1, 899, 'App\\Post'),
(2, 899, 'App\\Post'),
(3, 899, 'App\\Post'),
(4, 899, 'App\\Post'),
(1, 900, 'App\\Post'),
(2, 900, 'App\\Post'),
(3, 900, 'App\\Post'),
(4, 900, 'App\\Post'),
(1, 901, 'App\\Post'),
(2, 901, 'App\\Post'),
(4, 901, 'App\\Post'),
(1, 902, 'App\\Post'),
(2, 902, 'App\\Post'),
(3, 902, 'App\\Post'),
(4, 902, 'App\\Post'),
(2, 903, 'App\\Post'),
(3, 903, 'App\\Post'),
(4, 903, 'App\\Post'),
(1, 904, 'App\\Post'),
(2, 904, 'App\\Post'),
(3, 904, 'App\\Post'),
(4, 904, 'App\\Post'),
(1, 905, 'App\\Post'),
(2, 905, 'App\\Post'),
(3, 905, 'App\\Post'),
(4, 905, 'App\\Post'),
(1, 906, 'App\\Post'),
(2, 906, 'App\\Post'),
(3, 906, 'App\\Post'),
(4, 906, 'App\\Post'),
(2, 907, 'App\\Post'),
(3, 907, 'App\\Post'),
(4, 907, 'App\\Post'),
(1, 908, 'App\\Post'),
(2, 908, 'App\\Post'),
(3, 908, 'App\\Post'),
(4, 908, 'App\\Post'),
(2, 909, 'App\\Post'),
(3, 909, 'App\\Post'),
(4, 909, 'App\\Post'),
(1, 910, 'App\\Post'),
(2, 910, 'App\\Post'),
(3, 910, 'App\\Post'),
(4, 910, 'App\\Post'),
(1, 911, 'App\\Post'),
(4, 911, 'App\\Post'),
(1, 912, 'App\\Post'),
(2, 912, 'App\\Post'),
(3, 912, 'App\\Post'),
(4, 912, 'App\\Post'),
(0, 913, 'App\\Post'),
(1, 914, 'App\\Post'),
(2, 914, 'App\\Post'),
(1, 915, 'App\\Post'),
(3, 915, 'App\\Post'),
(4, 915, 'App\\Post'),
(1, 916, 'App\\Post'),
(2, 916, 'App\\Post'),
(1, 917, 'App\\Post'),
(2, 917, 'App\\Post'),
(4, 917, 'App\\Post'),
(0, 918, 'App\\Post'),
(1, 919, 'App\\Post'),
(3, 919, 'App\\Post'),
(2, 920, 'App\\Post'),
(4, 920, 'App\\Post'),
(1, 921, 'App\\Post'),
(2, 921, 'App\\Post'),
(0, 922, 'App\\Post'),
(1, 923, 'App\\Post'),
(3, 923, 'App\\Post'),
(4, 923, 'App\\Post'),
(0, 924, 'App\\Post'),
(1, 925, 'App\\Post'),
(3, 925, 'App\\Post'),
(4, 925, 'App\\Post'),
(0, 926, 'App\\Post'),
(1, 927, 'App\\Post'),
(2, 927, 'App\\Post'),
(4, 927, 'App\\Post'),
(0, 928, 'App\\Post'),
(1, 929, 'App\\Post'),
(3, 929, 'App\\Post'),
(0, 930, 'App\\Post'),
(1, 931, 'App\\Post'),
(2, 931, 'App\\Post'),
(3, 931, 'App\\Post'),
(4, 931, 'App\\Post'),
(0, 932, 'App\\Post'),
(1, 933, 'App\\Post'),
(2, 933, 'App\\Post'),
(3, 933, 'App\\Post'),
(4, 933, 'App\\Post'),
(2, 934, 'App\\Post'),
(3, 934, 'App\\Post'),
(3, 935, 'App\\Post'),
(4, 935, 'App\\Post'),
(1, 936, 'App\\Post'),
(2, 936, 'App\\Post'),
(3, 936, 'App\\Post'),
(4, 936, 'App\\Post'),
(0, 937, 'App\\Post'),
(2, 938, 'App\\Post'),
(3, 938, 'App\\Post'),
(0, 939, 'App\\Post'),
(2, 940, 'App\\Post'),
(3, 940, 'App\\Post'),
(1, 941, 'App\\Post'),
(3, 941, 'App\\Post'),
(4, 941, 'App\\Post'),
(1, 942, 'App\\Post'),
(2, 942, 'App\\Post'),
(3, 942, 'App\\Post'),
(4, 942, 'App\\Post'),
(0, 943, 'App\\Post'),
(1, 944, 'App\\Post'),
(3, 944, 'App\\Post'),
(2, 945, 'App\\Post'),
(3, 945, 'App\\Post'),
(4, 945, 'App\\Post'),
(1, 946, 'App\\Post'),
(2, 946, 'App\\Post'),
(4, 946, 'App\\Post'),
(2, 947, 'App\\Post'),
(3, 947, 'App\\Post'),
(4, 947, 'App\\Post'),
(1, 948, 'App\\Post'),
(2, 948, 'App\\Post'),
(1, 949, 'App\\Post'),
(2, 949, 'App\\Post'),
(3, 949, 'App\\Post'),
(4, 949, 'App\\Post'),
(2, 950, 'App\\Post'),
(4, 950, 'App\\Post'),
(0, 951, 'App\\Post'),
(1, 952, 'App\\Post'),
(2, 952, 'App\\Post'),
(3, 952, 'App\\Post'),
(4, 952, 'App\\Post'),
(1, 953, 'App\\Post'),
(2, 953, 'App\\Post'),
(3, 953, 'App\\Post'),
(4, 953, 'App\\Post'),
(3, 954, 'App\\Post'),
(4, 954, 'App\\Post'),
(1, 955, 'App\\Post'),
(2, 955, 'App\\Post'),
(1, 956, 'App\\Post'),
(2, 956, 'App\\Post'),
(3, 956, 'App\\Post'),
(1, 957, 'App\\Post'),
(3, 957, 'App\\Post'),
(4, 957, 'App\\Post'),
(1, 958, 'App\\Post'),
(2, 958, 'App\\Post'),
(4, 958, 'App\\Post'),
(1, 959, 'App\\Post'),
(2, 959, 'App\\Post'),
(3, 959, 'App\\Post'),
(4, 959, 'App\\Post'),
(1, 960, 'App\\Post'),
(2, 960, 'App\\Post'),
(3, 960, 'App\\Post'),
(4, 960, 'App\\Post'),
(1, 961, 'App\\Post'),
(2, 961, 'App\\Post'),
(3, 961, 'App\\Post'),
(0, 962, 'App\\Post'),
(0, 963, 'App\\Post'),
(2, 964, 'App\\Post'),
(4, 964, 'App\\Post'),
(0, 965, 'App\\Post'),
(1, 966, 'App\\Post'),
(2, 966, 'App\\Post'),
(3, 966, 'App\\Post'),
(4, 966, 'App\\Post'),
(1, 967, 'App\\Post'),
(4, 967, 'App\\Post'),
(1, 968, 'App\\Post'),
(3, 968, 'App\\Post'),
(4, 968, 'App\\Post'),
(1, 969, 'App\\Post'),
(2, 969, 'App\\Post'),
(3, 969, 'App\\Post'),
(4, 969, 'App\\Post'),
(1, 970, 'App\\Post'),
(2, 970, 'App\\Post'),
(4, 970, 'App\\Post'),
(1, 971, 'App\\Post'),
(2, 971, 'App\\Post'),
(0, 972, 'App\\Post'),
(1, 973, 'App\\Post'),
(2, 973, 'App\\Post'),
(3, 973, 'App\\Post'),
(1, 974, 'App\\Post'),
(2, 974, 'App\\Post'),
(4, 974, 'App\\Post'),
(1, 975, 'App\\Post'),
(3, 975, 'App\\Post'),
(4, 975, 'App\\Post'),
(1, 976, 'App\\Post'),
(2, 976, 'App\\Post'),
(3, 976, 'App\\Post'),
(4, 976, 'App\\Post'),
(1, 977, 'App\\Post'),
(2, 977, 'App\\Post'),
(4, 977, 'App\\Post'),
(0, 978, 'App\\Post'),
(1, 979, 'App\\Post'),
(2, 979, 'App\\Post'),
(1, 980, 'App\\Post'),
(2, 980, 'App\\Post'),
(1, 981, 'App\\Post'),
(2, 981, 'App\\Post'),
(3, 981, 'App\\Post'),
(4, 981, 'App\\Post'),
(0, 982, 'App\\Post'),
(1, 983, 'App\\Post'),
(2, 983, 'App\\Post'),
(3, 983, 'App\\Post'),
(4, 983, 'App\\Post'),
(2, 984, 'App\\Post'),
(3, 984, 'App\\Post'),
(4, 984, 'App\\Post'),
(1, 985, 'App\\Post'),
(3, 985, 'App\\Post'),
(4, 985, 'App\\Post'),
(0, 986, 'App\\Post'),
(1, 987, 'App\\Post'),
(2, 987, 'App\\Post'),
(4, 987, 'App\\Post'),
(1, 988, 'App\\Post'),
(2, 988, 'App\\Post'),
(3, 988, 'App\\Post'),
(4, 988, 'App\\Post'),
(1, 989, 'App\\Post'),
(2, 989, 'App\\Post'),
(1, 990, 'App\\Post'),
(3, 990, 'App\\Post'),
(4, 990, 'App\\Post'),
(0, 991, 'App\\Post'),
(1, 992, 'App\\Post'),
(2, 992, 'App\\Post'),
(1, 993, 'App\\Post'),
(2, 993, 'App\\Post'),
(4, 993, 'App\\Post'),
(1, 994, 'App\\Post'),
(2, 994, 'App\\Post'),
(3, 994, 'App\\Post'),
(2, 995, 'App\\Post'),
(3, 995, 'App\\Post'),
(4, 995, 'App\\Post'),
(2, 996, 'App\\Post'),
(3, 996, 'App\\Post'),
(4, 996, 'App\\Post'),
(1, 997, 'App\\Post'),
(2, 997, 'App\\Post'),
(3, 997, 'App\\Post'),
(4, 997, 'App\\Post'),
(0, 998, 'App\\Post'),
(1, 999, 'App\\Post'),
(3, 999, 'App\\Post'),
(4, 999, 'App\\Post'),
(1, 1000, 'App\\Post'),
(3, 1000, 'App\\Post'),
(4, 1000, 'App\\Post'),
(0, 502, 'App\\User'),
(1, 503, 'App\\User'),
(4, 503, 'App\\User'),
(1, 504, 'App\\User'),
(2, 504, 'App\\User'),
(3, 504, 'App\\User'),
(4, 504, 'App\\User'),
(1, 505, 'App\\User'),
(2, 505, 'App\\User'),
(4, 505, 'App\\User'),
(0, 506, 'App\\User'),
(0, 507, 'App\\User'),
(2, 508, 'App\\User'),
(3, 508, 'App\\User'),
(0, 509, 'App\\User'),
(0, 510, 'App\\User'),
(0, 511, 'App\\User'),
(1, 512, 'App\\User'),
(2, 512, 'App\\User'),
(3, 512, 'App\\User'),
(4, 512, 'App\\User'),
(2, 513, 'App\\User'),
(3, 513, 'App\\User'),
(1, 514, 'App\\User'),
(2, 514, 'App\\User'),
(3, 514, 'App\\User'),
(4, 514, 'App\\User'),
(1, 515, 'App\\User'),
(4, 515, 'App\\User'),
(0, 516, 'App\\User'),
(1, 517, 'App\\User'),
(2, 517, 'App\\User'),
(3, 517, 'App\\User'),
(0, 518, 'App\\User'),
(1, 519, 'App\\User'),
(2, 519, 'App\\User'),
(3, 519, 'App\\User'),
(4, 519, 'App\\User'),
(1, 520, 'App\\User'),
(2, 520, 'App\\User'),
(3, 520, 'App\\User'),
(4, 520, 'App\\User'),
(1, 521, 'App\\User'),
(2, 521, 'App\\User'),
(3, 521, 'App\\User'),
(4, 521, 'App\\User'),
(1, 522, 'App\\User'),
(3, 522, 'App\\User'),
(4, 522, 'App\\User'),
(1, 523, 'App\\User'),
(2, 523, 'App\\User'),
(4, 523, 'App\\User'),
(0, 524, 'App\\User'),
(1, 525, 'App\\User'),
(2, 525, 'App\\User'),
(3, 525, 'App\\User'),
(1, 526, 'App\\User'),
(2, 526, 'App\\User'),
(3, 526, 'App\\User'),
(4, 526, 'App\\User'),
(1, 527, 'App\\User'),
(2, 527, 'App\\User'),
(3, 527, 'App\\User'),
(4, 527, 'App\\User'),
(1, 528, 'App\\User'),
(3, 528, 'App\\User'),
(4, 528, 'App\\User'),
(0, 529, 'App\\User'),
(0, 530, 'App\\User'),
(1, 531, 'App\\User'),
(2, 531, 'App\\User'),
(3, 531, 'App\\User'),
(4, 531, 'App\\User'),
(1, 532, 'App\\User'),
(4, 532, 'App\\User'),
(1, 533, 'App\\User'),
(4, 533, 'App\\User'),
(1, 534, 'App\\User'),
(2, 534, 'App\\User'),
(0, 535, 'App\\User'),
(1, 536, 'App\\User'),
(2, 536, 'App\\User'),
(3, 536, 'App\\User'),
(4, 536, 'App\\User'),
(2, 537, 'App\\User'),
(4, 537, 'App\\User'),
(1, 538, 'App\\User'),
(2, 538, 'App\\User'),
(3, 538, 'App\\User'),
(4, 538, 'App\\User'),
(0, 539, 'App\\User'),
(1, 540, 'App\\User'),
(2, 540, 'App\\User'),
(3, 540, 'App\\User'),
(4, 540, 'App\\User'),
(3, 541, 'App\\User'),
(4, 541, 'App\\User'),
(1, 542, 'App\\User'),
(3, 542, 'App\\User'),
(1, 543, 'App\\User'),
(2, 543, 'App\\User'),
(3, 543, 'App\\User'),
(4, 543, 'App\\User'),
(1, 544, 'App\\User'),
(2, 544, 'App\\User'),
(3, 544, 'App\\User'),
(3, 545, 'App\\User'),
(4, 545, 'App\\User'),
(0, 546, 'App\\User'),
(1, 547, 'App\\User'),
(2, 547, 'App\\User'),
(3, 547, 'App\\User'),
(4, 547, 'App\\User'),
(1, 548, 'App\\User'),
(2, 548, 'App\\User'),
(4, 548, 'App\\User'),
(0, 549, 'App\\User'),
(2, 550, 'App\\User'),
(4, 550, 'App\\User'),
(2, 551, 'App\\User'),
(4, 551, 'App\\User'),
(1, 552, 'App\\User'),
(2, 552, 'App\\User'),
(0, 553, 'App\\User'),
(0, 554, 'App\\User'),
(1, 555, 'App\\User'),
(2, 555, 'App\\User'),
(3, 555, 'App\\User'),
(1, 556, 'App\\User'),
(3, 556, 'App\\User'),
(4, 556, 'App\\User'),
(0, 557, 'App\\User'),
(1, 558, 'App\\User'),
(2, 558, 'App\\User'),
(3, 558, 'App\\User'),
(0, 559, 'App\\User'),
(0, 560, 'App\\User'),
(1, 561, 'App\\User'),
(4, 561, 'App\\User'),
(1, 562, 'App\\User'),
(2, 562, 'App\\User'),
(3, 562, 'App\\User'),
(4, 562, 'App\\User'),
(0, 563, 'App\\User'),
(1, 564, 'App\\User'),
(4, 564, 'App\\User'),
(1, 565, 'App\\User'),
(4, 565, 'App\\User'),
(0, 566, 'App\\User'),
(1, 567, 'App\\User'),
(2, 567, 'App\\User'),
(3, 567, 'App\\User'),
(4, 567, 'App\\User'),
(0, 568, 'App\\User'),
(0, 569, 'App\\User'),
(0, 570, 'App\\User'),
(0, 571, 'App\\User'),
(1, 572, 'App\\User'),
(2, 572, 'App\\User'),
(3, 572, 'App\\User'),
(1, 573, 'App\\User'),
(2, 573, 'App\\User'),
(3, 573, 'App\\User'),
(4, 573, 'App\\User'),
(0, 574, 'App\\User'),
(1, 575, 'App\\User'),
(2, 575, 'App\\User'),
(3, 575, 'App\\User'),
(4, 575, 'App\\User'),
(2, 576, 'App\\User'),
(3, 576, 'App\\User'),
(4, 576, 'App\\User'),
(1, 577, 'App\\User'),
(2, 577, 'App\\User'),
(3, 577, 'App\\User'),
(4, 577, 'App\\User'),
(1, 578, 'App\\User'),
(2, 578, 'App\\User'),
(3, 578, 'App\\User'),
(0, 579, 'App\\User'),
(1, 580, 'App\\User'),
(2, 580, 'App\\User'),
(3, 580, 'App\\User'),
(4, 580, 'App\\User'),
(2, 581, 'App\\User'),
(3, 581, 'App\\User'),
(4, 581, 'App\\User'),
(1, 582, 'App\\User'),
(2, 582, 'App\\User'),
(3, 582, 'App\\User'),
(1, 583, 'App\\User'),
(2, 583, 'App\\User'),
(1, 584, 'App\\User'),
(2, 584, 'App\\User'),
(3, 584, 'App\\User'),
(4, 584, 'App\\User'),
(1, 585, 'App\\User'),
(3, 585, 'App\\User'),
(4, 585, 'App\\User'),
(1, 586, 'App\\User'),
(2, 586, 'App\\User'),
(4, 586, 'App\\User'),
(1, 587, 'App\\User'),
(2, 587, 'App\\User'),
(3, 587, 'App\\User'),
(1, 588, 'App\\User'),
(4, 588, 'App\\User'),
(1, 589, 'App\\User'),
(3, 589, 'App\\User'),
(0, 590, 'App\\User'),
(1, 591, 'App\\User'),
(2, 591, 'App\\User'),
(3, 591, 'App\\User'),
(0, 592, 'App\\User'),
(1, 593, 'App\\User'),
(2, 593, 'App\\User'),
(0, 594, 'App\\User'),
(0, 595, 'App\\User'),
(2, 596, 'App\\User'),
(4, 596, 'App\\User'),
(1, 597, 'App\\User'),
(2, 597, 'App\\User'),
(3, 597, 'App\\User'),
(3, 598, 'App\\User'),
(4, 598, 'App\\User'),
(1, 599, 'App\\User'),
(2, 599, 'App\\User'),
(3, 599, 'App\\User'),
(4, 599, 'App\\User'),
(1, 600, 'App\\User'),
(2, 600, 'App\\User'),
(3, 600, 'App\\User'),
(4, 600, 'App\\User'),
(2, 601, 'App\\User'),
(3, 601, 'App\\User'),
(4, 601, 'App\\User'),
(1, 602, 'App\\User'),
(2, 602, 'App\\User'),
(3, 602, 'App\\User'),
(4, 602, 'App\\User'),
(1, 603, 'App\\User'),
(2, 603, 'App\\User'),
(3, 603, 'App\\User'),
(4, 603, 'App\\User'),
(0, 604, 'App\\User'),
(1, 605, 'App\\User'),
(2, 605, 'App\\User'),
(3, 605, 'App\\User'),
(4, 605, 'App\\User'),
(1, 606, 'App\\User'),
(3, 606, 'App\\User'),
(1, 607, 'App\\User'),
(2, 607, 'App\\User'),
(3, 607, 'App\\User'),
(4, 607, 'App\\User'),
(1, 608, 'App\\User'),
(2, 608, 'App\\User'),
(4, 608, 'App\\User'),
(1, 609, 'App\\User'),
(2, 609, 'App\\User'),
(3, 609, 'App\\User'),
(0, 610, 'App\\User'),
(1, 611, 'App\\User'),
(2, 611, 'App\\User'),
(3, 611, 'App\\User'),
(4, 611, 'App\\User'),
(1, 612, 'App\\User'),
(2, 612, 'App\\User'),
(3, 612, 'App\\User'),
(0, 613, 'App\\User'),
(1, 614, 'App\\User'),
(2, 614, 'App\\User'),
(3, 614, 'App\\User'),
(4, 614, 'App\\User'),
(3, 615, 'App\\User'),
(4, 615, 'App\\User'),
(1, 616, 'App\\User'),
(3, 616, 'App\\User'),
(4, 616, 'App\\User'),
(1, 617, 'App\\User'),
(3, 617, 'App\\User'),
(4, 617, 'App\\User'),
(2, 618, 'App\\User'),
(3, 618, 'App\\User'),
(4, 618, 'App\\User'),
(1, 619, 'App\\User'),
(2, 619, 'App\\User'),
(3, 619, 'App\\User'),
(4, 619, 'App\\User'),
(1, 620, 'App\\User'),
(2, 620, 'App\\User'),
(1, 621, 'App\\User'),
(2, 621, 'App\\User'),
(3, 621, 'App\\User'),
(1, 622, 'App\\User'),
(2, 622, 'App\\User'),
(4, 622, 'App\\User'),
(1, 623, 'App\\User'),
(2, 623, 'App\\User'),
(3, 623, 'App\\User'),
(4, 623, 'App\\User'),
(1, 624, 'App\\User'),
(3, 624, 'App\\User'),
(4, 624, 'App\\User'),
(2, 625, 'App\\User'),
(4, 625, 'App\\User'),
(0, 626, 'App\\User'),
(2, 627, 'App\\User'),
(3, 627, 'App\\User'),
(4, 627, 'App\\User'),
(3, 628, 'App\\User'),
(4, 628, 'App\\User'),
(2, 629, 'App\\User'),
(4, 629, 'App\\User'),
(2, 630, 'App\\User'),
(4, 630, 'App\\User'),
(1, 631, 'App\\User'),
(2, 631, 'App\\User'),
(1, 632, 'App\\User'),
(2, 632, 'App\\User'),
(3, 632, 'App\\User'),
(0, 633, 'App\\User'),
(3, 634, 'App\\User'),
(4, 634, 'App\\User'),
(0, 635, 'App\\User'),
(1, 636, 'App\\User'),
(3, 636, 'App\\User'),
(4, 636, 'App\\User'),
(1, 637, 'App\\User'),
(2, 637, 'App\\User'),
(3, 637, 'App\\User'),
(4, 637, 'App\\User'),
(2, 638, 'App\\User'),
(3, 638, 'App\\User'),
(2, 639, 'App\\User'),
(4, 639, 'App\\User'),
(1, 640, 'App\\User'),
(2, 640, 'App\\User'),
(3, 640, 'App\\User'),
(4, 640, 'App\\User'),
(1, 641, 'App\\User'),
(2, 641, 'App\\User'),
(0, 642, 'App\\User'),
(1, 643, 'App\\User'),
(3, 643, 'App\\User'),
(4, 643, 'App\\User'),
(2, 644, 'App\\User'),
(3, 644, 'App\\User'),
(4, 644, 'App\\User'),
(1, 645, 'App\\User'),
(2, 645, 'App\\User'),
(3, 645, 'App\\User'),
(4, 645, 'App\\User'),
(2, 646, 'App\\User'),
(3, 646, 'App\\User'),
(0, 647, 'App\\User'),
(1, 648, 'App\\User'),
(2, 648, 'App\\User'),
(3, 648, 'App\\User'),
(4, 648, 'App\\User'),
(2, 649, 'App\\User'),
(3, 649, 'App\\User'),
(4, 649, 'App\\User'),
(1, 650, 'App\\User'),
(3, 650, 'App\\User'),
(1, 651, 'App\\User'),
(2, 651, 'App\\User'),
(3, 651, 'App\\User'),
(4, 651, 'App\\User'),
(2, 652, 'App\\User'),
(4, 652, 'App\\User'),
(1, 653, 'App\\User'),
(2, 653, 'App\\User'),
(4, 653, 'App\\User'),
(2, 654, 'App\\User'),
(3, 654, 'App\\User'),
(1, 655, 'App\\User'),
(3, 655, 'App\\User'),
(4, 655, 'App\\User'),
(0, 656, 'App\\User'),
(1, 657, 'App\\User'),
(2, 657, 'App\\User'),
(3, 657, 'App\\User'),
(1, 658, 'App\\User'),
(2, 658, 'App\\User'),
(4, 658, 'App\\User'),
(2, 659, 'App\\User'),
(3, 659, 'App\\User'),
(4, 659, 'App\\User'),
(1, 660, 'App\\User'),
(4, 660, 'App\\User'),
(1, 661, 'App\\User'),
(3, 661, 'App\\User'),
(4, 661, 'App\\User'),
(1, 662, 'App\\User'),
(2, 662, 'App\\User'),
(3, 662, 'App\\User'),
(4, 662, 'App\\User'),
(1, 663, 'App\\User'),
(2, 663, 'App\\User'),
(3, 663, 'App\\User'),
(4, 663, 'App\\User'),
(0, 664, 'App\\User'),
(1, 665, 'App\\User'),
(2, 665, 'App\\User'),
(3, 666, 'App\\User'),
(4, 666, 'App\\User'),
(2, 667, 'App\\User'),
(3, 667, 'App\\User'),
(4, 667, 'App\\User'),
(0, 668, 'App\\User'),
(1, 669, 'App\\User'),
(2, 669, 'App\\User'),
(4, 669, 'App\\User'),
(1, 670, 'App\\User'),
(2, 670, 'App\\User'),
(4, 670, 'App\\User'),
(1, 671, 'App\\User'),
(2, 671, 'App\\User'),
(3, 671, 'App\\User'),
(4, 671, 'App\\User'),
(1, 672, 'App\\User'),
(3, 672, 'App\\User'),
(4, 672, 'App\\User'),
(0, 673, 'App\\User'),
(1, 674, 'App\\User'),
(2, 674, 'App\\User'),
(3, 674, 'App\\User'),
(4, 674, 'App\\User'),
(1, 675, 'App\\User'),
(2, 675, 'App\\User'),
(3, 675, 'App\\User'),
(4, 675, 'App\\User'),
(2, 676, 'App\\User'),
(3, 676, 'App\\User'),
(0, 677, 'App\\User'),
(1, 678, 'App\\User'),
(3, 678, 'App\\User'),
(4, 678, 'App\\User'),
(1, 679, 'App\\User'),
(2, 679, 'App\\User'),
(4, 679, 'App\\User'),
(1, 680, 'App\\User'),
(2, 680, 'App\\User'),
(4, 680, 'App\\User'),
(0, 681, 'App\\User'),
(0, 682, 'App\\User'),
(1, 683, 'App\\User'),
(2, 683, 'App\\User'),
(3, 683, 'App\\User'),
(4, 683, 'App\\User'),
(1, 684, 'App\\User'),
(2, 684, 'App\\User'),
(3, 684, 'App\\User'),
(0, 685, 'App\\User'),
(1, 686, 'App\\User'),
(2, 686, 'App\\User'),
(3, 686, 'App\\User'),
(0, 687, 'App\\User'),
(1, 688, 'App\\User'),
(2, 688, 'App\\User'),
(3, 688, 'App\\User'),
(4, 688, 'App\\User'),
(1, 689, 'App\\User'),
(2, 689, 'App\\User'),
(3, 689, 'App\\User'),
(4, 689, 'App\\User'),
(0, 690, 'App\\User'),
(1, 691, 'App\\User'),
(2, 691, 'App\\User'),
(3, 691, 'App\\User'),
(4, 691, 'App\\User'),
(0, 692, 'App\\User'),
(2, 693, 'App\\User'),
(3, 693, 'App\\User'),
(4, 693, 'App\\User'),
(1, 694, 'App\\User'),
(2, 694, 'App\\User'),
(3, 694, 'App\\User'),
(4, 694, 'App\\User'),
(2, 695, 'App\\User'),
(3, 695, 'App\\User'),
(4, 695, 'App\\User'),
(0, 696, 'App\\User'),
(2, 697, 'App\\User'),
(3, 697, 'App\\User'),
(4, 697, 'App\\User'),
(1, 698, 'App\\User'),
(4, 698, 'App\\User'),
(2, 699, 'App\\User'),
(3, 699, 'App\\User'),
(4, 699, 'App\\User'),
(2, 700, 'App\\User'),
(3, 700, 'App\\User'),
(4, 700, 'App\\User'),
(0, 701, 'App\\User'),
(0, 702, 'App\\User'),
(3, 703, 'App\\User'),
(4, 703, 'App\\User'),
(0, 704, 'App\\User'),
(1, 705, 'App\\User'),
(2, 705, 'App\\User'),
(3, 705, 'App\\User'),
(0, 706, 'App\\User'),
(2, 707, 'App\\User'),
(3, 707, 'App\\User'),
(1, 708, 'App\\User'),
(4, 708, 'App\\User'),
(1, 709, 'App\\User'),
(2, 709, 'App\\User'),
(3, 709, 'App\\User'),
(4, 709, 'App\\User'),
(1, 710, 'App\\User'),
(2, 710, 'App\\User'),
(3, 710, 'App\\User'),
(4, 710, 'App\\User'),
(3, 711, 'App\\User'),
(4, 711, 'App\\User'),
(2, 712, 'App\\User'),
(4, 712, 'App\\User'),
(1, 713, 'App\\User'),
(3, 713, 'App\\User'),
(1, 714, 'App\\User'),
(2, 714, 'App\\User'),
(1, 715, 'App\\User'),
(2, 715, 'App\\User'),
(3, 715, 'App\\User'),
(4, 715, 'App\\User'),
(2, 716, 'App\\User'),
(3, 716, 'App\\User'),
(1, 717, 'App\\User'),
(2, 717, 'App\\User'),
(4, 717, 'App\\User'),
(1, 718, 'App\\User'),
(3, 718, 'App\\User'),
(4, 718, 'App\\User'),
(1, 719, 'App\\User'),
(2, 719, 'App\\User'),
(3, 719, 'App\\User'),
(4, 719, 'App\\User'),
(0, 720, 'App\\User'),
(0, 721, 'App\\User'),
(1, 722, 'App\\User'),
(2, 722, 'App\\User'),
(3, 722, 'App\\User'),
(4, 722, 'App\\User'),
(0, 723, 'App\\User'),
(1, 724, 'App\\User'),
(2, 724, 'App\\User'),
(3, 724, 'App\\User'),
(4, 724, 'App\\User'),
(0, 725, 'App\\User'),
(0, 726, 'App\\User'),
(1, 727, 'App\\User'),
(3, 727, 'App\\User'),
(1, 728, 'App\\User'),
(4, 728, 'App\\User'),
(1, 729, 'App\\User'),
(2, 729, 'App\\User'),
(1, 730, 'App\\User'),
(3, 730, 'App\\User'),
(1, 731, 'App\\User'),
(2, 731, 'App\\User'),
(3, 731, 'App\\User'),
(4, 731, 'App\\User'),
(1, 732, 'App\\User'),
(2, 732, 'App\\User'),
(3, 732, 'App\\User'),
(4, 732, 'App\\User'),
(2, 733, 'App\\User'),
(4, 733, 'App\\User'),
(1, 734, 'App\\User'),
(2, 734, 'App\\User'),
(3, 734, 'App\\User'),
(4, 734, 'App\\User'),
(1, 735, 'App\\User'),
(2, 735, 'App\\User'),
(3, 735, 'App\\User'),
(4, 735, 'App\\User'),
(1, 736, 'App\\User'),
(3, 736, 'App\\User'),
(4, 736, 'App\\User'),
(0, 737, 'App\\User'),
(1, 738, 'App\\User'),
(2, 738, 'App\\User'),
(3, 739, 'App\\User'),
(4, 739, 'App\\User'),
(1, 740, 'App\\User'),
(2, 740, 'App\\User'),
(3, 740, 'App\\User'),
(4, 740, 'App\\User'),
(1, 741, 'App\\User'),
(2, 741, 'App\\User'),
(3, 741, 'App\\User'),
(4, 741, 'App\\User'),
(0, 742, 'App\\User'),
(1, 743, 'App\\User'),
(3, 743, 'App\\User'),
(4, 743, 'App\\User'),
(2, 744, 'App\\User'),
(3, 744, 'App\\User'),
(4, 744, 'App\\User'),
(2, 745, 'App\\User'),
(3, 745, 'App\\User'),
(1, 746, 'App\\User'),
(3, 746, 'App\\User'),
(1, 747, 'App\\User'),
(2, 747, 'App\\User'),
(1, 748, 'App\\User'),
(2, 748, 'App\\User'),
(3, 748, 'App\\User'),
(4, 748, 'App\\User'),
(2, 749, 'App\\User'),
(3, 749, 'App\\User'),
(1, 750, 'App\\User'),
(3, 750, 'App\\User'),
(4, 750, 'App\\User'),
(1, 751, 'App\\User'),
(2, 751, 'App\\User'),
(3, 751, 'App\\User'),
(4, 751, 'App\\User'),
(1, 752, 'App\\User'),
(2, 752, 'App\\User'),
(3, 752, 'App\\User'),
(4, 752, 'App\\User'),
(0, 753, 'App\\User'),
(0, 754, 'App\\User'),
(1, 755, 'App\\User'),
(2, 755, 'App\\User'),
(3, 755, 'App\\User'),
(4, 755, 'App\\User'),
(1, 756, 'App\\User'),
(2, 756, 'App\\User'),
(3, 756, 'App\\User'),
(4, 756, 'App\\User'),
(0, 757, 'App\\User'),
(1, 758, 'App\\User'),
(2, 758, 'App\\User'),
(3, 758, 'App\\User'),
(4, 758, 'App\\User'),
(1, 759, 'App\\User'),
(3, 759, 'App\\User'),
(4, 759, 'App\\User'),
(1, 760, 'App\\User'),
(2, 760, 'App\\User'),
(3, 760, 'App\\User'),
(4, 760, 'App\\User'),
(1, 761, 'App\\User'),
(2, 761, 'App\\User'),
(3, 761, 'App\\User'),
(4, 761, 'App\\User'),
(1, 762, 'App\\User'),
(2, 762, 'App\\User'),
(3, 762, 'App\\User'),
(4, 762, 'App\\User'),
(1, 763, 'App\\User'),
(3, 763, 'App\\User'),
(4, 763, 'App\\User'),
(1, 764, 'App\\User'),
(2, 764, 'App\\User'),
(3, 764, 'App\\User'),
(4, 764, 'App\\User'),
(1, 765, 'App\\User'),
(4, 765, 'App\\User'),
(1, 766, 'App\\User'),
(2, 766, 'App\\User'),
(3, 766, 'App\\User'),
(1, 767, 'App\\User'),
(2, 767, 'App\\User'),
(4, 767, 'App\\User'),
(1, 768, 'App\\User'),
(2, 768, 'App\\User'),
(4, 768, 'App\\User'),
(1, 769, 'App\\User'),
(4, 769, 'App\\User'),
(0, 770, 'App\\User'),
(1, 771, 'App\\User'),
(2, 771, 'App\\User'),
(3, 771, 'App\\User'),
(4, 771, 'App\\User'),
(0, 772, 'App\\User'),
(0, 773, 'App\\User'),
(1, 774, 'App\\User'),
(2, 774, 'App\\User'),
(3, 774, 'App\\User'),
(4, 774, 'App\\User'),
(1, 775, 'App\\User'),
(3, 775, 'App\\User'),
(1, 776, 'App\\User'),
(4, 776, 'App\\User'),
(0, 777, 'App\\User'),
(1, 778, 'App\\User'),
(4, 778, 'App\\User'),
(0, 779, 'App\\User'),
(0, 780, 'App\\User'),
(1, 781, 'App\\User'),
(2, 781, 'App\\User'),
(3, 781, 'App\\User'),
(4, 781, 'App\\User'),
(1, 782, 'App\\User'),
(2, 782, 'App\\User'),
(3, 782, 'App\\User'),
(1, 783, 'App\\User'),
(3, 783, 'App\\User'),
(4, 783, 'App\\User'),
(1, 784, 'App\\User'),
(3, 784, 'App\\User'),
(0, 785, 'App\\User'),
(2, 786, 'App\\User'),
(3, 786, 'App\\User'),
(4, 786, 'App\\User'),
(1, 787, 'App\\User'),
(2, 787, 'App\\User'),
(3, 787, 'App\\User'),
(1, 788, 'App\\User'),
(2, 788, 'App\\User'),
(3, 788, 'App\\User'),
(0, 789, 'App\\User'),
(2, 790, 'App\\User'),
(4, 790, 'App\\User'),
(0, 791, 'App\\User'),
(1, 792, 'App\\User'),
(3, 792, 'App\\User'),
(2, 793, 'App\\User'),
(4, 793, 'App\\User'),
(1, 794, 'App\\User'),
(2, 794, 'App\\User'),
(4, 794, 'App\\User'),
(1, 795, 'App\\User'),
(2, 795, 'App\\User'),
(3, 795, 'App\\User'),
(4, 795, 'App\\User'),
(1, 796, 'App\\User'),
(2, 796, 'App\\User'),
(3, 796, 'App\\User'),
(4, 796, 'App\\User'),
(1, 797, 'App\\User'),
(2, 797, 'App\\User'),
(3, 797, 'App\\User'),
(4, 797, 'App\\User'),
(1, 798, 'App\\User'),
(2, 798, 'App\\User'),
(3, 798, 'App\\User'),
(2, 799, 'App\\User'),
(3, 799, 'App\\User'),
(2, 800, 'App\\User'),
(3, 800, 'App\\User'),
(4, 800, 'App\\User'),
(1, 801, 'App\\User'),
(2, 801, 'App\\User'),
(3, 801, 'App\\User'),
(4, 801, 'App\\User'),
(1, 802, 'App\\User'),
(2, 802, 'App\\User'),
(3, 802, 'App\\User'),
(4, 802, 'App\\User'),
(1, 803, 'App\\User'),
(2, 803, 'App\\User'),
(4, 803, 'App\\User'),
(0, 804, 'App\\User'),
(0, 805, 'App\\User'),
(1, 806, 'App\\User'),
(2, 806, 'App\\User'),
(4, 806, 'App\\User'),
(0, 807, 'App\\User'),
(1, 808, 'App\\User'),
(2, 808, 'App\\User'),
(3, 808, 'App\\User'),
(4, 808, 'App\\User'),
(0, 809, 'App\\User'),
(1, 810, 'App\\User'),
(2, 810, 'App\\User'),
(3, 810, 'App\\User'),
(4, 810, 'App\\User'),
(0, 811, 'App\\User'),
(2, 812, 'App\\User'),
(3, 812, 'App\\User'),
(4, 812, 'App\\User'),
(1, 813, 'App\\User'),
(2, 813, 'App\\User'),
(3, 813, 'App\\User'),
(4, 813, 'App\\User'),
(1, 814, 'App\\User'),
(2, 814, 'App\\User'),
(3, 814, 'App\\User'),
(4, 814, 'App\\User'),
(0, 815, 'App\\User'),
(1, 816, 'App\\User'),
(2, 816, 'App\\User'),
(4, 816, 'App\\User'),
(0, 817, 'App\\User'),
(1, 818, 'App\\User'),
(3, 818, 'App\\User'),
(4, 818, 'App\\User'),
(1, 819, 'App\\User'),
(2, 819, 'App\\User'),
(4, 819, 'App\\User'),
(2, 820, 'App\\User'),
(3, 820, 'App\\User'),
(4, 820, 'App\\User'),
(1, 821, 'App\\User'),
(2, 821, 'App\\User'),
(3, 821, 'App\\User'),
(1, 822, 'App\\User'),
(4, 822, 'App\\User'),
(1, 823, 'App\\User'),
(2, 823, 'App\\User'),
(3, 823, 'App\\User'),
(2, 824, 'App\\User'),
(4, 824, 'App\\User'),
(2, 825, 'App\\User'),
(3, 825, 'App\\User'),
(1, 826, 'App\\User'),
(2, 826, 'App\\User'),
(3, 826, 'App\\User'),
(4, 826, 'App\\User'),
(1, 827, 'App\\User'),
(2, 827, 'App\\User'),
(3, 827, 'App\\User'),
(4, 827, 'App\\User'),
(1, 828, 'App\\User'),
(2, 828, 'App\\User'),
(0, 829, 'App\\User'),
(3, 830, 'App\\User'),
(4, 830, 'App\\User'),
(1, 831, 'App\\User'),
(3, 831, 'App\\User'),
(4, 831, 'App\\User'),
(0, 832, 'App\\User'),
(1, 833, 'App\\User'),
(3, 833, 'App\\User'),
(4, 833, 'App\\User'),
(1, 834, 'App\\User'),
(2, 834, 'App\\User'),
(3, 834, 'App\\User'),
(4, 834, 'App\\User'),
(1, 835, 'App\\User'),
(2, 835, 'App\\User'),
(3, 835, 'App\\User'),
(4, 835, 'App\\User'),
(1, 836, 'App\\User'),
(2, 836, 'App\\User'),
(2, 837, 'App\\User'),
(3, 837, 'App\\User'),
(4, 837, 'App\\User'),
(0, 838, 'App\\User'),
(1, 839, 'App\\User'),
(3, 839, 'App\\User'),
(4, 839, 'App\\User'),
(1, 840, 'App\\User'),
(2, 840, 'App\\User'),
(1, 841, 'App\\User'),
(2, 841, 'App\\User'),
(3, 841, 'App\\User'),
(4, 841, 'App\\User'),
(2, 842, 'App\\User'),
(3, 842, 'App\\User'),
(0, 843, 'App\\User'),
(0, 844, 'App\\User'),
(1, 845, 'App\\User'),
(2, 845, 'App\\User'),
(3, 845, 'App\\User'),
(1, 846, 'App\\User'),
(2, 846, 'App\\User'),
(3, 846, 'App\\User'),
(4, 846, 'App\\User'),
(2, 847, 'App\\User'),
(3, 847, 'App\\User'),
(4, 847, 'App\\User'),
(1, 848, 'App\\User'),
(2, 848, 'App\\User'),
(3, 848, 'App\\User'),
(4, 848, 'App\\User'),
(1, 849, 'App\\User'),
(2, 849, 'App\\User'),
(3, 849, 'App\\User'),
(4, 849, 'App\\User'),
(2, 850, 'App\\User'),
(3, 850, 'App\\User'),
(4, 850, 'App\\User'),
(1, 851, 'App\\User'),
(2, 851, 'App\\User'),
(3, 851, 'App\\User'),
(4, 851, 'App\\User'),
(1, 852, 'App\\User'),
(2, 852, 'App\\User'),
(3, 852, 'App\\User'),
(4, 852, 'App\\User'),
(0, 853, 'App\\User'),
(1, 854, 'App\\User'),
(2, 854, 'App\\User'),
(3, 854, 'App\\User'),
(4, 854, 'App\\User'),
(0, 855, 'App\\User'),
(0, 856, 'App\\User'),
(0, 857, 'App\\User'),
(0, 858, 'App\\User'),
(0, 859, 'App\\User'),
(1, 860, 'App\\User'),
(2, 860, 'App\\User'),
(3, 860, 'App\\User'),
(0, 861, 'App\\User'),
(1, 862, 'App\\User'),
(2, 862, 'App\\User'),
(3, 862, 'App\\User'),
(4, 862, 'App\\User'),
(1, 863, 'App\\User'),
(2, 863, 'App\\User'),
(3, 863, 'App\\User'),
(4, 863, 'App\\User'),
(1, 864, 'App\\User'),
(2, 864, 'App\\User'),
(3, 864, 'App\\User'),
(2, 865, 'App\\User'),
(3, 865, 'App\\User'),
(0, 866, 'App\\User'),
(0, 867, 'App\\User'),
(1, 868, 'App\\User'),
(2, 868, 'App\\User'),
(3, 868, 'App\\User'),
(4, 868, 'App\\User'),
(1, 869, 'App\\User'),
(4, 869, 'App\\User'),
(1, 870, 'App\\User'),
(2, 870, 'App\\User'),
(1, 871, 'App\\User'),
(2, 871, 'App\\User'),
(3, 871, 'App\\User'),
(1, 872, 'App\\User'),
(2, 872, 'App\\User'),
(3, 872, 'App\\User'),
(4, 872, 'App\\User'),
(2, 873, 'App\\User'),
(3, 873, 'App\\User'),
(0, 874, 'App\\User'),
(1, 875, 'App\\User'),
(2, 875, 'App\\User'),
(3, 875, 'App\\User'),
(4, 875, 'App\\User'),
(0, 876, 'App\\User'),
(2, 877, 'App\\User'),
(4, 877, 'App\\User'),
(1, 878, 'App\\User'),
(2, 878, 'App\\User'),
(3, 878, 'App\\User'),
(4, 878, 'App\\User'),
(1, 879, 'App\\User'),
(2, 879, 'App\\User'),
(4, 879, 'App\\User'),
(0, 880, 'App\\User'),
(0, 881, 'App\\User'),
(1, 882, 'App\\User'),
(2, 882, 'App\\User'),
(3, 882, 'App\\User'),
(4, 882, 'App\\User'),
(1, 883, 'App\\User'),
(2, 883, 'App\\User'),
(4, 883, 'App\\User'),
(1, 884, 'App\\User'),
(2, 884, 'App\\User'),
(4, 884, 'App\\User'),
(1, 885, 'App\\User'),
(2, 885, 'App\\User'),
(4, 885, 'App\\User'),
(0, 886, 'App\\User'),
(0, 887, 'App\\User'),
(1, 888, 'App\\User'),
(3, 888, 'App\\User'),
(4, 888, 'App\\User'),
(1, 889, 'App\\User'),
(2, 889, 'App\\User'),
(3, 889, 'App\\User'),
(4, 889, 'App\\User'),
(1, 890, 'App\\User'),
(4, 890, 'App\\User'),
(1, 891, 'App\\User'),
(3, 891, 'App\\User'),
(4, 891, 'App\\User'),
(1, 892, 'App\\User'),
(2, 892, 'App\\User'),
(2, 893, 'App\\User'),
(3, 893, 'App\\User'),
(4, 893, 'App\\User'),
(0, 894, 'App\\User'),
(2, 895, 'App\\User'),
(3, 895, 'App\\User'),
(4, 895, 'App\\User'),
(2, 896, 'App\\User'),
(4, 896, 'App\\User'),
(1, 897, 'App\\User'),
(3, 897, 'App\\User'),
(1, 898, 'App\\User'),
(2, 898, 'App\\User'),
(3, 898, 'App\\User'),
(4, 898, 'App\\User'),
(3, 899, 'App\\User'),
(4, 899, 'App\\User'),
(0, 900, 'App\\User'),
(0, 901, 'App\\User'),
(0, 902, 'App\\User'),
(1, 903, 'App\\User'),
(2, 903, 'App\\User'),
(3, 903, 'App\\User'),
(4, 903, 'App\\User'),
(0, 904, 'App\\User'),
(1, 905, 'App\\User'),
(2, 905, 'App\\User'),
(3, 905, 'App\\User'),
(4, 905, 'App\\User'),
(0, 906, 'App\\User'),
(1, 907, 'App\\User'),
(2, 907, 'App\\User'),
(3, 907, 'App\\User'),
(4, 907, 'App\\User'),
(1, 908, 'App\\User'),
(2, 908, 'App\\User'),
(3, 908, 'App\\User'),
(2, 909, 'App\\User'),
(3, 909, 'App\\User'),
(4, 909, 'App\\User'),
(3, 910, 'App\\User'),
(4, 910, 'App\\User'),
(1, 911, 'App\\User'),
(2, 911, 'App\\User'),
(3, 911, 'App\\User'),
(0, 912, 'App\\User'),
(2, 913, 'App\\User'),
(3, 913, 'App\\User'),
(4, 913, 'App\\User'),
(1, 914, 'App\\User'),
(2, 914, 'App\\User'),
(3, 914, 'App\\User'),
(4, 914, 'App\\User'),
(1, 915, 'App\\User'),
(2, 915, 'App\\User'),
(3, 915, 'App\\User'),
(4, 915, 'App\\User'),
(1, 916, 'App\\User'),
(4, 916, 'App\\User'),
(1, 917, 'App\\User'),
(2, 917, 'App\\User'),
(3, 917, 'App\\User'),
(1, 918, 'App\\User'),
(2, 918, 'App\\User'),
(3, 918, 'App\\User'),
(4, 918, 'App\\User'),
(1, 919, 'App\\User'),
(2, 919, 'App\\User'),
(3, 919, 'App\\User'),
(4, 919, 'App\\User'),
(0, 920, 'App\\User'),
(0, 921, 'App\\User'),
(1, 922, 'App\\User'),
(4, 922, 'App\\User'),
(1, 923, 'App\\User'),
(3, 923, 'App\\User'),
(1, 924, 'App\\User'),
(2, 924, 'App\\User'),
(3, 924, 'App\\User'),
(4, 924, 'App\\User'),
(1, 925, 'App\\User'),
(2, 925, 'App\\User'),
(3, 925, 'App\\User'),
(1, 926, 'App\\User'),
(2, 926, 'App\\User'),
(4, 926, 'App\\User'),
(2, 927, 'App\\User'),
(4, 927, 'App\\User'),
(1, 928, 'App\\User'),
(4, 928, 'App\\User'),
(3, 929, 'App\\User'),
(4, 929, 'App\\User'),
(0, 930, 'App\\User'),
(1, 931, 'App\\User'),
(2, 931, 'App\\User'),
(4, 931, 'App\\User'),
(1, 932, 'App\\User'),
(2, 932, 'App\\User'),
(3, 932, 'App\\User'),
(4, 932, 'App\\User'),
(2, 933, 'App\\User'),
(3, 933, 'App\\User'),
(1, 934, 'App\\User'),
(2, 934, 'App\\User'),
(4, 934, 'App\\User'),
(1, 935, 'App\\User'),
(2, 935, 'App\\User'),
(3, 935, 'App\\User'),
(4, 935, 'App\\User'),
(1, 936, 'App\\User'),
(2, 936, 'App\\User'),
(3, 936, 'App\\User'),
(4, 936, 'App\\User'),
(1, 937, 'App\\User'),
(2, 937, 'App\\User'),
(3, 937, 'App\\User'),
(4, 937, 'App\\User'),
(0, 938, 'App\\User'),
(2, 939, 'App\\User'),
(3, 939, 'App\\User'),
(0, 940, 'App\\User'),
(1, 941, 'App\\User'),
(3, 941, 'App\\User'),
(1, 942, 'App\\User'),
(2, 942, 'App\\User'),
(3, 942, 'App\\User'),
(0, 943, 'App\\User'),
(1, 944, 'App\\User'),
(2, 944, 'App\\User'),
(1, 945, 'App\\User'),
(2, 945, 'App\\User'),
(4, 945, 'App\\User'),
(0, 946, 'App\\User'),
(2, 947, 'App\\User'),
(3, 947, 'App\\User'),
(4, 947, 'App\\User'),
(1, 948, 'App\\User');
INSERT INTO `taggables` (`tag_id`, `taggable_id`, `taggable_type`) VALUES
(2, 948, 'App\\User'),
(3, 948, 'App\\User'),
(4, 948, 'App\\User'),
(2, 949, 'App\\User'),
(3, 949, 'App\\User'),
(0, 950, 'App\\User'),
(1, 951, 'App\\User'),
(2, 951, 'App\\User'),
(3, 951, 'App\\User'),
(1, 952, 'App\\User'),
(2, 952, 'App\\User'),
(3, 952, 'App\\User'),
(4, 952, 'App\\User'),
(2, 953, 'App\\User'),
(3, 953, 'App\\User'),
(0, 954, 'App\\User'),
(1, 955, 'App\\User'),
(2, 955, 'App\\User'),
(2, 956, 'App\\User'),
(3, 956, 'App\\User'),
(1, 957, 'App\\User'),
(2, 957, 'App\\User'),
(3, 957, 'App\\User'),
(4, 957, 'App\\User'),
(1, 958, 'App\\User'),
(2, 958, 'App\\User'),
(3, 958, 'App\\User'),
(4, 958, 'App\\User'),
(2, 959, 'App\\User'),
(3, 959, 'App\\User'),
(2, 960, 'App\\User'),
(3, 960, 'App\\User'),
(1, 961, 'App\\User'),
(2, 961, 'App\\User'),
(3, 961, 'App\\User'),
(4, 961, 'App\\User'),
(2, 962, 'App\\User'),
(3, 962, 'App\\User'),
(0, 963, 'App\\User'),
(0, 964, 'App\\User'),
(1, 965, 'App\\User'),
(2, 965, 'App\\User'),
(0, 966, 'App\\User'),
(1, 967, 'App\\User'),
(2, 967, 'App\\User'),
(3, 967, 'App\\User'),
(1, 968, 'App\\User'),
(2, 968, 'App\\User'),
(3, 968, 'App\\User'),
(1, 969, 'App\\User'),
(2, 969, 'App\\User'),
(4, 969, 'App\\User'),
(0, 970, 'App\\User'),
(1, 971, 'App\\User'),
(2, 971, 'App\\User'),
(3, 971, 'App\\User'),
(4, 971, 'App\\User'),
(0, 972, 'App\\User'),
(0, 973, 'App\\User'),
(0, 974, 'App\\User'),
(2, 975, 'App\\User'),
(3, 975, 'App\\User'),
(4, 975, 'App\\User'),
(1, 976, 'App\\User'),
(2, 976, 'App\\User'),
(3, 976, 'App\\User'),
(4, 976, 'App\\User'),
(0, 977, 'App\\User'),
(1, 978, 'App\\User'),
(3, 978, 'App\\User'),
(1, 979, 'App\\User'),
(4, 979, 'App\\User'),
(0, 980, 'App\\User'),
(2, 981, 'App\\User'),
(3, 981, 'App\\User'),
(4, 981, 'App\\User'),
(0, 982, 'App\\User'),
(1, 983, 'App\\User'),
(3, 983, 'App\\User'),
(4, 983, 'App\\User'),
(1, 984, 'App\\User'),
(3, 984, 'App\\User'),
(2, 985, 'App\\User'),
(3, 985, 'App\\User'),
(1, 986, 'App\\User'),
(2, 986, 'App\\User'),
(3, 986, 'App\\User'),
(1, 987, 'App\\User'),
(2, 987, 'App\\User'),
(3, 987, 'App\\User'),
(4, 987, 'App\\User'),
(1, 988, 'App\\User'),
(3, 988, 'App\\User'),
(1, 989, 'App\\User'),
(3, 989, 'App\\User'),
(4, 989, 'App\\User'),
(0, 990, 'App\\User'),
(1, 991, 'App\\User'),
(2, 991, 'App\\User'),
(3, 991, 'App\\User'),
(4, 991, 'App\\User'),
(1, 992, 'App\\User'),
(2, 992, 'App\\User'),
(3, 992, 'App\\User'),
(0, 993, 'App\\User'),
(1, 994, 'App\\User'),
(2, 994, 'App\\User'),
(3, 994, 'App\\User'),
(4, 994, 'App\\User'),
(2, 995, 'App\\User'),
(3, 995, 'App\\User'),
(1, 996, 'App\\User'),
(2, 996, 'App\\User'),
(3, 996, 'App\\User'),
(4, 996, 'App\\User'),
(1, 997, 'App\\User'),
(3, 997, 'App\\User'),
(0, 998, 'App\\User'),
(1, 999, 'App\\User'),
(4, 999, 'App\\User'),
(1, 1000, 'App\\User'),
(4, 1000, 'App\\User'),
(1, 1001, 'App\\User'),
(3, 1001, 'App\\User'),
(4, 1001, 'App\\User');

-- --------------------------------------------------------

--
-- Table structure for table `tags`
--

CREATE TABLE `tags` (
  `id` int(10) UNSIGNED NOT NULL,
  `name` varchar(255) COLLATE utf8_unicode_ci NOT NULL
) ENGINE=InnoDB DEFAULT CHARSET=utf8 COLLATE=utf8_unicode_ci;

--
-- Dumping data for table `tags`
--

INSERT INTO `tags` (`id`, `name`) VALUES
(1, 'Technology'),
(2, 'Politics'),
(3, 'Business'),
(4, 'Entertainment');

-- --------------------------------------------------------

--
-- Table structure for table `thanas`
--

CREATE TABLE `thanas` (
  `id` int(11) NOT NULL,
  `ThanaNameBangla` varchar(500) DEFAULT NULL,
  `ThanaName` varchar(500) DEFAULT NULL,
  `DistrictId` int(11) DEFAULT NULL,
  `name` varchar(500) DEFAULT NULL,
  `created_at` datetime DEFAULT NULL,
  `updated_at` datetime DEFAULT NULL
) ENGINE=InnoDB DEFAULT CHARSET=utf8;

-- --------------------------------------------------------

--
-- Table structure for table `unions`
--

CREATE TABLE `unions` (
  `id` int(11) NOT NULL,
  `UnionName` varchar(500) NOT NULL,
  `name` varchar(500) DEFAULT NULL,
  `ThanaId` int(11) DEFAULT NULL,
  `DivisionId` int(11) DEFAULT NULL,
  `DistrictId` int(11) DEFAULT NULL,
  `created_at` datetime DEFAULT NULL,
  `updated_at` datetime DEFAULT NULL
) ENGINE=InnoDB DEFAULT CHARSET=utf8;

-- --------------------------------------------------------

--
-- Table structure for table `users`
--

CREATE TABLE `users` (
  `id` int(10) UNSIGNED NOT NULL,
  `name` varchar(255) COLLATE utf8_unicode_ci NOT NULL,
  `email` varchar(255) COLLATE utf8_unicode_ci NOT NULL,
  `password` varchar(60) COLLATE utf8_unicode_ci NOT NULL,
  `remember_token` varchar(100) COLLATE utf8_unicode_ci DEFAULT NULL,
  `user_type` varchar(500) COLLATE utf8_unicode_ci NOT NULL,
  `created_at` timestamp NOT NULL DEFAULT '0000-00-00 00:00:00',
  `updated_at` timestamp NOT NULL DEFAULT '0000-00-00 00:00:00',
  `deleted_at` timestamp NULL DEFAULT NULL
) ENGINE=InnoDB DEFAULT CHARSET=utf8 COLLATE=utf8_unicode_ci;

--
-- Dumping data for table `users`
--

INSERT INTO `users` (`id`, `name`, `email`, `password`, `remember_token`, `user_type`, `created_at`, `updated_at`, `deleted_at`) VALUES
(502, 'Michelle Kuhlman Sr.', 'kiehn.stewart@thiel.com', '$2y$10$.lSgkw3afGhxJ/8sDUxrMOcMX0ihQknsoufREkaDSfUmCCpjDmTwS', NULL, '', '2017-06-17 17:27:03', '2017-06-17 17:27:03', NULL),
(503, 'Jarrell Johns', 'ocassin@hotmail.com', '$2y$10$byICtDCpOQsj8Y5sG6sUdOk.D3u6J4Uhf/KmMUTOpD.EvfSCKn.XC', NULL, '', '2017-06-17 17:27:03', '2017-06-17 17:27:03', NULL),
(504, 'Ms. Bernadette Collins PhD', 'kianna92@rolfson.com', '$2y$10$DzBau1Ym.n5oXaLrzUkiN.TWI.WtG8a9QXX6b5uQ02PoTNinHY8zK', NULL, '', '2017-06-17 17:27:03', '2017-06-17 17:27:03', NULL),
(505, 'Donnie Leannon', 'daisy89@yahoo.com', '$2y$10$cdv.bvo5YkEdLsSh4MyxiO2NQ15CYgD0kuwFxJ9vME/mE28gC/tUC', NULL, '', '2017-06-17 17:27:03', '2017-06-17 17:27:03', NULL),
(506, 'Dr. Norval Dibbert', 'xolson@ullrich.com', '$2y$10$N30VL0Uh6cgkB28odyO0w.J9LQZcUJX4llnf5t.r5m5xYuZ1kO.vO', NULL, '', '2017-06-17 17:27:04', '2017-06-17 17:27:04', NULL),
(507, 'Reynold Kuhn', 'brown.francisco@tillman.com', '$2y$10$rxsoN1Euqr3y0oDncTRX/uPTIJLwZzwF7wxQ101s8DRzBSCN72/2e', NULL, '', '2017-06-17 17:27:04', '2017-06-17 17:27:04', NULL),
(508, 'Dr. Jacky Carter', 'morar.letha@okuneva.info', '$2y$10$IVTRAIvS1GIBmri62a9uaOWIvHECM/uxVNLqTSLQho8yvTvPmxFnu', NULL, '', '2017-06-17 17:27:04', '2017-06-17 17:27:04', NULL),
(509, 'Destinee Nader', 'myrna.hermann@hotmail.com', '$2y$10$6zPrRCKKpp7IfviT.uTMk.n3o4A7zwvs9Tn.G7g6b9OrlO7oTCBRC', NULL, '', '2017-06-17 17:27:04', '2017-06-17 17:27:04', NULL),
(510, 'Laury Zulauf', 'pbashirian@nicolas.com', '$2y$10$jEklUkybPiPxPYDes37yMOTkd0DZ/NFfShG36bqqTeAfXa9k5nln.', NULL, '', '2017-06-17 17:27:04', '2017-06-17 17:27:04', NULL),
(511, 'Antonio Wisoky', 'cruickshank.guillermo@yahoo.com', '$2y$10$KB8ZVHmUbzkloZBaYlacbeXUW/Bg8fA67ETIn2aGG5XZwSKxe6slC', NULL, '', '2017-06-17 17:27:04', '2017-06-17 17:27:04', NULL),
(512, 'Lauretta Stroman', 'hilpert.rosetta@crist.com', '$2y$10$.mWAu2pYVVD0WfcS.pVA8OfEmGooDAN91Vh0pJMsXk6/sFCrbzRQu', NULL, '', '2017-06-17 17:27:05', '2017-06-17 17:27:05', NULL),
(513, 'Davion Leffler IV', 'trever31@hettinger.biz', '$2y$10$JT66SHSb29ykMPoVAlssVeLt/5/pFnwYyyAOS.odgaCPI8hs3CjpK', NULL, '', '2017-06-17 17:27:05', '2017-06-17 17:27:05', NULL),
(514, 'Cecile Rosenbaum', 'predovic.lacey@lebsack.net', '$2y$10$Q7zOQML5RFKQmJvdG2YViuAqR8IRMr1dBRU1WexMEz0y2bwJqD1ni', NULL, '', '2017-06-17 17:27:05', '2017-06-17 17:27:05', NULL),
(515, 'Prof. Elfrieda Hermiston DVM', 'solon.hammes@mann.com', '$2y$10$THzGY7IT1pdGruBmkUzlBO4/esggQKaf2tbZmQ2fWk4nGNquwDwc.', NULL, '', '2017-06-17 17:27:05', '2017-06-17 17:27:05', NULL),
(516, 'Bartholome Kozey', 'laurie.simonis@hotmail.com', '$2y$10$9Pqc9fZ8VKs5DMHyIxflCeTUHfyilZBqzTnCaTDQHXHEckZyi9BZS', NULL, '', '2017-06-17 17:27:05', '2017-06-17 17:27:05', NULL),
(517, 'Verner Tromp I', 'brendon.senger@nitzsche.com', '$2y$10$dTRx3pJ1XJ415mysvCX36ez2uIelZyjYljiaSH5w3eTs8KSNfJAUG', NULL, '', '2017-06-17 17:27:05', '2017-06-17 17:27:05', NULL),
(518, 'Cruz Johns', 'helmer58@sipes.com', '$2y$10$a7hTVz4FC7jfk8gIxNhv9e6uW1fDOeKnHtZ37f1tXnqLJ6X59q3By', NULL, '', '2017-06-17 17:27:05', '2017-06-17 17:27:05', NULL),
(519, 'Dr. Jules McGlynn Sr.', 'ggrimes@gmail.com', '$2y$10$tOmDxXpZGb8ksB.p/sUw8O517xTl12H2Kh.KCgU6aFenz8gW5K7hG', NULL, '', '2017-06-17 17:27:06', '2017-06-17 17:27:06', NULL),
(520, 'Elissa Wilkinson', 'crist.vivian@gmail.com', '$2y$10$NctOIYhR.XWfDcRPoWb1BemcgpAPNjBPpQto6qzkzxXSD7MT7tS3u', NULL, '', '2017-06-17 17:27:06', '2017-06-17 17:27:06', NULL),
(521, 'Miss Eudora Thiel', 'kovacek.cyril@yahoo.com', '$2y$10$OOIJ/GuyFi2t0HtnGFbkxeYumu8fv.toMtNqvjLv9CyY4NQquWh8K', NULL, '', '2017-06-17 17:27:06', '2017-06-17 17:27:06', NULL),
(522, 'Mr. Lennie Hintz', 'florencio57@hamill.org', '$2y$10$cv6Wuw406/6sP8IdjlfabezNkVAkMepvFQb.8naOKdDmDQWloOy46', NULL, '', '2017-06-17 17:27:06', '2017-06-17 17:27:06', NULL),
(523, 'Elvera Kessler I', 'milford.murray@johns.org', '$2y$10$m89McBtixdbs3x4BKlyMnO5uWvxOZCiYDrJm8ws1qxCY7lrFlz3PS', NULL, '', '2017-06-17 17:27:06', '2017-06-17 17:27:06', NULL),
(524, 'Lina Wyman', 'sporer.zena@hotmail.com', '$2y$10$yIG0Lh5I/OaaiKBm1YRT1OUqlZJu4ffwMgltzppNNff7LN6XSAfBO', NULL, '', '2017-06-17 17:27:06', '2017-06-17 17:27:06', NULL),
(525, 'Dr. Clark Abernathy', 'nicolas36@weissnat.org', '$2y$10$i.G7lOhoORaAtfbJNDlwXOhMxk2dVlHNjzZUm/ICi.uLaHByelK7G', NULL, '', '2017-06-17 17:27:07', '2017-06-17 17:27:07', NULL),
(526, 'Novella Abbott', 'wunsch.mossie@hotmail.com', '$2y$10$J4drUu.qr1nIJp25Jz5zTehnW/xQAbLcoIPyen6uN.IU.saBhE572', NULL, '', '2017-06-17 17:27:07', '2017-06-17 17:27:07', NULL),
(527, 'Miss Giovanna Gusikowski III', 'breana.price@koelpin.info', '$2y$10$TaHKuuLHe2GP0AEZsL8oge9Ls5k.x9dyS/204MWWp055TEgulnhZK', NULL, '', '2017-06-17 17:27:07', '2017-06-17 17:27:07', NULL),
(528, 'Clemmie DuBuque PhD', 'jazlyn63@metz.com', '$2y$10$0pxEVK1mHwuos1sowPs1bOiWOeRyTCXHGe.x09/fChZ58VBirajn6', NULL, '', '2017-06-17 17:27:07', '2017-06-17 17:27:07', NULL),
(529, 'Dr. Dane Streich Sr.', 'wmertz@green.com', '$2y$10$StYDnBTTId6C0r70LwhaiO4iCbaL4UzC6lpy9VO5VvK4rTC2W4B0q', NULL, '', '2017-06-17 17:27:07', '2017-06-17 17:27:07', NULL),
(530, 'Davion Tremblay', 'jmarks@rohan.com', '$2y$10$INNWID3to6Ym2Zf8SXjPlOGuc5EuogIa87XJUepM1upf2HYvtfcQC', NULL, '', '2017-06-17 17:27:07', '2017-06-17 17:27:07', NULL),
(531, 'Jammie Macejkovic', 'onie22@gusikowski.com', '$2y$10$g4ZVPzkiWwAZrCALktVtdeqydlBP7WJHAQjPF0bM7iyyDZqDf4X56', NULL, '', '2017-06-17 17:27:07', '2017-06-17 17:27:07', NULL),
(532, 'Prof. Zack Ward', 'plittle@swift.com', '$2y$10$ER.8.oEPf9ORn5UbPxCIC.xUW4TLaL4XxKBbPYbYqsBxJRj4VWhJq', NULL, '', '2017-06-17 17:27:08', '2017-06-17 17:27:08', NULL),
(533, 'Mr. Jettie Paucek', 'mstehr@gmail.com', '$2y$10$qm6YF5VurtXYqUxPVm8nh.OWXdtIdH9NPKIo4/4c0OkSElP47V7MC', NULL, '', '2017-06-17 17:27:08', '2017-06-17 17:27:08', NULL),
(534, 'Miss Elouise Renner', 'ykshlerin@kuhlman.com', '$2y$10$5rnUSNADiTtQjvQYbH.fW.sqLnYyNup7pWXkuHvDhPcJNgR5PHGHu', NULL, '', '2017-06-17 17:27:08', '2017-06-17 17:27:08', NULL),
(535, 'Jeffery Berge', 'bosco.brock@bartoletti.com', '$2y$10$B7gVQWzBn/v73uaUgKNhuu9FKXRgbtcSmeQn8mwKDyz1QnI0YO6se', NULL, '', '2017-06-17 17:27:08', '2017-06-17 17:27:08', NULL),
(536, 'Kyla Ankunding', 'jacey.mcdermott@wintheiser.net', '$2y$10$20ITsbK1hliwW3W059HaW.5dw6RP1LxUCGDKGOty4Aip1WMhjJasy', NULL, '', '2017-06-17 17:27:08', '2017-06-17 17:27:08', NULL),
(537, 'Salvador Davis', 'ullrich.krystina@altenwerth.com', '$2y$10$sGDbZFsbYepu.kxBcCvU3uKmnWEaX73xmsoPDLGMLXVBFNyRV.Sdi', NULL, '', '2017-06-17 17:27:08', '2017-06-17 17:27:08', NULL),
(538, 'Julius Prohaska', 'jerald40@hotmail.com', '$2y$10$ls/CzoO1.s2L9TxTx9AbKe1nFTd0sSDjtNQgFQSHS0Rlq.B/5Veyu', NULL, '', '2017-06-17 17:27:08', '2017-06-17 17:27:08', NULL),
(539, 'Cameron Effertz', 'napoleon.champlin@yahoo.com', '$2y$10$kJ56ZWjYIJPCbSdnQUfn8OaW9DnQrIS4ClYlEfWMY8DJoTVrartj6', NULL, '', '2017-06-17 17:27:09', '2017-06-17 17:27:09', NULL),
(540, 'Prof. Jamie Keebler', 'christy22@bins.com', '$2y$10$P0KSUqNwSymWJvJTGTVs.ecNRQ4j5P0LTTh8gMHDfXDGrV/.zoh5K', NULL, '', '2017-06-17 17:27:09', '2017-06-17 17:27:09', NULL),
(541, 'Dr. Adrienne Hills DDS', 'schaefer.janie@hotmail.com', '$2y$10$dfPwoiHqaydi4JvBtFvrS.FxvwLRpm8TOKtoVjqNw9IXVHq/7xgtO', NULL, '', '2017-06-17 17:27:09', '2017-06-17 17:27:09', NULL),
(542, 'Rickey Price', 'alexandra.huels@streich.com', '$2y$10$PWilMXxtThPNTqWCnc5u7.LpDnnFoFY3QDPKeogzLV3QxpCy8VKQW', NULL, '', '2017-06-17 17:27:09', '2017-06-17 17:27:09', NULL),
(543, 'Palma Bins', 'gbogan@gmail.com', '$2y$10$/CCv22xNmkjjg/VqejMvJ.k5kTejCTaVF/mQyHXiQsKJlqu68Tf3m', NULL, '', '2017-06-17 17:27:09', '2017-06-17 17:27:09', NULL),
(544, 'Tristian Cormier', 'larson.kieran@gmail.com', '$2y$10$U2ao43U0ZBGGe4dHGe26feUOOaInCsh/yTzbuaYKuzstcKJWJL9wy', NULL, '', '2017-06-17 17:27:09', '2017-06-17 17:27:09', NULL),
(545, 'Mrs. Elouise Terry Jr.', 'dell53@yahoo.com', '$2y$10$jSwd.QfB0W/d9Clduw9U3O1EhB1p4uB67RH/Ns04z1XQamEGbtUl6', NULL, '', '2017-06-17 17:27:09', '2017-06-17 17:27:09', NULL),
(546, 'Prof. Vidal Wilkinson DVM', 'yazmin67@gmail.com', '$2y$10$MOoWdEQ6O344QgIQBAgBNedKz7/BLWhf1OpszR33Y51jxGd4cl8ly', NULL, '', '2017-06-17 17:27:10', '2017-06-17 17:27:10', NULL),
(547, 'Ms. Theodora Frami V', 'bhamill@jones.com', '$2y$10$OIGG1Ktswyoc3SuUB4OC..S7.OXW2b74aOP7Q652iIGev3mnubVO2', NULL, '', '2017-06-17 17:27:10', '2017-06-17 17:27:10', NULL),
(548, 'Milton Sipes', 'tmuller@heathcote.com', '$2y$10$WkL04MPkik5trkR532BT5easky1DITmTgLXTvWgkXc9xekx3.PCWi', NULL, '', '2017-06-17 17:27:10', '2017-06-17 17:27:10', NULL),
(549, 'Carmen Ward', 'dietrich.estevan@gmail.com', '$2y$10$sanDUD3jM073tirCw9eL..DAZL5u1AiqJzEggsf.BNHdGVRpR8og6', NULL, '', '2017-06-17 17:27:10', '2017-06-17 17:27:10', NULL),
(550, 'Aida Botsford', 'rachael35@yahoo.com', '$2y$10$XdgvTaoPEqCR5AgG2C4T9uXbb6/61BURRpHFcuJ3246sKUqEtEHqW', NULL, '', '2017-06-17 17:27:10', '2017-06-17 17:27:10', NULL),
(551, 'Norma Breitenberg V', 'greilly@green.com', '$2y$10$e3y899m9BSmVBGTKKoPX1u74G02uuXwVMge6tT4ep5NSnVQ92fTTy', NULL, '', '2017-06-17 17:27:10', '2017-06-17 17:27:10', NULL),
(552, 'Jedediah Daniel', 'eleonore87@hotmail.com', '$2y$10$JDUs64EbfaZiPgE2/NSy/eOfejPzidKkFxjm0OcWjJhDLn5TKMRbK', NULL, '', '2017-06-17 17:27:10', '2017-06-17 17:27:10', NULL),
(553, 'Maribel Rempel', 'igibson@lebsack.com', '$2y$10$jC0XUeaekaeQXJIfCX3jWOIhxzGOhFkrxALVQHl0B7pkGQ60QdGri', NULL, '', '2017-06-17 17:27:11', '2017-06-17 17:27:11', NULL),
(554, 'Mrs. Kaitlin Champlin DVM', 'bohara@aufderhar.info', '$2y$10$QRRAoGVyq8QVxQhgQpVYqOIhEBuGfuAx1aRu56syK2YuQPq91B0VO', NULL, '', '2017-06-17 17:27:11', '2017-06-17 17:27:11', NULL),
(555, 'Mr. Brandon Robel Jr.', 'stokes.erwin@yahoo.com', '$2y$10$RjEi1Fv6PL8R4vT1PFQfKOA6DBJJOSvfsA8bzC68nkwM8ZMft0Osi', NULL, '', '2017-06-17 17:27:11', '2017-06-17 17:27:11', NULL),
(556, 'Prof. Cristina Schroeder', 'floyd74@hotmail.com', '$2y$10$uG64yJKMG/IiOrs56.qsKOXonVsJy0jjguUuU3jn./nCbHmikqb.2', NULL, '', '2017-06-17 17:27:11', '2017-06-17 17:27:11', NULL),
(557, 'Tom Sauer', 'flatley.darron@gmail.com', '$2y$10$29l22Z86/jvTcmLty08v/.GWp.26YBGRw2Id8ee.nvmTjOS/AVJYC', NULL, '', '2017-06-17 17:27:11', '2017-06-17 17:27:11', NULL),
(558, 'Mrs. Ora Runolfsson II', 'btromp@hotmail.com', '$2y$10$NoCGzKsLCob1PZLY4dkSz.KiXqZBkDAfPgAu1lxlYdY4cWUuBF85K', NULL, '', '2017-06-17 17:27:11', '2017-06-17 17:27:11', NULL),
(559, 'Luis Becker', 'albina.bashirian@dooley.com', '$2y$10$LbnPamB56YdZ7qKc84.Dz.Ks2kTltQs4qnsgBlwOtf7CPz7S1litC', NULL, '', '2017-06-17 17:27:11', '2017-06-17 17:27:11', NULL),
(560, 'Hilda Wyman DVM', 'padberg.stanford@block.com', '$2y$10$8p083UaROQFiottrg8jvjOOdI5CVnO3iL2uJYliSNirnJf12AgNPi', NULL, '', '2017-06-17 17:27:12', '2017-06-17 17:27:12', NULL),
(561, 'Abby Kerluke MD', 'dax74@gmail.com', '$2y$10$GqGs6BenZt6baB9DSliSV.jfDZko98NNkWJ08sHcxbunXIz0NU8mK', NULL, '', '2017-06-17 17:27:12', '2017-06-17 17:27:12', NULL),
(562, 'Mustafa Fahey', 'kautzer.noe@yahoo.com', '$2y$10$LFn3nTc3K8LVTFh8OAkWX.b.dl9blRjGZYIOPtO3DZlC7RJPV5k/m', NULL, '', '2017-06-17 17:27:12', '2017-06-17 17:27:12', NULL),
(563, 'Annamarie DuBuque', 'alfred14@runte.biz', '$2y$10$YsuyP0kVq8m9yVuxSmDYW.ERawLNBUdR90RbjHCjg4opE35zS72py', NULL, '', '2017-06-17 17:27:13', '2017-06-17 17:27:13', NULL),
(564, 'Dr. Elza McDermott', 'strosin.lorenza@hotmail.com', '$2y$10$8YwQPZWjsJtFFln5YMzXIuPw/6E9XVw.sUBPJgFtLiFfx7OnzlcJe', NULL, '', '2017-06-17 17:27:13', '2017-06-17 17:27:13', NULL),
(565, 'Raven Jacobson', 'pamela.stiedemann@yahoo.com', '$2y$10$mj5OnM/n8JAQD5af0V15MuVnk5Hj0JfSdJtAch9cE2GPE481x0W6a', NULL, '', '2017-06-17 17:27:13', '2017-06-17 17:27:13', NULL),
(566, 'Preston Roob', 'alison.thompson@gmail.com', '$2y$10$BsrFSBvPvhMw1OIyiORV3OBBw11FSdg3gWixASQbJQs8PB3nbN8Hm', NULL, '', '2017-06-17 17:27:13', '2017-06-17 17:27:13', NULL),
(567, 'Vidal Johnson', 'gjacobi@cole.net', '$2y$10$A9JKpa0CsmY5XU/gOz2cweW15LRkRDh9U8bEH/aNru2KELHCYFTQu', NULL, '', '2017-06-17 17:27:13', '2017-06-17 17:27:13', NULL),
(568, 'Norene Pollich', 'elisa72@gmail.com', '$2y$10$37bF1n3G2yIWak4lD5PoFOo9nS0roJdH4Tl7ct6ZvLJIOc.8CwVeG', NULL, '', '2017-06-17 17:27:13', '2017-06-17 17:27:13', NULL),
(569, 'Ms. Mireya Zboncak DDS', 'aida51@yahoo.com', '$2y$10$UIBGLy1KxcKHoWgXS2lTaeW5my9nucudbg9TS66GYLgqZZ7lFmop.', NULL, '', '2017-06-17 17:27:14', '2017-06-17 17:27:14', NULL),
(570, 'Bennett Bode', 'rasheed36@lehner.com', '$2y$10$EM2yPullth0jBzrxqnvNG.Xa0J0a6mOW.c6W7mwok9SpBs57FVQzG', NULL, '', '2017-06-17 17:27:14', '2017-06-17 17:27:14', NULL),
(571, 'Tressa Rogahn', 'udickens@dare.com', '$2y$10$.73y.HPYewRAjxVfFSoe8OznSuQbK8E1DaKYJQO9TQSRHjnUMHePS', NULL, '', '2017-06-17 17:27:14', '2017-06-17 17:27:14', NULL),
(572, 'Dr. Jordyn Raynor', 'wgrimes@goyette.com', '$2y$10$33p2rc63EYjQlY6BxJrwe.KfTUdAYOk1JVsNgy.YW23T.CSOGHxMm', NULL, '', '2017-06-17 17:27:14', '2017-06-17 17:27:14', NULL),
(573, 'Viviane Weissnat', 'merle25@hotmail.com', '$2y$10$iyDHzH4gxszEg0UzZROcz.RA5VVfTWR/Timx7TPWjNAs141IjRSF2', NULL, '', '2017-06-17 17:27:14', '2017-06-17 17:27:14', NULL),
(574, 'Yasmine Jaskolski', 'camila.damore@yahoo.com', '$2y$10$p.e6bTPYv7xkko5jvUfhPOZ3hqoE0Vm6lpDSBhzrUaww66Sff4dv2', NULL, '', '2017-06-17 17:27:14', '2017-06-17 17:27:14', NULL),
(575, 'Orrin Bergnaum', 'stella.stokes@gmail.com', '$2y$10$YAsrgz8kn9j3IAN5TZr7Ye8NU/POgC0dbfvpskv9jqxNgDSYduBNW', NULL, '', '2017-06-17 17:27:14', '2017-06-17 17:27:14', NULL),
(576, 'Dr. Francesca Ullrich MD', 'kianna70@gmail.com', '$2y$10$H0WpUBxvZq8yp6ktadhC7OaP7Bz/zkU..JMlbVRZAgAcwwuo9TBWy', NULL, '', '2017-06-17 17:27:15', '2017-06-17 17:27:15', NULL),
(577, 'Alva Heller', 'mallie.hessel@hagenes.com', '$2y$10$Gk6CqxGQmY8HDPR1Esr2XOxK2FoeggHOx5NfZN1vh7eYw5GzyGl1G', NULL, '', '2017-06-17 17:27:15', '2017-06-17 17:27:15', NULL),
(578, 'Dr. Lorenzo Ratke', 'alicia.schmidt@yahoo.com', '$2y$10$eRaUR6JddT78T2g52UIuL.NrIJLQXJLC1gqqf8VqekMTmWc6zEL2W', NULL, '', '2017-06-17 17:27:15', '2017-06-17 17:27:15', NULL),
(579, 'Joshuah Hane', 'letha94@yahoo.com', '$2y$10$0wvgXDnh6NfWbUzOnE./KOEgs9JaDDBWAhRAWf5EN6/C5D65RcXCW', NULL, '', '2017-06-17 17:27:15', '2017-06-17 17:27:15', NULL),
(580, 'Grayson Jast', 'sbartell@gmail.com', '$2y$10$w6rxdfLDBHVM5x2Mr92GP.BXDdMxRqzx71cBtHneS8BnpvY3aK3j2', NULL, '', '2017-06-17 17:27:15', '2017-06-17 17:27:15', NULL),
(581, 'Dustin Bruen', 'wiegand.franz@yahoo.com', '$2y$10$DzrZpH3Z4OfJupZCSq58ceXsf4xVign7SqJtrMkh0pNF66NmUpp/.', NULL, '', '2017-06-17 17:27:15', '2017-06-17 17:27:15', NULL),
(582, 'Prof. Tia Bernhard', 'alejandrin01@hotmail.com', '$2y$10$/WZ3PIuhrgloWtFexUycpeSb03/8J8sWQwTCzqobwkKr5YVwc6k6.', NULL, '', '2017-06-17 17:27:16', '2017-06-17 17:27:16', NULL),
(583, 'Mandy Jast V', 'danika20@gmail.com', '$2y$10$IoGQFVmVNCdu9P.gGZgOr.nkmmIaUPC/FDPUXFS6iUocl/GCc6PTa', NULL, '', '2017-06-17 17:27:16', '2017-06-17 17:27:16', NULL),
(584, 'Hoyt Fay', 'maryse90@hane.com', '$2y$10$jGBxzyoWKpNAvFjTRnqNg.9YlHTrWtTip3lZTSZ01zDV4BRyOB3SS', NULL, '', '2017-06-17 17:27:16', '2017-06-17 17:27:16', NULL),
(585, 'Flossie Upton', 'qcassin@hotmail.com', '$2y$10$uGAbrXEftjVtZD0FS9I5kuQXQsMbNTJ.POXZyxsj63xW2emAcWjnK', NULL, '', '2017-06-17 17:27:16', '2017-06-17 17:27:16', NULL),
(586, 'Dawson Yost Jr.', 'garnet.stoltenberg@block.info', '$2y$10$xfO45.vlIUocyJcKIP2no.R0UlH7tVT1N6UyHCLZV2mX9xHlm47l.', NULL, '', '2017-06-17 17:27:16', '2017-06-17 17:27:16', NULL),
(587, 'Ms. Icie Heller Sr.', 'wbraun@leffler.biz', '$2y$10$lPUkS0JLq10QdteBwgylBuaH1wGvyo8VXvbtmc.CTeK0dVb08KBAW', NULL, '', '2017-06-17 17:27:16', '2017-06-17 17:27:16', NULL),
(588, 'Aric Eichmann', 'magali.blanda@hotmail.com', '$2y$10$zbJ5D08os4H8f8Z4enHcZeZuW/oqwnS6JcrTrJ8W5u0KALag4y2Tu', NULL, '', '2017-06-17 17:27:17', '2017-06-17 17:27:17', NULL),
(589, 'Vladimir Cruickshank', 'cummings.marguerite@yahoo.com', '$2y$10$YSuyJrQ9YIxTdQd8VjhMBOXQ8xSPIpwHWRRnWxNVS1SxzQbjK3YBm', NULL, '', '2017-06-17 17:27:17', '2017-06-17 17:27:17', NULL),
(590, 'Tomas Emmerich', 'upacocha@hotmail.com', '$2y$10$LdICNNKfqDsSlaMCFYfYbeUlAuhTjxhtCIUzSZbwupEPx5a1bULiu', NULL, '', '2017-06-17 17:27:17', '2017-06-17 17:27:17', NULL),
(591, 'Susana Kling', 'leffler.santina@gmail.com', '$2y$10$Ha6ZT4gD08UDikIMfz8KE.iYnoEY3ZKd7Tpm3p1n8oqBeiTcnceF.', NULL, '', '2017-06-17 17:27:17', '2017-06-17 17:27:17', NULL),
(592, 'Carter Fadel', 'noe08@jacobs.net', '$2y$10$eQh8fzg9M9hCat3rl7Esjul1YGhv.A.av49OT8YiPkWqROIKNBGJe', NULL, '', '2017-06-17 17:27:17', '2017-06-17 17:27:17', NULL),
(593, 'Dr. Mona Ruecker', 'wbarton@yahoo.com', '$2y$10$l3bHZmyIN3TM2RkCiKkFkeq8WLvDu99aELlI4X1lXZpHI8PljfhB2', NULL, '', '2017-06-17 17:27:17', '2017-06-17 17:27:17', NULL),
(594, 'Sebastian Purdy Sr.', 'maxine.johnston@hotmail.com', '$2y$10$wRrWZYE/E1ICaPRxobfQiuQ5YgMhRmecnJ.hiy6E7pACJfkxn81UG', NULL, '', '2017-06-17 17:27:18', '2017-06-17 17:27:18', NULL),
(595, 'Prof. Randall Bogan', 'willard.bahringer@hotmail.com', '$2y$10$02JxRaiypAQ8F/98yBLFbuF5.P69siMwFKFOowoX50WplXa.I8vDu', NULL, '', '2017-06-17 17:27:18', '2017-06-17 17:27:18', NULL),
(596, 'Fabian Kohler', 'hziemann@yahoo.com', '$2y$10$Kv4KsssLaAT8.7EtfwL4UOQnJMQ6.fuJATva3e8EFWFnhHjzN1PfS', NULL, '', '2017-06-17 17:27:18', '2017-06-17 17:27:18', NULL),
(597, 'Edgar Marks', 'jessy76@shanahan.com', '$2y$10$GnYtbPEkeb8lLXSZOzNFMudQEU2OdRdPK3eiVmiLGE1KUOHkiIMPG', NULL, '', '2017-06-17 17:27:18', '2017-06-17 17:27:18', NULL),
(598, 'Selina Wiza', 'vking@yahoo.com', '$2y$10$1beELLXFY2pH2yEvjBgkeOfWokMag3ndJfHTELSdMsWPPefhnyjWK', NULL, '', '2017-06-17 17:27:18', '2017-06-17 17:27:18', NULL),
(599, 'Sadye Deckow', 'cornell81@gmail.com', '$2y$10$qRXgG8oiN4HPwaF4jRptgu6On.JsdLWxlvu4Z2ctAm.1o3.T3V4aS', NULL, '', '2017-06-17 17:27:18', '2017-06-17 17:27:18', NULL),
(600, 'Henri Barton V', 'elody.swaniawski@hotmail.com', '$2y$10$9bQSBTOE/e.UIH566wCNnOaUTzcoWKVr3v0i8j4j/dPPYRtH8orV.', NULL, '', '2017-06-17 17:27:18', '2017-06-17 17:27:18', NULL),
(601, 'Prof. Trinity Baumbach V', 'randi.schaefer@hotmail.com', '$2y$10$utHeuuoKveSkRyoClMijGOhecpItCH5eDASLZ1/wcdB0hdtvxwkUG', NULL, '', '2017-06-17 17:27:19', '2017-06-17 17:27:19', NULL),
(602, 'Lamont Connelly', 'tferry@beier.com', '$2y$10$CBDUIM2TinC7G52pCKnWP.ifOyHlFwttAOaCRWwr.jmmYL66yGZ9i', NULL, '', '2017-06-17 17:27:19', '2017-06-17 17:27:19', NULL),
(603, 'Justus Fisher', 'nia76@friesen.biz', '$2y$10$gHD5dz5l7gNdN0h/N5PPvuaXmAzu13VIH7MeZp8FIqXb7rMqs6Km.', NULL, '', '2017-06-17 17:27:19', '2017-06-17 17:27:19', NULL),
(604, 'Mr. Darrell Goyette V', 'jason.conn@yahoo.com', '$2y$10$Lk415Lm.i4mRw0liArZTJOBCS/B8s6x/a2Aq1Ij0EvhXilKHj43Ym', NULL, '', '2017-06-17 17:27:19', '2017-06-17 17:27:19', NULL),
(605, 'Prof. Walter Williamson', 'porter.bins@huel.com', '$2y$10$igkkh.Jia.T4z7ehovkWXOG0TvMJmzWBUaO6PBsR.Pb9DLo9Qc1/O', NULL, '', '2017-06-17 17:27:19', '2017-06-17 17:27:19', NULL),
(606, 'Mervin Bode', 'roman.zboncak@gmail.com', '$2y$10$kNB.pflCiNXDoLcDEqrmmOlxRzp55vA9c.np4vNd5q1KnFw8MCREC', NULL, '', '2017-06-17 17:27:19', '2017-06-17 17:27:19', NULL),
(607, 'Ms. Laurie Nitzsche', 'emma06@hotmail.com', '$2y$10$c9adcRuEHUjbwqJDOzOBvuXKl.iBsmAWsN7NKH0TfMDLJRsXwLpmy', NULL, '', '2017-06-17 17:27:19', '2017-06-17 17:27:19', NULL),
(608, 'Prof. Gerry Dickens', 'eloisa.kuvalis@yahoo.com', '$2y$10$bsiuIIUq00kwcHSNNOvlFeor9lXpvTZHAEqphxSoREWBYSr4e31by', NULL, '', '2017-06-17 17:27:20', '2017-06-17 17:27:20', NULL),
(609, 'Jena Nader', 'haylee.pouros@olson.com', '$2y$10$NXZn1YTs4k8MZuJEMMJMyulG0RNgbpa41VES4p29uVgGEcBZ/S8SK', NULL, '', '2017-06-17 17:27:20', '2017-06-17 17:27:20', NULL),
(610, 'Yasmine Kunde', 'gschaefer@hagenes.biz', '$2y$10$hJrxiFIvgoNjabBTLEvBNuVX1RfeMmLy0ezvAN5dCjbWSRCe/tdde', NULL, '', '2017-06-17 17:27:20', '2017-06-17 17:27:20', NULL),
(611, 'Irving Quitzon', 'witting.george@yahoo.com', '$2y$10$CU8NYNS/fzAr4AOKRveVE.BDQFDX8fQz.awhKP91UdDnzLoT/YS/y', NULL, '', '2017-06-17 17:27:20', '2017-06-17 17:27:20', NULL),
(612, 'Mr. Titus Grimes', 'strosin.hardy@gmail.com', '$2y$10$Jjt3X/OexhfatJBhy4tOHe.ilsxYh0wn8mPQ1sDakXpKX/k1XBTGu', NULL, '', '2017-06-17 17:27:20', '2017-06-17 17:27:20', NULL),
(613, 'Katheryn O\'Connell', 'krystina.mclaughlin@wolf.com', '$2y$10$0Q9GQy/vFmV50b93L9hb1u8eTxwXulA/WLeUsLycSDZgVrfnCzsua', NULL, '', '2017-06-17 17:27:20', '2017-06-17 17:27:20', NULL),
(614, 'Walton Reichel', 'keeling.destin@willms.net', '$2y$10$WMZXKCXt9hTg3dHb3BsYvOpm7WSxb8tKXztlL8N6yQqzDmCqBBZDW', NULL, '', '2017-06-17 17:27:20', '2017-06-17 17:27:20', NULL),
(615, 'Pearline Nienow', 'esteuber@bode.com', '$2y$10$5QLD/7smHfoBDcx65zlBQOC96As2tF0gYSWnbqCNccxfzWGNaoahG', NULL, '', '2017-06-17 17:27:21', '2017-06-17 17:27:21', NULL),
(616, 'Prof. Jose Hahn IV', 'michale83@hintz.biz', '$2y$10$74WPCZtXjfAtQeMeh6fceOfr4JxauFCoVcvw6FBui71TqmXMN/Uky', NULL, '', '2017-06-17 17:27:21', '2017-06-17 17:27:21', NULL),
(617, 'Yesenia Stracke', 'pmohr@hotmail.com', '$2y$10$QDVYWiKE0AstcJDJDeDTpOJnSagtYAOueQecinppAw0mUCrdhmZGq', NULL, '', '2017-06-17 17:27:21', '2017-06-17 17:27:21', NULL),
(618, 'Ms. Alene Beier', 'lmclaughlin@emard.net', '$2y$10$4NaBkOcewc/S/M1GQ268Mu0bZMkaPv2IZs0bKp/lBHd9as/blACTe', NULL, '', '2017-06-17 17:27:21', '2017-06-17 17:27:21', NULL),
(619, 'Princess Von', 'tglover@gmail.com', '$2y$10$tN3zfJCSg6ONoMpy7pEQ2.WPnEe4ZwA5w3svr0hn93aeREK5EzNvy', NULL, '', '2017-06-17 17:27:21', '2017-06-17 17:27:21', NULL),
(620, 'Julien Bernhard', 'verlie43@hotmail.com', '$2y$10$2F.vXghbwLVM8xcPtlegVOf0YxrgvuzEHjJTVfhyblZf1Ptlr/WCK', NULL, '', '2017-06-17 17:27:21', '2017-06-17 17:27:21', NULL),
(621, 'Margarete Ryan', 'rodriguez.elfrieda@gmail.com', '$2y$10$eJuC0afWFiugAaTn.mrn3eJum6fsZ/0voMD8JsZCjOr1s7DcQ8QQK', NULL, '', '2017-06-17 17:27:21', '2017-06-17 17:27:21', NULL),
(622, 'Juanita Bogisich Jr.', 'eulah93@gmail.com', '$2y$10$FBBs74/qs1Q1vCAaNDlv9el3iVDzBvTbuEtyFO6YAjDHcBs0UZ5EO', NULL, '', '2017-06-17 17:27:22', '2017-06-17 17:27:22', NULL),
(623, 'Ilene Boyer II', 'clifton79@kassulke.com', '$2y$10$dEENU/DutVAcDeOrGnQlzuVgkZUa19KZ6wtnuodTsjiXhqvdt8ffG', NULL, '', '2017-06-17 17:27:22', '2017-06-17 17:27:22', NULL),
(624, 'Ricardo Conroy', 'pfeffer.patience@gmail.com', '$2y$10$G1y6Ado5YJO2Vhvy35a0Oum0bCmnQzpvO3prHptrhi0iC.3TiqKpW', NULL, '', '2017-06-17 17:27:22', '2017-06-17 17:27:22', NULL),
(625, 'Mrs. Asia Adams IV', 'alindgren@rice.com', '$2y$10$xOritwWJrp2Di/1wbaii9OvXp82cucdpniX5GOOQcaj6YyR.IDFa.', NULL, '', '2017-06-17 17:27:22', '2017-06-17 17:27:22', NULL),
(626, 'Miss Marcia Lakin III', 'roberto.bechtelar@yahoo.com', '$2y$10$P0uUgwYdIf1BGCGBPHxwYObFprc2rm2UqMfELa0H1QXMNv2p/iHgS', NULL, '', '2017-06-17 17:27:22', '2017-06-17 17:27:22', NULL),
(627, 'Filomena VonRueden III', 'keshaun88@gmail.com', '$2y$10$Q5OeF24VMKHCZ9wzK5bm.uSBwI8Z.n8ti5piUjdueTTaquMPSJoCO', NULL, '', '2017-06-17 17:27:22', '2017-06-17 17:27:22', NULL),
(628, 'Dr. Alyce Muller', 'leannon.clement@gmail.com', '$2y$10$.iKy0IimXHfaKrbUFV2yJOgDILu4/RoIDLRhUb.1XOnkjFvOvT0gq', NULL, '', '2017-06-17 17:27:22', '2017-06-17 17:27:22', NULL),
(629, 'Grace Collier', 'rahsaan06@moen.com', '$2y$10$nbgyNdTYrrYKJspRgVKfhOhZb7qJqFj57AGb4A.QyF1ZHzr89qWbG', NULL, '', '2017-06-17 17:27:23', '2017-06-17 17:27:23', NULL),
(630, 'Alaina Durgan', 'cathryn80@littel.com', '$2y$10$UA9QUBfdlaFRcynbLP3.GujoKI1czvd/DjcxaanjOQPf3HDS6vL8S', NULL, '', '2017-06-17 17:27:23', '2017-06-17 17:27:23', NULL),
(631, 'Carlotta Wisozk', 'hillard36@yahoo.com', '$2y$10$s0pUx..kukSW6Ooz.36f1OfP6ViAxpAawf0esjvDY463Wl3BmgRAu', NULL, '', '2017-06-17 17:27:23', '2017-06-17 17:27:23', NULL),
(632, 'Luella Anderson', 'jewel94@treutel.com', '$2y$10$9LcpeRLo0rw/eX928rrLXe5KWifty7DrnP9qZ53ni46L9YsPq7sT.', NULL, '', '2017-06-17 17:27:23', '2017-06-17 17:27:23', NULL),
(633, 'Lenora Klein DVM', 'marietta39@stracke.biz', '$2y$10$U20pholiEVKFdoE2of8nnO38Rq0D8tGW0Zufrb3m.dKD3VY4hoGwi', NULL, '', '2017-06-17 17:27:23', '2017-06-17 17:27:23', NULL),
(634, 'Lavina Rohan', 'felicita.wolff@yahoo.com', '$2y$10$8lFs19ecqk91OD8Rpcso6eUvmlYebSsxSvTEZt47.4XvAfoyYoYIe', NULL, '', '2017-06-17 17:27:23', '2017-06-17 17:27:23', NULL),
(635, 'Emelia Schneider', 'salvatore79@feest.org', '$2y$10$3BBtcYjObZn5OpZ58hk5aedM.XyyU0vNMLFwbW3G7BA/z.UMHWsMq', NULL, '', '2017-06-17 17:27:23', '2017-06-17 17:27:23', NULL),
(636, 'Elbert Kohler', 'wolf.barney@gmail.com', '$2y$10$Gq747dv1d2xEf7HCvcnErOb0E9qOtSPdXQ4J8XzOW7re660qM1iSG', NULL, '', '2017-06-17 17:27:24', '2017-06-17 17:27:24', NULL),
(637, 'Jamison Hudson DDS', 'sschneider@ratke.info', '$2y$10$NHZFEJyHM.6U0R84dA3nh.Rkiy/xG3coFH7.6gwtXECbW5idDs28i', NULL, '', '2017-06-17 17:27:24', '2017-06-17 17:27:24', NULL),
(638, 'Dr. Lucio Jaskolski', 'natalia.bernier@yahoo.com', '$2y$10$zDHUoPH1B4K2YLyeOYeKMeQ8/N/razVvBScLWa0K58nQfSzIBEr6q', NULL, '', '2017-06-17 17:27:24', '2017-06-17 17:27:24', NULL),
(639, 'Rebekah Runte', 'wendell69@yahoo.com', '$2y$10$CpXU35yicIIwd66mePkh6utHHg5qLyTsNHzgMs/zG5hf8jM6SkLti', NULL, '', '2017-06-17 17:27:24', '2017-06-17 17:27:24', NULL),
(640, 'Rossie Bode', 'mmccullough@kemmer.org', '$2y$10$Gu94X5AbiNXmHkuCThG42ui0uODS6ZESHxnCx4LSxLu1u0isp/5w2', NULL, '', '2017-06-17 17:27:24', '2017-06-17 17:27:24', NULL),
(641, 'Maggie Walsh', 'merle.rice@towne.com', '$2y$10$v.BTCAF2kiDq1TLKK8RmZedACbkzPzJKUBqPEt9MRMCJe3cY.xJda', NULL, '', '2017-06-17 17:27:24', '2017-06-17 17:27:24', NULL),
(642, 'Dr. Linwood Abshire', 'eweber@heaney.org', '$2y$10$1jV7ZvpGcMWt7oMSJlAWBOYC9EEGUukveu5qfwwZV0.HtHyrtuT7K', NULL, '', '2017-06-17 17:27:24', '2017-06-17 17:27:24', NULL),
(643, 'Stephany Nitzsche', 'dpfannerstill@yahoo.com', '$2y$10$F99jg2yjq9aFJJSjvo28n.y2IEafbSA116EHBKRvMCSISQp7LupLG', NULL, '', '2017-06-17 17:27:25', '2017-06-17 17:27:25', NULL),
(644, 'Prof. Harley Legros DDS', 'lenny57@ernser.biz', '$2y$10$l23VFGDSt7w1VhjmLyyTKOgTPhDg9yifq49ClynlGGL07PIKmp/1u', NULL, '', '2017-06-17 17:27:25', '2017-06-17 17:27:25', NULL),
(645, 'Prof. Heaven Kovacek V', 'eliza.kreiger@kuphal.com', '$2y$10$rB3xFNVTf5QXVWVgYIHqg.S3anLizLGapaerKRisQwCmSo3ctcRFu', NULL, '', '2017-06-17 17:27:25', '2017-06-17 17:27:25', NULL),
(646, 'Dane Green', 'leta46@damore.com', '$2y$10$kxQqBs1VnqQvMx3lLiXpKu0SngDIq1ejXPTI5TV4Raz9FSi4c56tW', NULL, '', '2017-06-17 17:27:25', '2017-06-17 17:27:25', NULL),
(647, 'Derick Stanton', 'bertram.hoppe@williamson.biz', '$2y$10$jj0ppyufxVQAi6/816/Nt.TfC3aLG2DpKReuzHNFF/X7M9ozxBVFS', NULL, '', '2017-06-17 17:27:25', '2017-06-17 17:27:25', NULL),
(648, 'Milford Barrows DVM', 'windler.kianna@yahoo.com', '$2y$10$LDSIivgjZQ/TnWooA4qiB.TMep5wuO7145YHl1D4b5814lmfL8vEa', NULL, '', '2017-06-17 17:27:25', '2017-06-17 17:27:25', NULL),
(649, 'Emie Gleason', 'stark.tiara@powlowski.com', '$2y$10$/LSdEV5C5afCsWGsUmTWgOrWVN7SMQWHRBkGeuN3Q1Qt.jjEPZoWK', NULL, '', '2017-06-17 17:27:25', '2017-06-17 17:27:25', NULL),
(650, 'Prof. Shanie Rutherford DDS', 'stan.ward@gmail.com', '$2y$10$WZtRc1pGP7ea9.O/zw0EuuhszvPhYEgirRiscL.0e/UMRHh7NKmBG', NULL, '', '2017-06-17 17:27:25', '2017-06-17 17:27:25', NULL),
(651, 'Mr. Reyes Muller', 'lemke.mossie@yahoo.com', '$2y$10$sWaQESHjLaPF12vGdjqrRem3H9c49pBolsBumkczF0zXpQPUVY5vy', NULL, '', '2017-06-17 17:27:26', '2017-06-17 17:27:26', NULL),
(652, 'Bill Greenholt', 'emory.gibson@lang.biz', '$2y$10$P2ZP5Ey3Oa/w1F1P5kUkUOkTNIQYxSgWPx3hoIOLwbZ/q35pA24fW', NULL, '', '2017-06-17 17:27:26', '2017-06-17 17:27:26', NULL),
(653, 'Tiffany Nienow', 'druecker@yahoo.com', '$2y$10$87h.VrB98/0ggZLhDek6LOvjCPqDrzwXAPz74n.GF35LGugawKa2K', NULL, '', '2017-06-17 17:27:26', '2017-06-17 17:27:26', NULL),
(654, 'Fern Orn', 'ian.padberg@gmail.com', '$2y$10$3O6HbQErbU5ok0NS9OmyJ.Wr5Bjz8kOmT3VcSyS0gJ.DmqycocKNS', NULL, '', '2017-06-17 17:27:26', '2017-06-17 17:27:26', NULL),
(655, 'Allan Dicki', 'bednar.hilton@yahoo.com', '$2y$10$9Ym0TWbAjIPvhIps/PmIkuEvBLl8mBX2.u3jl2oPYwLJ76wP7qhoe', NULL, '', '2017-06-17 17:27:26', '2017-06-17 17:27:26', NULL),
(656, 'Dr. Jaeden Mills', 'karli56@botsford.com', '$2y$10$eShCHKu2HcUCUgjlJDHd4.cl7vGCkU.EGHOxtdWpbmDyjKfsi2UBu', NULL, '', '2017-06-17 17:27:26', '2017-06-17 17:27:26', NULL),
(657, 'Elias Johnston', 'eliza48@hotmail.com', '$2y$10$feN.90S12MARnHKRymwRQO9EfQuw9jMYhQVbkW5xxDmFMtgCRXGEe', NULL, '', '2017-06-17 17:27:27', '2017-06-17 17:27:27', NULL),
(658, 'Brett Ledner Jr.', 'dereck28@tromp.com', '$2y$10$epH42rTCxCW4QwXcKILkmewTERh9c7rLBg2IrvASgtVdbfYyO/hPS', NULL, '', '2017-06-17 17:27:27', '2017-06-17 17:27:27', NULL),
(659, 'Gerald Kilback', 'glenna.west@torphy.com', '$2y$10$u8BRoDcurinnKN6fWMPufevj8BZov/ybL3f1S6MpXCJ5pRwEaAcbq', NULL, '', '2017-06-17 17:27:27', '2017-06-17 17:27:27', NULL),
(660, 'Dr. Trace Barton Sr.', 'bins.terrance@smitham.biz', '$2y$10$gdm4TKiu0h5eojcNm4/8AuT8kKCGAQsqMLwOaq.Zu2sAHawlgFXHW', NULL, '', '2017-06-17 17:27:27', '2017-06-17 17:27:27', NULL),
(661, 'Arlene Stanton', 'fschaden@hotmail.com', '$2y$10$IKrUG5UnxlPSFaDQx6p3GOLaOWTMufddgIzXdsTKIV/x.juhw/BT.', NULL, '', '2017-06-17 17:27:27', '2017-06-17 17:27:27', NULL),
(662, 'Brenden Cronin', 'mara11@hamill.com', '$2y$10$YAwDs2rVBVWtE8ntwq75sOPuQpd8YdChgTI/ge7LAeSeqaQe9Q.5e', NULL, '', '2017-06-17 17:27:27', '2017-06-17 17:27:27', NULL),
(663, 'Nona Cole', 'maryse77@hotmail.com', '$2y$10$lwdn1K4yNHe2AH9FZA5LluiOnhRsGdpJrDU.U3JUT9d0gOZ5DCZka', NULL, '', '2017-06-17 17:27:28', '2017-06-17 17:27:28', NULL),
(664, 'Archibald Volkman', 'vada91@greenholt.info', '$2y$10$3CX0WnLRy3ap0e7e8nUNWeGnii..qxwngXXFK8SNbRS.f9f59C0Ii', NULL, '', '2017-06-17 17:27:28', '2017-06-17 17:27:28', NULL),
(665, 'Mr. Leonardo Jaskolski II', 'lwiegand@harvey.org', '$2y$10$cIP1fICvpqdBw/akYrGFyeaQ/I.Ngjw3xASgwJ/CFtQGhPEtqSsm6', NULL, '', '2017-06-17 17:27:28', '2017-06-17 17:27:28', NULL),
(666, 'Eleonore Emmerich Sr.', 'vturcotte@erdman.org', '$2y$10$vuGRu7./a1Xh6YZwqG8hWekIwJd7EbAIlket85lbtuHUfUrNrf2ty', NULL, '', '2017-06-17 17:27:28', '2017-06-17 17:27:28', NULL),
(667, 'Ms. Alisa Nicolas', 'hilma.koepp@yahoo.com', '$2y$10$egox/RNnrEqjpY3e.TZBdOvT5TYTK6qG2KjKYiHvD7YGAoLa4oaV2', NULL, '', '2017-06-17 17:27:29', '2017-06-17 17:27:29', NULL),
(668, 'Abbigail Fritsch IV', 'farrell.werner@koch.org', '$2y$10$e3.Bgi6DV8cHQxYfTcNLwu2Nit4X.jw4k4rZyIZSLRU2SLDqUbEBO', NULL, '', '2017-06-17 17:27:29', '2017-06-17 17:27:29', NULL),
(669, 'Saige Vandervort', 'oparisian@yahoo.com', '$2y$10$MZfJZRvigQ0euQd8ke9xXeof7ssrLikuwMbFS9NUag/5rvV5JkfJ6', NULL, '', '2017-06-17 17:27:29', '2017-06-17 17:27:29', NULL),
(670, 'Christa Brown', 'terry.daphnee@yahoo.com', '$2y$10$DeYjExanjThEUtUZF/LMpOqzfpRDj.rEviK2kOPIztJ/aZ/yCMPuK', NULL, '', '2017-06-17 17:27:29', '2017-06-17 17:27:29', NULL),
(671, 'Milton Bauch', 'bode.meta@hoeger.org', '$2y$10$OTmYsesJ1xDU72pF40/EzueVNq4ORSNwaSxvEBFdFd0hm97gblgxa', NULL, '', '2017-06-17 17:27:29', '2017-06-17 17:27:29', NULL),
(672, 'Jensen Bins', 'vohara@kemmer.biz', '$2y$10$shKrPlCrPWTWwzBUEnixbOt9P0ic2l.yuizFvX86B8rFVcGijzHd.', NULL, '', '2017-06-17 17:27:29', '2017-06-17 17:27:29', NULL),
(673, 'Mr. Dalton Stoltenberg', 'lavina.wisozk@goldner.biz', '$2y$10$J3wA5z9fGVZON7AgOq.9FeRL37x4bxxwmOKjWQQcqVRj/u3urXwdq', NULL, '', '2017-06-17 17:27:29', '2017-06-17 17:27:29', NULL),
(674, 'Miss Crystel Larkin Jr.', 'vaughn90@veum.com', '$2y$10$SJVouegPSWmv7HA0efWY/.jUd6X2mFzPSe06b4x3ZZU2piwkHmzdS', NULL, '', '2017-06-17 17:27:30', '2017-06-17 17:27:30', NULL),
(675, 'Pansy Padberg', 'wmonahan@donnelly.org', '$2y$10$dd2GOhXMqJEHDMQjENPCOOkuv6vOqcND6948N5DrBLg5rGMChlQty', NULL, '', '2017-06-17 17:27:30', '2017-06-17 17:27:30', NULL),
(676, 'Cornell Pagac I', 'cschuppe@schinner.biz', '$2y$10$kjH0dwaFkzfYUfIP.qurxOGtyDBzFL1oiv23C8RLJ0w0JMHDBrsHG', NULL, '', '2017-06-17 17:27:30', '2017-06-17 17:27:30', NULL),
(677, 'Roosevelt Schaden', 'orrin33@hotmail.com', '$2y$10$/.sPRUpPSjux1846HNxO/urejZTFeGkt68RXu1eGyErL2KmwSRM4i', NULL, '', '2017-06-17 17:27:30', '2017-06-17 17:27:30', NULL),
(678, 'Marcos Thompson', 'hankunding@kuphal.biz', '$2y$10$dAxWqshZ1gDef3B.i88Fp.2bN1L6obRSaGRseb9.B1CIsXhlmRGAO', NULL, '', '2017-06-17 17:27:30', '2017-06-17 17:27:30', NULL),
(679, 'Lilyan Padberg', 'niko.cremin@rodriguez.info', '$2y$10$Nrc18tWj4wcTLl1ZR8q/CullnBX7vVttc8X2IeR/JR03ENaTjivxK', NULL, '', '2017-06-17 17:27:30', '2017-06-17 17:27:30', NULL),
(680, 'Haven Will', 'ajohnston@hotmail.com', '$2y$10$PcEdefbIGQxDT11pGe5w8O/.GGb.KePmsUFy996EDFQhA/GTDnlmG', NULL, '', '2017-06-17 17:27:31', '2017-06-17 17:27:31', NULL),
(681, 'Rickie Schoen', 'dgorczany@bahringer.info', '$2y$10$rdh0RrxHLZXo8QxTMEd0V.4EV4jqL26D0HZhfnbyK7JpcwbIEnNTq', NULL, '', '2017-06-17 17:27:31', '2017-06-17 17:27:31', NULL),
(682, 'Danny Mayer DDS', 'fidel.schimmel@doyle.org', '$2y$10$dx6dhsXQUgFyAviXq3BO1.zean/e5s8mfW3msQZBMNnvwLfZanA/S', NULL, '', '2017-06-17 17:27:31', '2017-06-17 17:27:31', NULL),
(683, 'Dr. Myles Schamberger', 'annetta.yundt@hackett.com', '$2y$10$5dxTZAGBD9ee53yMSIUof.0..Q7IdYz5z2cM4hcgst0nA3EkpW4Z6', NULL, '', '2017-06-17 17:27:31', '2017-06-17 17:27:31', NULL),
(684, 'Dr. Lucius Moore Sr.', 'aglae.renner@ward.biz', '$2y$10$2HlWo.Zn7COJpGA9CC6VeugMsh7iwkFyfLPmCdJj8pIXekHjSAlXG', NULL, '', '2017-06-17 17:27:31', '2017-06-17 17:27:31', NULL),
(685, 'Shaina Ritchie II', 'kaelyn.considine@gmail.com', '$2y$10$vSZbr0MBlrU7PRLPmRWd4.lhXfzGLAp1DdPA7iMY79sVQNLf.vJBi', NULL, '', '2017-06-17 17:27:31', '2017-06-17 17:27:31', NULL),
(686, 'Jenifer Erdman', 'norene.trantow@connelly.net', '$2y$10$AR0C9o0BPlL0orlcj.4B1eihOCb07VzocWY.8V6Ss5ZbeWzj/r992', NULL, '', '2017-06-17 17:27:31', '2017-06-17 17:27:31', NULL),
(687, 'Izabella O\'Kon', 'elna65@langosh.com', '$2y$10$v.mPKOytz3Cps26tZLCEIeKnJ080iUdHFzbQSPrUmcE8LvfsphKp2', NULL, '', '2017-06-17 17:27:32', '2017-06-17 17:27:32', NULL),
(688, 'Jolie Barrows', 'kaia.bailey@hotmail.com', '$2y$10$fs2INPogbZxSLTErxfQjkej.AmYpbU0mHvkp.irQTpBDSFlhIN8p2', NULL, '', '2017-06-17 17:27:32', '2017-06-17 17:27:32', NULL),
(689, 'Marie Rodriguez', 'ressie30@shanahan.net', '$2y$10$OZKP./WbE15BI0P8RV9d..s8aDhTyPmyrS6ArPvdFC5kFQ0CU5jwm', NULL, '', '2017-06-17 17:27:32', '2017-06-17 17:27:32', NULL),
(690, 'Zackary Greenfelder', 'ihoeger@yahoo.com', '$2y$10$4/pReXj17tyuH.kZUA4U9ecJiNPhrjU31Tp4o5S7tFBv85vu2K5gu', NULL, '', '2017-06-17 17:27:32', '2017-06-17 17:27:32', NULL),
(691, 'Karen Trantow', 'billie39@thiel.com', '$2y$10$NZP2vlQwA6Lhb3zzNh0fYeJEQ/46ptWHhnTHL13B1BeeO/KsFk6ve', NULL, '', '2017-06-17 17:27:32', '2017-06-17 17:27:32', NULL),
(692, 'Keira Lang', 'darion75@daugherty.com', '$2y$10$bU8rKT7l6kw.npkQlKHSLOhA0XIhQK9w3ungj0ckmC44yjcsU5daa', NULL, '', '2017-06-17 17:27:32', '2017-06-17 17:27:32', NULL),
(693, 'Lelia Kris Sr.', 'cleta.langosh@wiegand.org', '$2y$10$QNY6pQR3ms8qXddfdJmS9Ovmp2gDGd9vvIc8AYcvBONZFO3bXBb5y', NULL, '', '2017-06-17 17:27:32', '2017-06-17 17:27:32', NULL),
(694, 'Dr. Justine Torp', 'pbraun@yahoo.com', '$2y$10$lsR7Xt5AJ7/4jLPHXsOiAuHreX0z4gdkZ5BtyHfYphaPItd263OAi', NULL, '', '2017-06-17 17:27:33', '2017-06-17 17:27:33', NULL),
(695, 'Graciela Pfeffer', 'gloria64@gmail.com', '$2y$10$jIjp7cn41ikJyjNDEHFCQ.C1EuZP.RHZ3INCEd7t0NNl25OOtPgMy', NULL, '', '2017-06-17 17:27:33', '2017-06-17 17:27:33', NULL),
(696, 'Kade Harvey', 'thurman19@reinger.com', '$2y$10$S6tDvPf/bxX0r.hj.KvN1.9mi2Gewo9ruPwEFZsHrmztQfDnAawG.', NULL, '', '2017-06-17 17:27:33', '2017-06-17 17:27:33', NULL),
(697, 'Prof. Roger Kihn', 'chaz17@schuster.biz', '$2y$10$f.xdVRAhs6GSPU303HxVZuQavk4049z7zPw50pEOQQzDgAksaAL6i', NULL, '', '2017-06-17 17:27:33', '2017-06-17 17:27:33', NULL),
(698, 'Prof. Ethyl Beier', 'yhettinger@yahoo.com', '$2y$10$NIi7w0MeXyCErVL/6WJhS.zdwkcLQfxBRhQI6C7SBsYKzFZF3l4/2', NULL, '', '2017-06-17 17:27:33', '2017-06-17 17:27:33', NULL),
(699, 'Robyn Haag', 'cremin.marco@russel.com', '$2y$10$Out0alkinUXD8ei2ilrIwuKAcr1ud0RFmvmgyr8b7BwSjmj3.VLdm', NULL, '', '2017-06-17 17:27:33', '2017-06-17 17:27:33', NULL),
(700, 'Gust Grant Sr.', 'raven.runolfsson@zemlak.com', '$2y$10$naCKHL6FA5/4Ij0g9CIRo.MXfss5QWpchOTy2Ra3Dd4BHFX/19c66', NULL, '', '2017-06-17 17:27:34', '2017-06-17 17:27:34', NULL),
(701, 'Mrs. Eryn Donnelly MD', 'bayer.rollin@hotmail.com', '$2y$10$jKvbhq5WhNMStQ.XUTV44uXBFNRbciu0m.2FlY3uJiqpdJMrbuCT2', NULL, '', '2017-06-17 17:27:34', '2017-06-17 17:27:34', NULL),
(702, 'Prof. Estefania Fay', 'feest.viola@gmail.com', '$2y$10$CIB/vRVxWhzZEY0LvSw5Le7.72ofM8K.rV86GCrUkOz8t5tRBI6b2', NULL, '', '2017-06-17 17:27:34', '2017-06-17 17:27:34', NULL),
(703, 'Cecilia O\'Connell', 'nicholaus14@schmitt.net', '$2y$10$t.3rTz6WMNwRn7lxP91inOzZwjd3rU/Vvn3LticWEnW1vGM.MCn6m', NULL, '', '2017-06-17 17:27:34', '2017-06-17 17:27:34', NULL),
(704, 'Mrs. Marjorie O\'Connell MD', 'pete.kunde@bosco.com', '$2y$10$Ne/dxyoa.3jHjuAvQMmnPeDNt4N5w3vjfW7iv1WT7Lxco/jWO7.q6', NULL, '', '2017-06-17 17:27:34', '2017-06-17 17:27:34', NULL),
(705, 'Prof. Ephraim Goyette', 'cassin.tre@hotmail.com', '$2y$10$t3CNWE/hlUzhLsPNSmsAsO93JIED74XGahzpmHBmvrK86XX5VTT1i', NULL, '', '2017-06-17 17:27:34', '2017-06-17 17:27:34', NULL),
(706, 'Dr. Durward Fritsch', 'zbatz@gmail.com', '$2y$10$yabC9PpzZ5bIY3TWkzPmFul.hwX03n1RbHH/cEka9bLt0OGzY..92', NULL, '', '2017-06-17 17:27:34', '2017-06-17 17:27:34', NULL),
(707, 'Dustin Fritsch', 'raymond.pagac@yahoo.com', '$2y$10$xE0RS8kZJsLpwlzGDDvvLOS4dAVjqlXVIIi/aSSGKht45G9BAaH1C', NULL, '', '2017-06-17 17:27:35', '2017-06-17 17:27:35', NULL),
(708, 'Jacky Ledner', 'okon.abagail@hotmail.com', '$2y$10$GR.yVnF3gLfdkopS5wMGo.VQ.EEmyP7k77h6uHgpCQdPj86ggiX7a', NULL, '', '2017-06-17 17:27:35', '2017-06-17 17:27:35', NULL),
(709, 'Mr. Matt Walsh', 'ymarquardt@gmail.com', '$2y$10$HAT1lNc.EemzFbf3wDVmTOM7sRGkBOGJDid5KVdZrvtRsJokP2vqa', NULL, '', '2017-06-17 17:27:35', '2017-06-17 17:27:35', NULL),
(710, 'Billy Collier', 'fborer@yahoo.com', '$2y$10$Apl6ukPPgdDkkU.rL33FSuk1vO5o6B/uNbsDz3mPNR9WhFctsbC.O', NULL, '', '2017-06-17 17:27:35', '2017-06-17 17:27:35', NULL),
(711, 'Celia Homenick', 'kbrown@schimmel.info', '$2y$10$oZAhcFBZ9NFPlLbpbdYqJeqMt0b1HQKb96FR4XQqTA22fYJgfsOK.', NULL, '', '2017-06-17 17:27:35', '2017-06-17 17:27:35', NULL),
(712, 'Kole Boehm', 'linnie54@gmail.com', '$2y$10$UIIJjkjxBmG/eQ64mpRIfeH6yc04okRloU50R05Jv/2UL2u5CbaM.', NULL, '', '2017-06-17 17:27:35', '2017-06-17 17:27:35', NULL),
(713, 'Monroe Jerde', 'ehoeger@hotmail.com', '$2y$10$RETkK8rJlWa7qyVJued5rOEVi.yVlY.2GgpCkmlVu7nV4lQS3BFVC', NULL, '', '2017-06-17 17:27:35', '2017-06-17 17:27:35', NULL),
(714, 'Mr. Grayson Hilpert', 'quinton.huels@gmail.com', '$2y$10$aZTOcKKQGfNTztaiFNrnYuP1gSGMHA3C8UNP4JHyfAkSbuGMjsUYi', NULL, '', '2017-06-17 17:27:36', '2017-06-17 17:27:36', NULL),
(715, 'Sadye Johnston', 'blemke@rice.net', '$2y$10$kYxvuRjPtMuqqdMQSyOF8.WNhqfwTJEtINmLemI/TeDyW1FNrbJAy', NULL, '', '2017-06-17 17:27:36', '2017-06-17 17:27:36', NULL),
(716, 'Santa Raynor', 'bergnaum.arthur@gmail.com', '$2y$10$vyUzDA1Rn2k5xxtdq15eieEDsEEcZ20EBaWCHO5wlfNxrWR2BNYZW', NULL, '', '2017-06-17 17:27:36', '2017-06-17 17:27:36', NULL),
(717, 'Guiseppe Wilkinson II', 'vaughn.rodriguez@gmail.com', '$2y$10$ssduJAUO6q5bdpr6u5Kaiu8pki/9p2vhGNxOAbr6HS8MOpzK9cOFy', NULL, '', '2017-06-17 17:27:36', '2017-06-17 17:27:36', NULL),
(718, 'Alanna Champlin', 'shaag@gmail.com', '$2y$10$1i5xqEu/gzl/9XU068aRhuXNZrItgrqff21IkAydNdZCTiLGQydu6', NULL, '', '2017-06-17 17:27:36', '2017-06-17 17:27:36', NULL),
(719, 'Prof. Mae Reinger', 'ismael52@dare.com', '$2y$10$4E3ssd/zt5Ps/9Aj./xxdeSlALSwwE7j3YdAPzWCzfwLWcs07ZwLa', NULL, '', '2017-06-17 17:27:36', '2017-06-17 17:27:36', NULL),
(720, 'Dr. Filiberto Ferry MD', 'egerlach@hotmail.com', '$2y$10$BMXq/gyluKqtXWE7AwasSu/qFNBXFPGbLN5dfNrDYoPkYsqxyt9rq', NULL, '', '2017-06-17 17:27:36', '2017-06-17 17:27:36', NULL),
(721, 'Mr. Madisen Collins', 'aiyana40@gmail.com', '$2y$10$8XKReYBZLdgYb09hi8p8iulFsoo6juDaHdX308SMjili1SzrdmUsa', NULL, '', '2017-06-17 17:27:37', '2017-06-17 17:27:37', NULL),
(722, 'Mrs. Melyna Olson IV', 'vkihn@hotmail.com', '$2y$10$WHN/XWuX5XGreQDt/2dqq.NijU../njhlhOAKY/Y/WAeiXoaoQ4my', NULL, '', '2017-06-17 17:27:37', '2017-06-17 17:27:37', NULL),
(723, 'Heidi Renner', 'dsporer@hotmail.com', '$2y$10$Rzdt8dYyLFxjGDbW1hrjXeKgAns5nCI2AjaFxPbsVGswGzwSzUU8e', NULL, '', '2017-06-17 17:27:37', '2017-06-17 17:27:37', NULL),
(724, 'Lora Von', 'herbert10@mclaughlin.com', '$2y$10$ffkxhJ2pcZlBpIkNwVQ2/eIu02JlaT56xiCtFPG1tGdcAvlLj6Nwq', NULL, '', '2017-06-17 17:27:37', '2017-06-17 17:27:37', NULL),
(725, 'Katrine Smitham DDS', 'tcarter@hotmail.com', '$2y$10$W43r9Dk3J0lCFmesDIINlehpb2.SdoBoNvpCrEMpjkNi.O9s4eBoq', NULL, '', '2017-06-17 17:27:37', '2017-06-17 17:27:37', NULL),
(726, 'Rae Leannon II', 'dibbert.regan@jacobs.com', '$2y$10$ywGp.cPvtFGzMG9RHT7M0uDcLlkFJ4vzdz2Ukis3OSbjXOZ7VhMGe', NULL, '', '2017-06-17 17:27:37', '2017-06-17 17:27:37', NULL),
(727, 'Serena Jones', 'monahan.bessie@hotmail.com', '$2y$10$sZbM5IyQYo6OKZdD3GXhgeFnZJFDyGEYaknRjYRBkbfXcEgkxKYfC', NULL, '', '2017-06-17 17:27:38', '2017-06-17 17:27:38', NULL),
(728, 'Ms. Imelda Waters', 'ledner.dereck@gmail.com', '$2y$10$h9UT1DhFULpkd8ASEHDCqepNeGnFG24vuY8XVN4G8NKYw9VwDaIQC', NULL, '', '2017-06-17 17:27:38', '2017-06-17 17:27:38', NULL),
(729, 'Domenica Wintheiser MD', 'weimann.agustina@simonis.org', '$2y$10$M4gw21oT8ndE3OaosOsPMOBPqjsQ2wBtgNdshUlslf0jJ/YtDcEUK', NULL, '', '2017-06-17 17:27:38', '2017-06-17 17:27:38', NULL),
(730, 'Mr. Earl Sawayn DVM', 'jonatan58@gmail.com', '$2y$10$hF9zeYz90zrCn8rEPoV2guwgyoGBN478mR7/1XT2hQ76eqoBrXOIa', NULL, '', '2017-06-17 17:27:38', '2017-06-17 17:27:38', NULL),
(731, 'Mr. Allen Rippin', 'hilario19@kling.net', '$2y$10$pV4lVpbZ4Ao2AAfbj3sCsOJbAg8BKqMUhJcSKEA5X4w2daa8Mk536', NULL, '', '2017-06-17 17:27:38', '2017-06-17 17:27:38', NULL),
(732, 'Wendell Hegmann', 'doris.schuppe@kunde.net', '$2y$10$cOJv5YTWpDUIrZxQu0ArWOC4SnNYImEwj5zXmpaTWHtVGLPe3c3BW', NULL, '', '2017-06-17 17:27:38', '2017-06-17 17:27:38', NULL),
(733, 'Zola Leuschke', 'schimmel.troy@johns.com', '$2y$10$8syFO/942Ax1M6/XutvLLuZn.PuygPL4kp8FJ.uwQSTK0sX2.M1Ku', NULL, '', '2017-06-17 17:27:38', '2017-06-17 17:27:38', NULL),
(734, 'Augusta Konopelski', 'larkin.rita@altenwerth.com', '$2y$10$d1LK98KqxqS433CSjeAglOiaWr5Geg79f7PGzGz8kWYO6s2F3qazm', NULL, '', '2017-06-17 17:27:39', '2017-06-17 17:27:39', NULL),
(735, 'Imelda Haag', 'demond.king@mosciski.com', '$2y$10$fjw6oG3t4KoqqP9HIlvn/ePopH0a//LNY3eGwaIapQFPKdoQQyySi', NULL, '', '2017-06-17 17:27:39', '2017-06-17 17:27:39', NULL),
(736, 'Rosalia Waelchi', 'quigley.lance@bartoletti.com', '$2y$10$ggYnUE5dPG2Kkj5NW9i8LOQYRxsNiSUmYoJJkclzccJHduCr8qaj.', NULL, '', '2017-06-17 17:27:39', '2017-06-17 17:27:39', NULL),
(737, 'Curt Ziemann', 'tpredovic@gmail.com', '$2y$10$759cacB6z/UOG9Q/M15Q4OD4EWnOq6txxAfRuxF.kb2xoW95jBgIm', NULL, '', '2017-06-17 17:27:39', '2017-06-17 17:27:39', NULL),
(738, 'Lucinda Morissette', 'jakubowski.eliseo@gmail.com', '$2y$10$h9pVQNzN7A4r2T/b1lKXiOjjgrVUb1bDaeie/1V4rQalokU25G0sO', NULL, '', '2017-06-17 17:27:39', '2017-06-17 17:27:39', NULL),
(739, 'Brigitte Bailey', 'violette61@yahoo.com', '$2y$10$vFXnS5w1IMKeYgX6iV6pOeP67UoCUkwZ20MREbZuIyokFFYyop4mW', NULL, '', '2017-06-17 17:27:39', '2017-06-17 17:27:39', NULL),
(740, 'Dianna Kulas Jr.', 'drew.runolfsson@swift.com', '$2y$10$I4HLz53BgwiS/8JJvkJrOeRKFoejWPAoOgIcgM8UwBSFmLUWwS2Vm', NULL, '', '2017-06-17 17:27:39', '2017-06-17 17:27:39', NULL),
(741, 'Leonel Bogan', 'wiegand.kelvin@ortiz.org', '$2y$10$OHKiqByjoNNu0MXIUTNqC.75jUbPXqO1OfY5/tb8x0/I6tKgcfmDO', NULL, '', '2017-06-17 17:27:40', '2017-06-17 17:27:40', NULL),
(742, 'Rosetta Schumm', 'jaquelin.kovacek@bahringer.info', '$2y$10$48ORK9HtI1eSdAnJ/84Ap.7xa9Ap1euzvNzsRDXfYMGIAmXniamAy', NULL, '', '2017-06-17 17:27:40', '2017-06-17 17:27:40', NULL),
(743, 'Allison Wehner DDS', 'botsford.sidney@gmail.com', '$2y$10$68.DGJGICzsEahBEn8xk3ORRCCKoCfi.GYoBLL5Ptk6tvwI8h4Io2', NULL, '', '2017-06-17 17:27:40', '2017-06-17 17:27:40', NULL),
(744, 'Allen Schroeder', 'murray.emery@hotmail.com', '$2y$10$dmQ7/EyjQdEw2D/deMwGcehI4HwfuD877c1RHd1mmHfZgdc31r1y6', NULL, '', '2017-06-17 17:27:40', '2017-06-17 17:27:40', NULL),
(745, 'Natalia Hermann', 'tmcdermott@feeney.biz', '$2y$10$FScq5OLWQUPTDz3UNa/YROOJEd3Jbaa3hz3euyeo/DtXbk0.lHKhm', NULL, '', '2017-06-17 17:27:40', '2017-06-17 17:27:40', NULL),
(746, 'Mrs. Raphaelle Rath', 'vheathcote@cole.com', '$2y$10$hCp8BOuFzTTzFvwO9vBkQOHOE1PZtmX5VEznXJRROnpU/Bgzo2xZy', NULL, '', '2017-06-17 17:27:40', '2017-06-17 17:27:40', NULL),
(747, 'Wilmer Schmitt', 'asia.goodwin@collier.com', '$2y$10$Wnp/9bziltIJWVsXPn5CWunxAniiJknZq4c5Fc5jrieRqSLEZ68bm', NULL, '', '2017-06-17 17:27:40', '2017-06-17 17:27:40', NULL),
(748, 'Zola Rogahn', 'kertzmann.ava@dickens.com', '$2y$10$SFUQWd38FKNCUXaDRIhJv.zXHlhACwdaig7CBpAwHmZePdwCqoXnW', NULL, '', '2017-06-17 17:27:41', '2017-06-17 17:27:41', NULL),
(749, 'Callie Rempel', 'hansen.watson@hotmail.com', '$2y$10$qndYYa7kzNpfk2t63KtnWeRcTWmfPRMWPd6IHI/hIBo7pPzEjvBcW', NULL, '', '2017-06-17 17:27:41', '2017-06-17 17:27:41', NULL),
(750, 'Bonnie Wisoky', 'gregg57@gmail.com', '$2y$10$vMKPnc.ZnSfOT4o6gmqO1.kLa9wDgSDs26q6baEY3N1bP7kdZmzAq', NULL, '', '2017-06-17 17:27:41', '2017-06-17 17:27:41', NULL),
(751, 'Ottilie Streich', 'harry.mckenzie@corwin.com', '$2y$10$ErzOlBRd9yoSYtwpsKhM3.hMVwwUTzDZexZrYydl8CCn4a4t2GtqW', NULL, '', '2017-06-17 17:27:41', '2017-06-17 17:27:41', NULL),
(752, 'Dangelo Schneider', 'judge.reichert@hotmail.com', '$2y$10$FpXcetwXu0ySzCI3xVQkHOD5WHHnQcd463JEgfkUxZWywpV5zarcK', NULL, '', '2017-06-17 17:27:41', '2017-06-17 17:27:41', NULL),
(753, 'Oren Zieme', 'allie10@yahoo.com', '$2y$10$OlQqfkBmBBBbGsyVdiqFU.8IkXbal56rkMjFDGWh/8cuhzyeEsb5y', NULL, '', '2017-06-17 17:27:41', '2017-06-17 17:27:41', NULL),
(754, 'Mr. Erik Lockman', 'hamill.lauretta@hotmail.com', '$2y$10$Bfjf.aCRiGq5ZiZswjNzsenmTXJ2kkWw4mWP6CXEGCNsYQXiL7rwq', NULL, '', '2017-06-17 17:27:42', '2017-06-17 17:27:42', NULL),
(755, 'Tyrique Lebsack', 'camilla.nikolaus@hotmail.com', '$2y$10$MAi.8IGLGiV.R6UCJvgvqOzawcKVEqQz4sweHKNaUn2HsWZulrQl2', NULL, '', '2017-06-17 17:27:42', '2017-06-17 17:27:42', NULL),
(756, 'Tyreek McLaughlin', 'wpowlowski@gerlach.info', '$2y$10$y7IWHPgoKIhftz70SuUeMeUy6fjIV/4V.nKIHvZJ9YG3ivqUWOFY6', NULL, '', '2017-06-17 17:27:42', '2017-06-17 17:27:42', NULL),
(757, 'Charlene Gutmann', 'hickle.zion@gmail.com', '$2y$10$siSJI29HQJEVu2yGDiEi7.8ZGyO2gO2nxMpnHjONMbeUp1qKT8qI2', NULL, '', '2017-06-17 17:27:42', '2017-06-17 17:27:42', NULL),
(758, 'Modesta Cormier', 'catherine42@stokes.info', '$2y$10$S9Yh18TOrp/9rj.yAWORO..jZjpCU3QVpiVP.N2TvbX3S64kmVTvm', NULL, '', '2017-06-17 17:27:42', '2017-06-17 17:27:42', NULL),
(759, 'Greyson Rath', 'altenwerth.margaretta@mante.com', '$2y$10$Wdlz2X9licnH9SxMODcaJOjfcpA3mOMT2Ay2psEAW2q3MiTfNRxKy', NULL, '', '2017-06-17 17:27:42', '2017-06-17 17:27:42', NULL),
(760, 'Mr. Rudy Kautzer', 'nemard@gmail.com', '$2y$10$w7SidGh1snIvOtJRvo.M7.dSXgHAB3sh7Rrps3v/Z3MNoF2Ldjise', NULL, '', '2017-06-17 17:27:42', '2017-06-17 17:27:42', NULL),
(761, 'Tony Murray', 'christopher.bahringer@barrows.com', '$2y$10$Gw9pmoN4U4SILINha1ZHuumGEhxRumhZyNsrUU/c0iHJR7uFxMkam', NULL, '', '2017-06-17 17:27:43', '2017-06-17 17:27:43', NULL),
(762, 'Prof. Santina Hayes I', 'littel.laurine@beahan.org', '$2y$10$VGCcvaDj9Ix6dOxhsmQgsOsAajs5q.jkitFfl2q/ODogonvvfjPC6', NULL, '', '2017-06-17 17:27:43', '2017-06-17 17:27:43', NULL),
(763, 'Vernice Sawayn', 'estrella.skiles@yahoo.com', '$2y$10$2/HC5O5tuA2bJh5atQtsP.ybUkuOfxijV1BMKNOcwt4e1XS2zbz3S', NULL, '', '2017-06-17 17:27:43', '2017-06-17 17:27:43', NULL),
(764, 'Prof. Mateo Wehner Sr.', 'lhermiston@hotmail.com', '$2y$10$apoEaQHLIQ9r3l.G2EaOF.aWX/xo56YsmbiJs8TMPlPAauMV8F6PW', NULL, '', '2017-06-17 17:27:43', '2017-06-17 17:27:43', NULL),
(765, 'Geraldine Grady', 'jeremie.parisian@yahoo.com', '$2y$10$sKkfTw.D5LnPxmWVdg2I1.U.xqwnz6iDRa62A3SJd87/wSTq07Gsq', NULL, '', '2017-06-17 17:27:43', '2017-06-17 17:27:43', NULL),
(766, 'Christophe Heidenreich I', 'rubye97@yahoo.com', '$2y$10$2U3GdAy3N2fLuVVBwt6qXOMADYdS5MpYpq30zJNIHzYspeQKSE2MW', NULL, '', '2017-06-17 17:27:43', '2017-06-17 17:27:43', NULL),
(767, 'Jadyn Schulist', 'glover.timmy@gmail.com', '$2y$10$0u48ckCHsaNr9fMbG0sH/.nechWFf6iUB90NcrefQZdzLN3x6DAn6', NULL, '', '2017-06-17 17:27:43', '2017-06-17 17:27:43', NULL),
(768, 'Mr. Fletcher Robel', 'jmarks@hotmail.com', '$2y$10$QBjmLXCsTK6uoNorqWh.vOXU/VVPs27PG4wPHJs/WoL04iGEGQjwW', NULL, '', '2017-06-17 17:27:44', '2017-06-17 17:27:44', NULL),
(769, 'Dillan Hegmann MD', 'santos61@gmail.com', '$2y$10$CJyUO5JGDXI9lNUbrqonUeUlmef/4Nt/EfDUQqRbVXwWRFG.djwrO', NULL, '', '2017-06-17 17:27:44', '2017-06-17 17:27:44', NULL),
(770, 'Yoshiko Feil', 'taya.weber@yahoo.com', '$2y$10$yEsgUUSt0hTt.rfeceCcmOzsHbpH48QhyxfvV8kdaz/vBCxCO3APW', NULL, '', '2017-06-17 17:27:44', '2017-06-17 17:27:44', NULL),
(771, 'Amos Kunze', 'wgerlach@hotmail.com', '$2y$10$vkt6klXyA8oFPDX9YSfMuOVoe81UJ4mectJD5UKHPMH.d7CwRCwcy', NULL, '', '2017-06-17 17:27:44', '2017-06-17 17:27:44', NULL),
(772, 'Ruben Klein', 'wilkinson.novella@hotmail.com', '$2y$10$5r2wrRV9dEKszdX348/kl.9uy7kWzTJrwqNtFOW558xKnmEK49hdC', NULL, '', '2017-06-17 17:27:44', '2017-06-17 17:27:44', NULL),
(773, 'Miss Frances Reilly', 'suzanne.williamson@collier.com', '$2y$10$igXdRABUGSbxrfBbpBrRYOcHPcmy7.asA0oARULt.H7YgSSAiD47a', NULL, '', '2017-06-17 17:27:44', '2017-06-17 17:27:44', NULL),
(774, 'Mrs. Alison Doyle', 'rwehner@yahoo.com', '$2y$10$AenffH5247YeOx/wwKWL7.LkkZQesOyaCDaiSFyx7hZEQW3x29nYe', NULL, '', '2017-06-17 17:27:44', '2017-06-17 17:27:44', NULL),
(775, 'Maxine Pfannerstill', 'nicolas.reyes@ullrich.net', '$2y$10$b9y/vygSUraOzXsMRZnLKeJ93cmzni4OASaehQbjFCjcr/1nh27eO', NULL, '', '2017-06-17 17:27:45', '2017-06-17 17:27:45', NULL),
(776, 'Ms. Bessie Bednar', 'zstanton@treutel.com', '$2y$10$I2NsPiIadv53pqAk42Usqe5i1MgvtG.U2yoVjlFIeqC80MIg2AW12', NULL, '', '2017-06-17 17:27:45', '2017-06-17 17:27:45', NULL),
(777, 'Dr. Matt Stehr', 'green.alberta@hotmail.com', '$2y$10$i8gp63/YV4eug315zyYH1u/ZG9xauCRTgVG4W7pcHfhioymXbYo0y', NULL, '', '2017-06-17 17:27:45', '2017-06-17 17:27:45', NULL),
(778, 'Miss Heloise Schaefer', 'ilene.reinger@hotmail.com', '$2y$10$oq7fbtuK5WoET/3jlqtnPOKMzdtOMwIdzM0t9iqhJgeBR.sacZmca', NULL, '', '2017-06-17 17:27:45', '2017-06-17 17:27:45', NULL),
(779, 'Dagmar Gerlach', 'aletha37@yahoo.com', '$2y$10$Sn5tVeu0PzqnBDsYsqOOneZmWJ7Kslhjm0X2TFDJtLZui5UKZAJIS', NULL, '', '2017-06-17 17:27:45', '2017-06-17 17:27:45', NULL),
(780, 'Brandon Pouros DVM', 'mallie38@smitham.com', '$2y$10$JDr5mZOEuZ/iXp2bQb0VT.f.JfaRaHuddCEkZwdUbiz2VaKJxPb4a', NULL, '', '2017-06-17 17:27:45', '2017-06-17 17:27:45', NULL),
(781, 'Ernest Prohaska', 'king39@gmail.com', '$2y$10$f4em9H.r32GzZmxZMfcl1elTrFFv4IG2r3ecdBPcUs9z5NzsOl60S', NULL, '', '2017-06-17 17:27:45', '2017-06-17 17:27:45', NULL),
(782, 'Mrs. Anne Hartmann', 'alexis.ohara@gmail.com', '$2y$10$rdwKxTaK5NINeCpwEsPY8uxs9kfnJGqIVokQYWTiyQg05fDAldLJG', NULL, '', '2017-06-17 17:27:45', '2017-06-17 17:27:45', NULL),
(783, 'Gerda McCullough DVM', 'brianne.roob@yahoo.com', '$2y$10$ny9bu13Q/26bki9MwtXHFOR8e6ZDWPWeuNjCoAbA3/JXKVLWo90o2', NULL, '', '2017-06-17 17:27:46', '2017-06-17 17:27:46', NULL);
INSERT INTO `users` (`id`, `name`, `email`, `password`, `remember_token`, `user_type`, `created_at`, `updated_at`, `deleted_at`) VALUES
(784, 'Otha Weimann III', 'nwitting@block.net', '$2y$10$8Vc9Xcge24Mu8OyVcNLcHe5M2S5BnpuvPIPdI0ogtP5cF0FG8qm8q', NULL, '', '2017-06-17 17:27:46', '2017-06-17 17:27:46', NULL),
(785, 'Ms. Rosalee Cole DVM', 'shemar.ziemann@gmail.com', '$2y$10$JFkJ1XS7FKA5mZLhgBgsju2dLk2LeoS96wtNP5fy0T0q4s1XkB3w2', NULL, '', '2017-06-17 17:27:46', '2017-06-17 17:27:46', NULL),
(786, 'Orrin Kemmer', 'april24@yahoo.com', '$2y$10$kmTUL5nkwQhoRtkBBodMlunIpAck2r0zip8AWrkidtqGIMRAMnDMS', NULL, '', '2017-06-17 17:27:46', '2017-06-17 17:27:46', NULL),
(787, 'Prof. Madie Goodwin', 'valentina.bechtelar@weber.com', '$2y$10$CQz5wDDJPSlNJVZau.4z6eRU0yEg6S3MIpFaM3notwda5NxTRg8ky', NULL, '', '2017-06-17 17:27:46', '2017-06-17 17:27:46', NULL),
(788, 'Jaqueline Dicki', 'gkuhlman@jacobs.com', '$2y$10$8FhXHi2qF78CUSEChztu7eH6wIyt2H8mnVMT2NUbzNO26Ux6XBx5G', NULL, '', '2017-06-17 17:27:46', '2017-06-17 17:27:46', NULL),
(789, 'Gerhard Shanahan', 'eduardo.wehner@gmail.com', '$2y$10$egD1V1DMqP9VAOEgXimmTeT66tAfmuop6UznSdVbjmPDe46yjPiYO', NULL, '', '2017-06-17 17:27:46', '2017-06-17 17:27:46', NULL),
(790, 'Lamont Maggio Sr.', 'bradtke.clarissa@gmail.com', '$2y$10$gR1BzVRHAUIdLtRq1nDQ0ubdfCmyE8OY73V97UOjXE.kGB.xSxN9W', NULL, '', '2017-06-17 17:27:47', '2017-06-17 17:27:47', NULL),
(791, 'Darian Jaskolski', 'unique49@hotmail.com', '$2y$10$4SOwZOTu/TQcQG/.mBQHXevf27WZCfzpYM64DqM/3.OU6EORtR6SC', NULL, '', '2017-06-17 17:27:47', '2017-06-17 17:27:47', NULL),
(792, 'Laney Jacobi', 'brain.strosin@yahoo.com', '$2y$10$322jQwBhcB6xUA8Pq8WxGO4XlDhZzi0oIzwwl0pP2E86qHT5Y/HFe', NULL, '', '2017-06-17 17:27:47', '2017-06-17 17:27:47', NULL),
(793, 'Dylan Kilback', 'jweissnat@von.com', '$2y$10$TYFXxgWMHMKMew4dxng8kuoGAyBCfAeeyuyzQ/esGpzNt.aJ9Pe8S', NULL, '', '2017-06-17 17:27:47', '2017-06-17 17:27:47', NULL),
(794, 'Cristina Lind DDS', 'stark.ansley@gmail.com', '$2y$10$oWifffI0RTSSfcfMEJGI.ONyxGpPnofbmdmT.G9ZQ7.11AbgMguiO', NULL, '', '2017-06-17 17:27:47', '2017-06-17 17:27:47', NULL),
(795, 'Dolly Leannon', 'gaylord.kihn@yahoo.com', '$2y$10$Zadr7v6pw.hfkjc9lgjQg.9M2wVWdwNevx9DFuoacDOgprchwFD8C', NULL, '', '2017-06-17 17:27:47', '2017-06-17 17:27:47', NULL),
(796, 'Clark Lueilwitz Jr.', 'hstark@hauck.com', '$2y$10$aYLVfJiBUeIc1ZTt5CGsN.0XDBXPhrQt13LbTaUPk.TUzZCsYpb/G', NULL, '', '2017-06-17 17:27:47', '2017-06-17 17:27:47', NULL),
(797, 'Miss Lilly Spinka', 'kunze.ivah@adams.com', '$2y$10$So04lOIPi6cGQ2..cxnef.GHwRDYuKxeXxq3WeznPnIn.4xepnQPe', NULL, '', '2017-06-17 17:27:48', '2017-06-17 17:27:48', NULL),
(798, 'Ara Williamson', 'rosenbaum.theodora@yahoo.com', '$2y$10$R5HEaLH/g9jaUDWbMx9yguN.sP37K4.9Qj6y0pNAMRNVGsAq9j3xG', NULL, '', '2017-06-17 17:27:48', '2017-06-17 17:27:48', NULL),
(799, 'Prof. Gregg Larson PhD', 'mekhi.cole@metz.com', '$2y$10$L2zbmutPA87v1r.HHi5YKuEfrnKi3CEQ0y/EclN9NmqLnSK9DkwrC', NULL, '', '2017-06-17 17:27:48', '2017-06-17 17:27:48', NULL),
(800, 'Mr. Lazaro McCullough', 'rcummings@yahoo.com', '$2y$10$9vZd7nklbGFCH1MUaXzCge42w.iHZkaWHbmnB8OKtglhjE.5L6eO.', NULL, '', '2017-06-17 17:27:48', '2017-06-17 17:27:48', NULL),
(801, 'Joel Schiller', 'anderson98@yahoo.com', '$2y$10$1b5PlziYLjUhDA8Uzvcx6ewJvSo2G2jK5FgtdhMUVb85p/9GuYkhG', NULL, '', '2017-06-17 17:27:48', '2017-06-17 17:27:48', NULL),
(802, 'Maia Hagenes', 'sandra80@monahan.biz', '$2y$10$B4fLUIKCJbtWstMsaFXGOudiGwE/aYYPgueijuvwbMizY7d.UE8z.', NULL, '', '2017-06-17 17:27:48', '2017-06-17 17:27:48', NULL),
(803, 'Pierre Bahringer', 'paolo63@batz.com', '$2y$10$TFQufbokEskx323gDPqSTuWF2DuX4Bsv99xc/q/zHqju.qoylUAzG', NULL, '', '2017-06-17 17:27:48', '2017-06-17 17:27:48', NULL),
(804, 'Mr. Ferne Conroy DDS', 'patrick96@oberbrunner.net', '$2y$10$UzsPS8w73lIi/XCYCim0Suf.2.oT8l0P5WVqm59yAlnKF1HegZS7S', NULL, '', '2017-06-17 17:27:49', '2017-06-17 17:27:49', NULL),
(805, 'Miss Maci Flatley MD', 'flatley.isabella@gleichner.com', '$2y$10$7SzuxFp9f0pzIRQmWIZL5.e3zgZNr5TElbxOKLoDslhwyTVrqm63.', NULL, '', '2017-06-17 17:27:49', '2017-06-17 17:27:49', NULL),
(806, 'Hoyt Pouros', 'tiara40@schimmel.info', '$2y$10$7htYXV53aG9mz3RwjvVMe.AAq/x/4VAT.JS0LmINbgM37.YbdOf3q', NULL, '', '2017-06-17 17:27:49', '2017-06-17 17:27:49', NULL),
(807, 'Dannie McCullough', 'htremblay@gmail.com', '$2y$10$okZwX7ISvvqxuBQ/vBvuyu9KyZt4GdC3xtuTO/JQsIu5I1u2j/P0S', NULL, '', '2017-06-17 17:27:49', '2017-06-17 17:27:49', NULL),
(808, 'Favian Swift DVM', 'colton.klein@swift.com', '$2y$10$mc91WUsad6fzLVXTTkbOTOlKsIlOYn1qGpqX0/hsDKpRjyLuHW3Em', NULL, '', '2017-06-17 17:27:49', '2017-06-17 17:27:49', NULL),
(809, 'Prof. Cecile Murphy', 'farmstrong@dickens.com', '$2y$10$cWLdB8qT9sfaotfcTPpc3.zsZ2DTN.orRmtUTBjcTlf7lcUo.J48m', NULL, '', '2017-06-17 17:27:49', '2017-06-17 17:27:49', NULL),
(810, 'Mrs. Ada Paucek III', 'ztoy@yahoo.com', '$2y$10$L/CEV6ZjqgwbFhKuCPz6.umVlvl6zNIbzximxuZ64dIBf9oPMAbVO', NULL, '', '2017-06-17 17:27:50', '2017-06-17 17:27:50', NULL),
(811, 'Dr. Clovis Mayer', 'bergstrom.dennis@hotmail.com', '$2y$10$ELJP2GBQc8v5AAnTsdF61uiDHsMGTj34iH4YYauhtBEkbedt8j.52', NULL, '', '2017-06-17 17:27:50', '2017-06-17 17:27:50', NULL),
(812, 'Verner Glover', 'ernie95@gmail.com', '$2y$10$T1r1h/PtysTCLtvt7QC3Kuab2SVZnINjGxO7T1BjqRMFoh2wQx7WK', NULL, '', '2017-06-17 17:27:50', '2017-06-17 17:27:50', NULL),
(813, 'Amir Lang', 'flavie.okeefe@heathcote.net', '$2y$10$Wt5c5HbrLTEx3aH.mirwNObJSo74i09tlMgFQSugnoXATL4cFm0qa', NULL, '', '2017-06-17 17:27:50', '2017-06-17 17:27:50', NULL),
(814, 'Sven Schowalter', 'crooks.emilie@yahoo.com', '$2y$10$qMgfE..iEFZ6hsnhD0GcgOSdBkqINchqDLjuLDm2aWYuaKJD2.Woq', NULL, '', '2017-06-17 17:27:50', '2017-06-17 17:27:50', NULL),
(815, 'Jose Goldner', 'reta82@yahoo.com', '$2y$10$/Vm4xLpyMYy.6sxOGmD4QetNLteuEtUMTNipmkDmOSClo3vRSzN..', NULL, '', '2017-06-17 17:27:50', '2017-06-17 17:27:50', NULL),
(816, 'Helene Kub', 'modesta39@daniel.com', '$2y$10$XnhDhJTPKQLqyrSqSu9Xquien9XURBgmEqFEFLRjknOAvq4ShRegy', NULL, '', '2017-06-17 17:27:50', '2017-06-17 17:27:50', NULL),
(817, 'Prof. Germaine Haag', 'bailey.halie@aufderhar.com', '$2y$10$TvTe9.9a/Ztwjd5fx1Dw4uDIfbAzX7rYxTavXtOOPKBnEbOPlc43q', NULL, '', '2017-06-17 17:27:51', '2017-06-17 17:27:51', NULL),
(818, 'Miss Michaela Stracke DDS', 'gkertzmann@mccullough.com', '$2y$10$0Qtkvts4oNjlgVYcSqX1cu.rK/1RVnpK7s1T8sPilMnqIn42cTiGy', NULL, '', '2017-06-17 17:27:51', '2017-06-17 17:27:51', NULL),
(819, 'Judge Gislason', 'lebsack.wilmer@hotmail.com', '$2y$10$XthW1XHAy82ok5MDE3C5Zuxh6hbb4ChvUPa6FkihZrO7wLySa5KRK', NULL, '', '2017-06-17 17:27:51', '2017-06-17 17:27:51', NULL),
(820, 'Prof. Eli Kovacek II', 'ndicki@graham.com', '$2y$10$xaEnTRdMNJIZHrvQnrot1.yJphUQev3p6gQfEFV0DfFNy8WeUUa4a', NULL, '', '2017-06-17 17:27:51', '2017-06-17 17:27:51', NULL),
(821, 'Burley Wintheiser', 'elian.cartwright@schinner.com', '$2y$10$CZsGUPkI0yYW8zBF5b67e.vR5TX7WMPJ4j1PVZgKXGmW6XSQlg4.m', NULL, '', '2017-06-17 17:27:51', '2017-06-17 17:27:51', NULL),
(822, 'Erika Hessel', 'verna.jenkins@stark.org', '$2y$10$XexBzDLm3Z.J3EYOpCpcCuEkn38RDs1A3WsrdU.Bu1a7xDORoIRSS', NULL, '', '2017-06-17 17:27:51', '2017-06-17 17:27:51', NULL),
(823, 'Dr. Ila Upton', 'kali.breitenberg@gmail.com', '$2y$10$m6qBb2PUnn7dQ8Y66NP/nudeAHpamN0Dv9YFTf2fLt10b9IPk5Mzu', NULL, '', '2017-06-17 17:27:51', '2017-06-17 17:27:51', NULL),
(824, 'Callie Price V', 'eleanore.mueller@dibbert.org', '$2y$10$fH2VC1J549f6sLiHiFStNesGSWxnYU30bHKWuN1DiqWkflzcXWwga', NULL, '', '2017-06-17 17:27:52', '2017-06-17 17:27:52', NULL),
(825, 'Saul Larkin', 'bblanda@hotmail.com', '$2y$10$h5AfFRbrX96afLpVURNwEOej7qQsLZVCKd5TRL8qRNZE87qzSSIbC', NULL, '', '2017-06-17 17:27:52', '2017-06-17 17:27:52', NULL),
(826, 'Ezequiel VonRueden', 'dillan53@hotmail.com', '$2y$10$apewMq6e6TFJxF6GcKWgvezg8i7n7HGlCTdY6kFs1dopHVMfpR02u', NULL, '', '2017-06-17 17:27:52', '2017-06-17 17:27:52', NULL),
(827, 'Dr. Angelina Runte', 'leila18@ortiz.org', '$2y$10$lt4tUBKN4fNvm9NURO3uruIS3d9fQzbnn/w2Lu/hGZ24WYWtzdlSe', NULL, '', '2017-06-17 17:27:52', '2017-06-17 17:27:52', NULL),
(828, 'Ms. Rachelle Quigley IV', 'santina48@hotmail.com', '$2y$10$WUx3WY5TkBhGR25EolGalOC9lDBGKSZJicUKqC.P5FqtsIilP0k2m', NULL, '', '2017-06-17 17:27:52', '2017-06-17 17:27:52', NULL),
(829, 'Bartholome Blanda', 'margie.dare@hotmail.com', '$2y$10$9Gbql6EBBkQenW8pZjbt/e7y71vQVgdzS9v.AFkLGWhx8av1XUZ9a', NULL, '', '2017-06-17 17:27:52', '2017-06-17 17:27:52', NULL),
(830, 'Pascale Muller Jr.', 'rryan@yahoo.com', '$2y$10$ILw9wKw8nRQqwt0aF28WzuDbIneFYuwGiisDjhqCCIxRo/NfAr3QG', NULL, '', '2017-06-17 17:27:52', '2017-06-17 17:27:52', NULL),
(831, 'Dr. Douglas Goldner', 'dlind@hotmail.com', '$2y$10$6C27HSQoyi4O0dmBkB.tNeJ6aDJ/8/6DB3mbWsPYplkJI8Nr2gQty', NULL, '', '2017-06-17 17:27:53', '2017-06-17 17:27:53', NULL),
(832, 'Luis Rempel', 'mann.lacy@hotmail.com', '$2y$10$C3FFDVGPIhy9gFGg4JfIfuSnPoE7oSOYjgrmOTTcQSRXA.8AjxtL2', NULL, '', '2017-06-17 17:27:53', '2017-06-17 17:27:53', NULL),
(833, 'Aniya Metz', 'terrell.nienow@yahoo.com', '$2y$10$bewfFm1HGoFyeDwDUB525Oj8Zpc1PE.Isj8UA1jFr.j9G.zAniyna', NULL, '', '2017-06-17 17:27:53', '2017-06-17 17:27:53', NULL),
(834, 'Citlalli Kuhn Jr.', 'owen.balistreri@gmail.com', '$2y$10$5GDFn0W.r25RM3VdFSNDhO9gmQk9fOfpc0Zh9AQSHEnB1v8EXDfXq', NULL, '', '2017-06-17 17:27:53', '2017-06-17 17:27:53', NULL),
(835, 'Brigitte Ziemann DVM', 'lura.kling@yahoo.com', '$2y$10$9H4cQQnPurYTAjAxiYVhf.ldqs6Se53Z3OQDHwTKYjFcpzvvnE.XO', NULL, '', '2017-06-17 17:27:53', '2017-06-17 17:27:53', NULL),
(836, 'Ike Windler', 'wbins@ritchie.net', '$2y$10$DxYRNQZtuEbhdkvWYYMUF.ENUIvGnlKIa45wcQHzKxS/5MTyWY/m2', NULL, '', '2017-06-17 17:27:53', '2017-06-17 17:27:53', NULL),
(837, 'Rudolph Gerhold', 'tiara.schamberger@yahoo.com', '$2y$10$UW31pDWMwR4qoRnjtdn21eJYdvbcY1p/BMeK2gVE3nFEvhtnRv37a', NULL, '', '2017-06-17 17:27:53', '2017-06-17 17:27:53', NULL),
(838, 'Frank Halvorson', 'lawrence34@yahoo.com', '$2y$10$fCcOgov8e/JkMK2N2Y0XQeaBCqkcxiarpDFwt99B0Df8ZDcMabILq', NULL, '', '2017-06-17 17:27:54', '2017-06-17 17:27:54', NULL),
(839, 'Annamae Hane', 'bogisich.lemuel@hotmail.com', '$2y$10$jPnhgoLY7z7n2m9wGmR3QemUsdUiBd583ReQMHjFzIpe7eK2EetIW', NULL, '', '2017-06-17 17:27:54', '2017-06-17 17:27:54', NULL),
(840, 'Dr. Maryam Kshlerin', 'dsipes@hotmail.com', '$2y$10$jJb7eb.92uUB4w3.KKZu8uOezTvvlAQBipNfYxguZHapxkFrGV4fG', NULL, '', '2017-06-17 17:27:54', '2017-06-17 17:27:54', NULL),
(841, 'Lilly Emard DVM', 'eloise.anderson@kertzmann.com', '$2y$10$COkUakn025HJVnSGpLwNK.gcNNptfln82254B8nh13tj1NMSm6Lve', NULL, '', '2017-06-17 17:27:54', '2017-06-17 17:27:54', NULL),
(842, 'Gunnar DuBuque', 'florencio.rohan@pacocha.biz', '$2y$10$dWJuOMmSVddsGZszaG9t9.PEEm4e9b8giK3TNYTDvnalIWfv1zpI2', NULL, '', '2017-06-17 17:27:54', '2017-06-17 17:27:54', NULL),
(843, 'Dr. Pablo Harber', 'fbatz@hotmail.com', '$2y$10$NxsIavGqRjmhVZ4OLjMCbO7vyNdbYe9NxNV5xuZUgALwqQ.uy0zXm', NULL, '', '2017-06-17 17:27:54', '2017-06-17 17:27:54', NULL),
(844, 'Mrs. Adell Towne', 'ghowe@feil.com', '$2y$10$bPUpoUXSGedEWAjFd5OY8eugpM4ogScHJxdWFX5OT4ZYE3XL2AQKy', NULL, '', '2017-06-17 17:27:54', '2017-06-17 17:27:54', NULL),
(845, 'Alexandro Murray', 'nitzsche.dylan@hotmail.com', '$2y$10$Uf7ZKct3kb14/qT6EWvnnuXR62CWLIZgmljKp2IQ3NKTPu3I.YIvW', NULL, '', '2017-06-17 17:27:55', '2017-06-17 17:27:55', NULL),
(846, 'Mr. Tyler Tromp Jr.', 'marlene59@barrows.biz', '$2y$10$7sX3F32b1i/yWzI7JvTui.FYbocIaBgvZHhDUYBKqCLeGNPhI.ebK', NULL, '', '2017-06-17 17:27:55', '2017-06-17 17:27:55', NULL),
(847, 'Laurie Ruecker', 'acollier@gmail.com', '$2y$10$O53UsFgnIt92UJBJKNY4i.0PCY3YpKSsJHgeHxbmTtnrqwxW9DDJS', NULL, '', '2017-06-17 17:27:55', '2017-06-17 17:27:55', NULL),
(848, 'Gene Bergstrom', 'gmosciski@yahoo.com', '$2y$10$.xVcNK0dXfeALNa1vNrH3OO7XNVpkCNdSQ990vZmlqKX/C.5TnfXi', NULL, '', '2017-06-17 17:27:55', '2017-06-17 17:27:55', NULL),
(849, 'Norbert Gleichner', 'daisha01@gmail.com', '$2y$10$d90vrbTDQZEjROYeyYt9SOryCfL4peyt.diCwRyhDlBbnDtsBKRfm', NULL, '', '2017-06-17 17:27:55', '2017-06-17 17:27:55', NULL),
(850, 'Dr. Marcelo Walter', 'kamryn96@hermiston.org', '$2y$10$5xvgyTtZNHdG4utlrtnihuCEqQGx3OaGIvflPjeC6wEMW4MH4atra', NULL, '', '2017-06-17 17:27:55', '2017-06-17 17:27:55', NULL),
(851, 'Emmalee Mante', 'olson.zion@hotmail.com', '$2y$10$wSp7CRB4tK4ElU7LMOIQn.3g4lZWinoMx5e76vyKC.ANdyzyWfpiu', NULL, '', '2017-06-17 17:27:56', '2017-06-17 17:27:56', NULL),
(852, 'Carole Beier', 'wintheiser.anderson@gmail.com', '$2y$10$Kwmq/zfUQYlw2VdcsnFebeXSofBHBYJz4XQnHQHq3qNbwQCJduLp2', NULL, '', '2017-06-17 17:27:56', '2017-06-17 17:27:56', NULL),
(853, 'Mrs. Josefina Hoppe', 'lmayert@wolff.org', '$2y$10$BW7Gg8.o.ZJ5wijWeFiyGu0VxhA2bbL0S0aDp4Bll7cgve6QYO946', NULL, '', '2017-06-17 17:27:56', '2017-06-17 17:27:56', NULL),
(854, 'Emelie Carter I', 'bins.aurelia@weissnat.com', '$2y$10$r1vh9At2iglk2Z8Dro299e9AStCswc8jAVKQhZSQYcdQehpshkXd6', NULL, '', '2017-06-17 17:27:56', '2017-06-17 17:27:56', NULL),
(855, 'Frieda McCullough', 'yschneider@bogisich.biz', '$2y$10$2emLHEJ90dmf793tvAOkJekoW96DKQ5SlPlVrYKPr.CVZiCLnmoTW', NULL, '', '2017-06-17 17:27:56', '2017-06-17 17:27:56', NULL),
(856, 'Wilfredo Considine', 'makenna.hirthe@greenfelder.biz', '$2y$10$ra0REK6Fay6MLYL5ftsKG.jzw1BnxScsueXBx00hEgS5cU3MWGseW', NULL, '', '2017-06-17 17:27:56', '2017-06-17 17:27:56', NULL),
(857, 'Kristoffer Hills', 'dwight50@hotmail.com', '$2y$10$dvRbLRtvUR9yjQeFn8KSoeYL7XlEojYThmd98i9Oano60cMVwzfJa', NULL, '', '2017-06-17 17:27:56', '2017-06-17 17:27:56', NULL),
(858, 'Wava Connelly IV', 'boyle.riley@hartmann.info', '$2y$10$SaBMTC2IMBKTNG6sky2FtOurlucR047ZQo5s6/JDxrap1VmBYn2Oq', NULL, '', '2017-06-17 17:27:57', '2017-06-17 17:27:57', NULL),
(859, 'Francis Okuneva', 'sabryna90@hotmail.com', '$2y$10$UfWMZP.2cnEo2LqSeox0OuajZxptZDiKi.wPyx3TFafkKkF6yArKy', NULL, '', '2017-06-17 17:27:57', '2017-06-17 17:27:57', NULL),
(860, 'Esperanza Swaniawski', 'emie04@konopelski.com', '$2y$10$caxedRM9DWRD7eujR1fnROX0bErTeZZhqzhQZpWNj7tCev5FJcwaa', NULL, '', '2017-06-17 17:27:57', '2017-06-17 17:27:57', NULL),
(861, 'Jules Ortiz', 'amayer@walter.com', '$2y$10$ZFLKNUDK7CULvAvdBDkwTewNWCli8dL/.dlnE9NnSyHes3eTH0XBu', NULL, '', '2017-06-17 17:27:57', '2017-06-17 17:27:57', NULL),
(862, 'Prof. Trever Koepp II', 'erica98@morissette.com', '$2y$10$FKbJ83afA4f3KnsQng6iLuNxe/F3K6BAsiBYw5MxAlTtlApi9kii.', NULL, '', '2017-06-17 17:27:57', '2017-06-17 17:27:57', NULL),
(863, 'Luisa Langosh', 'lucie.brown@hotmail.com', '$2y$10$xCAubqNZ3MJos3MjzmYvq.jJw9RhJz0lHJxbxk0AdaNs7AkwzST1i', NULL, '', '2017-06-17 17:27:57', '2017-06-17 17:27:57', NULL),
(864, 'Callie Walker', 'wiza.chaim@hotmail.com', '$2y$10$PknflnrNyVa5egImGwfCAuyij/EJLSKktavYrXHzay5tjju9HGTbi', NULL, '', '2017-06-17 17:27:58', '2017-06-17 17:27:58', NULL),
(865, 'Ike Hammes', 'maida42@hotmail.com', '$2y$10$QCIow74ZxeXFWFBiYIg5me0IuUEpPpCJ93iOTPmpMDVpVf01ml7XO', NULL, '', '2017-06-17 17:27:58', '2017-06-17 17:27:58', NULL),
(866, 'Beau Stanton MD', 'lucius82@mertz.com', '$2y$10$boYqK3qAD3qcBNMoBQdfsOCoF1mfo5wa1k4UlovWqvJ6yfzqPYWuu', NULL, '', '2017-06-17 17:27:58', '2017-06-17 17:27:58', NULL),
(867, 'Dr. Mathew Kuhic I', 'jany.ward@gmail.com', '$2y$10$5XRYlhx9oWN.JUVi8wto3uT7HaaAwPeS9vTsCVL7h7ysD4AahKQ2S', NULL, '', '2017-06-17 17:27:58', '2017-06-17 17:27:58', NULL),
(868, 'Mr. Korbin Armstrong', 'yvonne87@hotmail.com', '$2y$10$k86gmxWS3N4QnU7zNqSRYO9V44rNwIFpTjLpcL9wWQdf67aGpMSku', NULL, '', '2017-06-17 17:27:58', '2017-06-17 17:27:58', NULL),
(869, 'Ebba Marvin', 'milford47@larson.com', '$2y$10$Q.FbGkRfoa1b/WDiLHue7eo5wmY0hw4JOrf45pPfi6X0Dng6.j0pq', NULL, '', '2017-06-17 17:27:58', '2017-06-17 17:27:58', NULL),
(870, 'Amari Donnelly', 'rosina83@yahoo.com', '$2y$10$QkhXDZ0y1JoM6rcEpbc6iu6pDbS9p5YxBIVwvWyuobYcuX/qAEzN.', NULL, '', '2017-06-17 17:27:58', '2017-06-17 17:27:58', NULL),
(871, 'Ines Mertz DDS', 'jacobi.tamara@hotmail.com', '$2y$10$3LjslXUSNi0x29XMtcc8yOZCUbrSyfCZlXKbQLGSxMbxboIOqKCjC', NULL, '', '2017-06-17 17:27:59', '2017-06-17 17:27:59', NULL),
(872, 'Dr. Megane Rempel IV', 'jeff25@wilkinson.biz', '$2y$10$RwmUK4Us8P4EuJ5V9hfkDOsAOBo5sNaWEUJzOUTJ.MLRi8mGXdS2O', NULL, '', '2017-06-17 17:27:59', '2017-06-17 17:27:59', NULL),
(873, 'Jarrett Morar', 'gene99@schumm.info', '$2y$10$j3oYBwLLiy/IHwJxa7o2P.vB4HEEmBWr4jnK9hCYx0gXKRZ05iL3i', NULL, '', '2017-06-17 17:27:59', '2017-06-17 17:27:59', NULL),
(874, 'Dr. Octavia Hand I', 'nicola09@gusikowski.com', '$2y$10$Pxt5HpmWHCom0M1h8LGPYOPLvQgGZzSAPWcP0Cme4JJw50I1JuWHK', NULL, '', '2017-06-17 17:27:59', '2017-06-17 17:27:59', NULL),
(875, 'Josie Spencer', 'dayne.schinner@hilll.info', '$2y$10$enNrEVzYnkTsExL1.A1EzuCE7Rsr/svI7vbubXuUyiXexaf4d28f2', NULL, '', '2017-06-17 17:27:59', '2017-06-17 17:27:59', NULL),
(876, 'Danika Runte', 'wilbert60@gmail.com', '$2y$10$ysNgFR9iiV9pMJ7chyxTqehctA4Ex9jG521qemE9hGreXv88nAbTu', NULL, '', '2017-06-17 17:27:59', '2017-06-17 17:27:59', NULL),
(877, 'Eusebio Okuneva', 'hmitchell@beier.org', '$2y$10$t3y/Wd49jsq5YNLnmQ.y7eYupQA1xqowy0Q6hOk.MoloYNLBSsYLm', NULL, '', '2017-06-17 17:27:59', '2017-06-17 17:27:59', NULL),
(878, 'Cody Shields', 'susanna15@yahoo.com', '$2y$10$oHTljSgfa92ND56dmDoY.OUBImvou8HKiAeWDvsxki8K7Ulz4ZWq.', NULL, '', '2017-06-17 17:28:00', '2017-06-17 17:28:00', NULL),
(879, 'May Altenwerth', 'zjacobs@hotmail.com', '$2y$10$kz79vemT40egpiK4H..MV.wuVcVrPybFE6Gh7bKHT5a1oEZRKsdWS', NULL, '', '2017-06-17 17:28:00', '2017-06-17 17:28:00', NULL),
(880, 'Blaise Breitenberg Jr.', 'ashley42@hotmail.com', '$2y$10$bFjIO3y8S1RntzcfnKhkX.ru6MlII/uru966vMTSf0bPiHeqVKaQe', NULL, '', '2017-06-17 17:28:00', '2017-06-17 17:28:00', NULL),
(881, 'Thad Schmidt', 'emilia.roob@gmail.com', '$2y$10$tV1aQfLJQ2H.UNadZmPMXOv1ZC6ZwQfhPcM/8zEeXXuurthp/X1Ja', NULL, '', '2017-06-17 17:28:00', '2017-06-17 17:28:00', NULL),
(882, 'Prof. Walton Batz', 'yboyer@hotmail.com', '$2y$10$gNv4/BU/r8PvbTIZxjty4eHQ.ySvxAK8YQrnZC4bh8OIaxFDxR.OO', NULL, '', '2017-06-17 17:28:00', '2017-06-17 17:28:00', NULL),
(883, 'Prof. Carmelo Hickle', 'tberge@luettgen.com', '$2y$10$6YhhcdRQdOXIEjxWBhxuK.mbU5vPvnWqyJaPxfpH1w1z5hU/zutcu', NULL, '', '2017-06-17 17:28:00', '2017-06-17 17:28:00', NULL),
(884, 'Miss Bernice Von DVM', 'erna.jacobi@heaney.com', '$2y$10$38j8vtBK7YA8Oe2m6nyFC.TEc6SvZ2B3OT6gjeGz1KP.X.p/dbn8K', NULL, '', '2017-06-17 17:28:00', '2017-06-17 17:28:00', NULL),
(885, 'Elenora Pfannerstill MD', 'jbrown@hodkiewicz.com', '$2y$10$iMc6t13mEuMepu23vDmN/.tWNCRzWDVd1hnSK/2TykD.pWAy603Q.', NULL, '', '2017-06-17 17:28:01', '2017-06-17 17:28:01', NULL),
(886, 'Dr. Sammie Gibson DDS', 'whitney.metz@hotmail.com', '$2y$10$phG8.VbsDxGnIlp7KEH5/OHTyoyydD994jfRr/UX/o/YvDXyG1GMK', NULL, '', '2017-06-17 17:28:01', '2017-06-17 17:28:01', NULL),
(887, 'Kaylah Cruickshank', 'antone87@yahoo.com', '$2y$10$RQcekWIYWnXR.FUPB6accOnSgMej3WqV1c8VoHfKrq4Rn7ppc0ER6', NULL, '', '2017-06-17 17:28:01', '2017-06-17 17:28:01', NULL),
(888, 'Natalia Torphy PhD', 'erin.streich@gmail.com', '$2y$10$hnjoaU.u399pxcYmclPLlOW8kwb3HxckzkX1PqRUKfqVu9Fw32RvS', NULL, '', '2017-06-17 17:28:01', '2017-06-17 17:28:01', NULL),
(889, 'Willa Koch IV', 'aric.langosh@gmail.com', '$2y$10$HFZzTS7YQANXJF0uhitcYe7qUflC.K30xoq6pFOdZFAclL2XbEOsW', NULL, '', '2017-06-17 17:28:01', '2017-06-17 17:28:01', NULL),
(890, 'Dejah Kessler', 'kolby.rodriguez@gleason.com', '$2y$10$gUdzAuc8a1NEapu4pkhNd.PitqRNG1F0YAyBOGR3gZWjlsvsKuGt6', NULL, '', '2017-06-17 17:28:02', '2017-06-17 17:28:02', NULL),
(891, 'Lucius Bechtelar DVM', 'qlemke@schaden.biz', '$2y$10$52JN/xR0F2R.dmbCSIHGdurGiRGRZqImkUJjkPsnI9lrWZH/6ljcW', NULL, '', '2017-06-17 17:28:02', '2017-06-17 17:28:02', NULL),
(892, 'Rene Mohr', 'ernest56@zieme.com', '$2y$10$QxqsP0LZ9SuqTcZEt/zp2.sxsCSuDVmVErI6wj4gUDdylWxubJrTC', NULL, '', '2017-06-17 17:28:02', '2017-06-17 17:28:02', NULL),
(893, 'Clyde Effertz', 'chet.anderson@yahoo.com', '$2y$10$YYG6ZelpA6ZA5Eks8HN/be7AzLYXnmgRsxWHke2pUGPOo7lW3Z.rq', NULL, '', '2017-06-17 17:28:02', '2017-06-17 17:28:02', NULL),
(894, 'Prof. Marty Gaylord', 'hauck.alisa@ferry.com', '$2y$10$EXwtjWxuBPtfQuNv0WaS.OZqbheHpOyHEiznt7AQU3kJMTdsu5nfi', NULL, '', '2017-06-17 17:28:02', '2017-06-17 17:28:02', NULL),
(895, 'Rozella Vandervort', 'stroman.tomasa@cremin.com', '$2y$10$9YdPJnpuOmWy0TXiD5UOt.DEwHsRPkauUP4h6XJGac5U3Dh.a9yBS', NULL, '', '2017-06-17 17:28:02', '2017-06-17 17:28:02', NULL),
(896, 'Lou Ryan', 'pacocha.kurt@morissette.biz', '$2y$10$BuulCuyrXEzbbuLj61oLHeHHDyRHAnyqfU5SZfuu.rpV6aD89RJ/W', NULL, '', '2017-06-17 17:28:02', '2017-06-17 17:28:02', NULL),
(897, 'Mrs. Clementine Jakubowski III', 'oda36@gmail.com', '$2y$10$xAxzSA/hHgbw76d.PhPzEOkIKUKirWvy7zXl2/ogozR8iZFyDoZUG', NULL, '', '2017-06-17 17:28:02', '2017-06-17 17:28:02', NULL),
(898, 'Mrs. Tyra Metz Sr.', 'ian81@hotmail.com', '$2y$10$4TJvWJcAHi9Cmdy1mMGjXuYQxcVNonE2UDefJ6PhMgwVQ7ha696ju', NULL, '', '2017-06-17 17:28:03', '2017-06-17 17:28:03', NULL),
(899, 'Ms. Brenda Johnson', 'shields.nicolas@daugherty.com', '$2y$10$n3lMh3EyGHkM47TIdWOdAexxFldfZ6kfxiGfk9TKoxkZH/DpTWLPu', NULL, '', '2017-06-17 17:28:03', '2017-06-17 17:28:03', NULL),
(900, 'Jonathon Wolf', 'xsimonis@gmail.com', '$2y$10$4S87PuFTsNosUUwDsXyc1.s8kO.QoS8yTpwz6W74djrWlAkJTeG4q', NULL, '', '2017-06-17 17:28:03', '2017-06-17 17:28:03', NULL),
(901, 'Cortez Aufderhar', 'jonathon04@keeling.com', '$2y$10$q5pqA8EMPDJ4P65dSaAC0.Zr36TPjZNt/tOiHIZEzDXPzx3fwIkZ6', NULL, '', '2017-06-17 17:28:03', '2017-06-17 17:28:03', NULL),
(902, 'Darron Kozey', 'muhammad49@mohr.com', '$2y$10$rfo.rNe0cOohEgBt1VwkfOu9LRmlojMo6GdAqtAzDhFXkYTwDopce', NULL, '', '2017-06-17 17:28:03', '2017-06-17 17:28:03', NULL),
(903, 'Prof. Mckenna Torphy Jr.', 'cordell86@block.net', '$2y$10$BY6x1rOWMeK6jn/w.3y4ZeD9qN3qHFnPrjevQ1PH1bgvUnu380I62', NULL, '', '2017-06-17 17:28:03', '2017-06-17 17:28:03', NULL),
(904, 'Jayce Harber', 'alana.braun@pfannerstill.com', '$2y$10$l/BjcJnkR2iSTR6EaQuVuejkuwTk4LuJDNnRmE/4gjmTf7mb30pr.', NULL, '', '2017-06-17 17:28:04', '2017-06-17 17:28:04', NULL),
(905, 'Tyrell Nicolas', 'terry.monica@beier.biz', '$2y$10$AVvQiT4X6YQK/v.RrOG9fOnRWzoWVtxoFIAMTpRyAhHEuZJ8NjlAy', NULL, '', '2017-06-17 17:28:04', '2017-06-17 17:28:04', NULL),
(906, 'Ms. Hanna Johns', 'bpollich@lakin.net', '$2y$10$OHpvL2PamBQ812UnCW79ke5jHatwVbYIfiA893NozxR4DeiEPrvt6', NULL, '', '2017-06-17 17:28:04', '2017-06-17 17:28:04', NULL),
(907, 'Brayan Wisozk', 'gzieme@collier.biz', '$2y$10$j/HQ7xrCT0A7oBRE8R/oUOttqOk7UuBMJ.E2ZHOsTFSgNHMHgMZia', NULL, '', '2017-06-17 17:28:04', '2017-06-17 17:28:04', NULL),
(908, 'Dr. Stephany Gottlieb MD', 'danial44@gmail.com', '$2y$10$Dzalcn1P1kw/WlUrwLB04ethabo3XU5XVkApoeOzqknBhKVm7UBHC', NULL, '', '2017-06-17 17:28:04', '2017-06-17 17:28:04', NULL),
(909, 'Mrs. Tara Turcotte', 'ethan.pacocha@gmail.com', '$2y$10$kJSaWJmkd5.wJqaBb0fXA.iMfaBkdvUwLjt9ntprqegg2qNlp92MG', NULL, '', '2017-06-17 17:28:04', '2017-06-17 17:28:04', NULL),
(910, 'Troy Ziemann', 'boconner@hotmail.com', '$2y$10$lrQlioppLrX4U1.8uoBpT.b00DSotH5kYiQj7ufWg.lpAl8O2COca', NULL, '', '2017-06-17 17:28:04', '2017-06-17 17:28:04', NULL),
(911, 'Dr. Buddy Buckridge III', 'larkin.rhea@gmail.com', '$2y$10$aTxCcl4uLcfVtwa0GeJvM.xiPgMhnL7jBfCjcgJcKQ6HRYCoG3316', NULL, '', '2017-06-17 17:28:05', '2017-06-17 17:28:05', NULL),
(912, 'Kailey Haley', 'sebastian53@robel.com', '$2y$10$65HtNIwAJILXFnbyvuisSe9XmWCOTsTA7Ikvh9oe548ckjF0lmF76', NULL, '', '2017-06-17 17:28:05', '2017-06-17 17:28:05', NULL),
(913, 'Prof. Makayla Stark MD', 'torphy.weldon@jones.com', '$2y$10$wvZ4JhUVDkById3d5y1RAuidgH1iJdCyf3tQnCe5P8lF8XqEfE.XS', NULL, '', '2017-06-17 17:28:05', '2017-06-17 17:28:05', NULL),
(914, 'Myrtie Ferry', 'zulauf.erwin@green.info', '$2y$10$McfNqwyNUYMbLWzTaUcbauINOrDmY73zquREliBdFFhZqn6R.Z6/C', NULL, '', '2017-06-17 17:28:05', '2017-06-17 17:28:05', NULL),
(915, 'Ada Greenholt', 'lesch.drake@hotmail.com', '$2y$10$/LfgCtX6Q9e4dp/Y78Ppfu0X.kzgWE.Ax9/t6sbn3TSKnUkc4yqay', NULL, '', '2017-06-17 17:28:05', '2017-06-17 17:28:05', NULL),
(916, 'Mrs. Rebekah Pfeffer', 'fredy.kuphal@reinger.com', '$2y$10$5JIVteoCXnKxu.O4rgKKS.ohOeFJ0VaLbMqhEquQLhKedtkw.pOJu', NULL, '', '2017-06-17 17:28:06', '2017-06-17 17:28:06', NULL),
(917, 'Jean Conn V', 'daniela.conroy@crona.com', '$2y$10$/s3O/ZzLPEaPSqKUej8zPeHk7PSEarwRw9W8OI8DYPfCwAOvJRGsq', NULL, '', '2017-06-17 17:28:06', '2017-06-17 17:28:06', NULL),
(918, 'Winona O\'Hara', 'wkozey@bechtelar.com', '$2y$10$fnxd1U6wXUTh8Xsb2KVN3OTnsM9RSIQ7Ok1t2xFKlZ7M.FsFnK.5C', NULL, '', '2017-06-17 17:28:06', '2017-06-17 17:28:06', NULL),
(919, 'Lula Weissnat', 'tiana36@gmail.com', '$2y$10$l9QiqCEwbl615qxKxmQBdeTp5ic4WkMSUMA5uLyXaF5S9PXZ9reYu', NULL, '', '2017-06-17 17:28:06', '2017-06-17 17:28:06', NULL),
(920, 'Fannie Simonis', 'gschiller@gmail.com', '$2y$10$O1affdLSdBbgMxkFkZ1fMOdxIwJ3as2FBL2WYqWv0lI7hAlO3Rl3C', NULL, '', '2017-06-17 17:28:06', '2017-06-17 17:28:06', NULL),
(921, 'Enid McGlynn IV', 'gleichner.marisa@bechtelar.com', '$2y$10$wXLANTCCQwqYt3leNTfomem3FgUByRW336JV3DKh7R.ksRowTtHgi', NULL, '', '2017-06-17 17:28:06', '2017-06-17 17:28:06', NULL),
(922, 'Mrs. Bridgette Pollich', 'ohand@sipes.org', '$2y$10$NkQWMnqlfaBUCw3P9EZJ8.G9uD03cjHIRxglIqVMTnJYZK5FgvfmC', NULL, '', '2017-06-17 17:28:06', '2017-06-17 17:28:06', NULL),
(923, 'Dorothy Cormier', 'davonte97@prosacco.com', '$2y$10$xfSHmfGYuKWp1XEbk6TXb.kHCz.nLYmZeBprI5Zrr4CaLuN78Xn5u', NULL, '', '2017-06-17 17:28:07', '2017-06-17 17:28:07', NULL),
(924, 'Dr. Shaun Marquardt', 'gia.hauck@jacobs.com', '$2y$10$RTMa5/O2v8ZeCk8cnAcjVOgEPNEw2gUo2kmTWMFP4WTrkYDdEgXlK', NULL, '', '2017-06-17 17:28:07', '2017-06-17 17:28:07', NULL),
(925, 'Prof. Jany Weissnat', 'gerlach.liana@swaniawski.com', '$2y$10$f7B4gnb4uuoxRFQbfuV3nOnyt70vzVz6sZlmmT1dIanUO5XnKKCd6', NULL, '', '2017-06-17 17:28:07', '2017-06-17 17:28:07', NULL),
(926, 'Jacinto Walker I', 'bschmitt@hotmail.com', '$2y$10$8Ru2cRkMv5LfhNRUCZ0P9OMvx246Tj36Y0U2SavDx3bhuu.D3gDU.', NULL, '', '2017-06-17 17:28:07', '2017-06-17 17:28:07', NULL),
(927, 'Adella Metz I', 'brekke.fausto@kassulke.com', '$2y$10$L38Hn7w6pGqH.VMzdNeFx.Ef9fx4Q2kogoyZRl3DyUZOmMbmtO8G6', NULL, '', '2017-06-17 17:28:07', '2017-06-17 17:28:07', NULL),
(928, 'Prof. Jarrell Lang', 'phyllis.littel@wisoky.com', '$2y$10$thxmgAC9AJ4ARiLyzpNVueCoMA9lhSrEs.z7p52NYS6CwpgcoHAI.', NULL, '', '2017-06-17 17:28:07', '2017-06-17 17:28:07', NULL),
(929, 'Mr. Albert Brekke V', 'sherwood89@yahoo.com', '$2y$10$STNZ8QArDyEL2kdXJv.Pd.lbDJQdk2x7B0qL51etDWsdKuJp6AMym', NULL, '', '2017-06-17 17:28:08', '2017-06-17 17:28:08', NULL),
(930, 'Dr. Yessenia Bernhard', 'zfarrell@gmail.com', '$2y$10$MyevqwakZe8Fw.F9AzosAeNGZ/PMvUlK8lsHZtb.B7VBEZWt7nZvO', NULL, '', '2017-06-17 17:28:08', '2017-06-17 17:28:08', NULL),
(931, 'Margret Reinger', 'celestino89@gmail.com', '$2y$10$pk3ryb.Og3TJS/JH9I5GxOVpkj9ko5nliX5wjeTX6jO4uy2fywoM6', NULL, '', '2017-06-17 17:28:08', '2017-06-17 17:28:08', NULL),
(932, 'Dangelo Hartmann', 'sfeeney@gmail.com', '$2y$10$ZOCArr7yJW.3TfdLtrWEyedJopJwnW/IMp576piBy5p8lYS/UyEL.', NULL, '', '2017-06-17 17:28:08', '2017-06-17 17:28:08', NULL),
(933, 'Constantin Swaniawski Sr.', 'william.walker@gmail.com', '$2y$10$qQzRRPJm3BvWzb.XbZukXuVFXrwNEYFvwHbieRafG8s.uZDWUWyR2', NULL, '', '2017-06-17 17:28:08', '2017-06-17 17:28:08', NULL),
(934, 'Ms. Noemy Lesch', 'ebba.eichmann@gmail.com', '$2y$10$KUepGcYaFL441vaWW.hVfOOAG6bScdacZHb1MJ1cLRJhQ7yXyMa1u', NULL, '', '2017-06-17 17:28:08', '2017-06-17 17:28:08', NULL),
(935, 'Arely Haag', 'ashly45@hotmail.com', '$2y$10$UQ0QT5AO/fhFB5vC833eSulMNjm3lavCOUUmNpQI9kb0rUQynkHS2', NULL, '', '2017-06-17 17:28:08', '2017-06-17 17:28:08', NULL),
(936, 'Sibyl Daniel', 'sanford.craig@yahoo.com', '$2y$10$iXZ0KXc8KA4hoHQean9xxOU/X4ikDeT9pb4bDqm9q9sE2tmkwNYci', NULL, '', '2017-06-17 17:28:09', '2017-06-17 17:28:09', NULL),
(937, 'Dr. Jettie Larson Sr.', 'brooks74@carroll.info', '$2y$10$QdjExckKf5rGw1v/IL15LewZUgmecnV3SJpz9qVDJ6HcBqGWPROcC', NULL, '', '2017-06-17 17:28:09', '2017-06-17 17:28:09', NULL),
(938, 'Desmond Blanda', 'ydonnelly@gmail.com', '$2y$10$Z5cgLPWEk2yza0Ko9wSUEuinZ6UW1yupws/9oaY0jYWbfzTf8xIMK', NULL, '', '2017-06-17 17:28:09', '2017-06-17 17:28:09', NULL),
(939, 'Prof. Payton Pfannerstill', 'harrison61@langworth.info', '$2y$10$b9dQr1CWVsqLJJ/N8fXQ7.fDC4NcJMY31Ib/FAXOGGL7a8M5I6wB2', NULL, '', '2017-06-17 17:28:09', '2017-06-17 17:28:09', NULL),
(940, 'Haven Walsh', 'lilyan91@skiles.com', '$2y$10$oicnHnniCjBd3XLDsZBLFu6My6OBO6JM6JoOi9.Kt/IG/YyP26gbe', NULL, '', '2017-06-17 17:28:09', '2017-06-17 17:28:09', NULL),
(941, 'Guy Gorczany', 'tyra.schuppe@kirlin.net', '$2y$10$NjP8iGZBb93yFpjMab7STuuyfPI/1IE5tKYfbkNllWQ4WThsV3e5e', NULL, '', '2017-06-17 17:28:09', '2017-06-17 17:28:09', NULL),
(942, 'Jennyfer Flatley', 'hegmann.vernice@gmail.com', '$2y$10$DFdlHTftnJfCBSdWN1amt.XXkyotj69L7g3piODDy16S6U1OhLLL.', NULL, '', '2017-06-17 17:28:09', '2017-06-17 17:28:09', NULL),
(943, 'Dr. Rigoberto Cummings PhD', 'aurelie63@yahoo.com', '$2y$10$TeXnXyk4TR2jd2mp3yxbKeP0NexmxuMzQPIfaboGRjcKKxaREJC6i', NULL, '', '2017-06-17 17:28:10', '2017-06-17 17:28:10', NULL),
(944, 'Juana Marvin MD', 'romaguera.eloy@stracke.com', '$2y$10$QeEsMQrIDHnelnpmkW0.Puh070xS/bNVSUQW5CF2iHunUBySi7maO', NULL, '', '2017-06-17 17:28:10', '2017-06-17 17:28:10', NULL),
(945, 'Bradley Maggio', 'douglas15@okuneva.com', '$2y$10$BurUjaKpvcyS1o.OFPNxc.ttb5caqfjgE8PfHfD17TKQT54SeJ1Qm', NULL, '', '2017-06-17 17:28:10', '2017-06-17 17:28:10', NULL),
(946, 'Nedra Kautzer', 'golda.prohaska@ledner.com', '$2y$10$2i/lq.auSzDFFOMjxzpK3.8grnm1ZHTc2NsjaN7nA8.UCFTVOUIbi', NULL, '', '2017-06-17 17:28:10', '2017-06-17 17:28:10', NULL),
(947, 'Verna Schamberger', 'iluettgen@bechtelar.com', '$2y$10$qSzPAwnUxoUb1a2AV./qDu6PEG5GiD/v36X/pL8MW60nBwbF5pG1e', NULL, '', '2017-06-17 17:28:10', '2017-06-17 17:28:10', NULL),
(948, 'Porter Stark', 'monserrat.harris@gmail.com', '$2y$10$BjuR0g/ik3f25JgnbimQde4UAZLlolrKSSRhIEdLOmPM4rZaCzy4C', NULL, '', '2017-06-17 17:28:10', '2017-06-17 17:28:10', NULL),
(949, 'Marcelo Kuhn', 'bzieme@rolfson.com', '$2y$10$gXXMBeWOBvogvzZHmsu7xuKkroxfXdj4GOg3Xl/W815du3.5dQFbm', NULL, '', '2017-06-17 17:28:10', '2017-06-17 17:28:10', NULL),
(950, 'Prof. Jaquelin McKenzie', 'idell19@yahoo.com', '$2y$10$OI/0FG.LWZcFhTqartIYwOl.DMqD/x0a5nBidXNo6p9FdxyEpDlU6', NULL, '', '2017-06-17 17:28:11', '2017-06-17 17:28:11', NULL),
(951, 'Fletcher Weimann', 'terence.hegmann@gmail.com', '$2y$10$naz/NKsqekkiPFBItMI7DOo/dH3T4vP/dxCC6LwTMu9c6.RlvBzD6', NULL, '', '2017-06-17 17:28:11', '2017-06-17 17:28:11', NULL),
(952, 'Ferne Dach', 'angel38@yahoo.com', '$2y$10$fQjieFAOCih92JhxFpkaN.aZcKIMq.XcqUzfw/X8ZzYofWaZK3P1G', NULL, '', '2017-06-17 17:28:11', '2017-06-17 17:28:11', NULL),
(953, 'Prof. Nelle Bogan', 'kristy30@gmail.com', '$2y$10$3DKvWRDOi5xiGJlE4mrCD.BDdnkJb/e2LV9EfNQF6L5nuXI1uddXa', NULL, '', '2017-06-17 17:28:11', '2017-06-17 17:28:11', NULL),
(954, 'Louie Baumbach II', 'buford23@johns.org', '$2y$10$UO9SnZLEI9gJ9JDT29DJ.OkiznG2qsJ108ctn.bQZ0XYI.3HPIBDW', NULL, '', '2017-06-17 17:28:11', '2017-06-17 17:28:11', NULL),
(955, 'Dr. Dayna Collins III', 'reinger.hoyt@yahoo.com', '$2y$10$fcCUHbtNXEMpEmLqcE26nujd.YKVYBTjp0L40q5kx3VRfIShQdLV.', NULL, '', '2017-06-17 17:28:11', '2017-06-17 17:28:11', NULL),
(956, 'Cleora Altenwerth IV', 'johns.rosalinda@hotmail.com', '$2y$10$9gPg/RJuPjUuNPTq/rL/sOWhZ09INbZK1NR/1Tlck35rRCVYiGN/a', NULL, '', '2017-06-17 17:28:11', '2017-06-17 17:28:11', NULL),
(957, 'Mossie O\'Connell IV', 'bokuneva@turner.com', '$2y$10$Awu6FqU0eRfP.daavkgYWeQRhtUw5bVMKk6ccKIFKtMvMkwO2ima.', NULL, '', '2017-06-17 17:28:12', '2017-06-17 17:28:12', NULL),
(958, 'Adell Koelpin', 'xfeest@yahoo.com', '$2y$10$YRF7OhqXZjOlKC8HDzHdlu54Us4bCi6bkNzEzqAXieWXgToZTfLpC', NULL, '', '2017-06-17 17:28:12', '2017-06-17 17:28:12', NULL),
(959, 'Mr. Lonnie Homenick', 'keeley37@gmail.com', '$2y$10$WPQZnPiyDsVTrTFPEqfKO.69EA/bV1IORUl1TkyaFOpXiTR.gA6Tq', NULL, '', '2017-06-17 17:28:12', '2017-06-17 17:28:12', NULL),
(960, 'Ms. Kattie Dach', 'julien43@yahoo.com', '$2y$10$20rn/VjJ5WYL8Jbk0PX2XOOSl955nBrWgnO8wvmtekDzNSCT.HOVy', NULL, '', '2017-06-17 17:28:12', '2017-06-17 17:28:12', NULL),
(961, 'Waino Stoltenberg', 'lindgren.larissa@gmail.com', '$2y$10$vnuW.A5YvJyH8.uJpPDJxO258jnFRNWo5CTR9tMftK0iEYo8Zx3XO', NULL, '', '2017-06-17 17:28:12', '2017-06-17 17:28:12', NULL),
(962, 'Dr. Donald Hoeger DVM', 'xgoyette@gmail.com', '$2y$10$AOBBda/A9xZt5bB1ygxhDug.mY/mqkIeqO2//1MX2T3rNCXwXNFP.', NULL, '', '2017-06-17 17:28:12', '2017-06-17 17:28:12', NULL),
(963, 'Jennyfer Schaden', 'willow.osinski@hotmail.com', '$2y$10$gk1R3KMb03jybCGBRLDmK.lMf30UMzHOGkeEOFSrio3k4HZk3c64i', NULL, '', '2017-06-17 17:28:12', '2017-06-17 17:28:12', NULL),
(964, 'Prof. Camille McGlynn DDS', 'geovanny98@hickle.biz', '$2y$10$eyABQ6qhGnjp2Fxv4yEP1ONIZGobDzb.6pV.p/EPYk.enW2JfaMOu', NULL, '', '2017-06-17 17:28:13', '2017-06-17 17:28:13', NULL),
(965, 'Conner Krajcik', 'bartholome21@bernier.com', '$2y$10$H8i8u5uUfn1RU8VdrdAHLey2O0OIUCZZlp00C/5LjqLmmYrlDtVOy', NULL, '', '2017-06-17 17:28:13', '2017-06-17 17:28:13', NULL),
(966, 'Myra Monahan V', 'boehm.princess@sporer.org', '$2y$10$mV3fT8.XzZrwA61I/Tf3LOEUgUuCItxS5GUKNxG/pv3czVZSqQmza', NULL, '', '2017-06-17 17:28:13', '2017-06-17 17:28:13', NULL),
(967, 'Estel Ebert Jr.', 'dangelo.williamson@johnson.info', '$2y$10$pW21gVz/WRZzibEo7GPQ6eZkLIDqGY7x.QlySPDJvP.GtddARkLJW', NULL, '', '2017-06-17 17:28:13', '2017-06-17 17:28:13', NULL),
(968, 'Genesis Konopelski', 'hpouros@hotmail.com', '$2y$10$lEX3oIkiGLUCSWLItFAa4OrWGaXrtETgvpBpfoZ1A4OSl5z/MDgWO', NULL, '', '2017-06-17 17:28:13', '2017-06-17 17:28:13', NULL),
(969, 'Julien Halvorson', 'carlotta85@gmail.com', '$2y$10$T2LrvAgzBO0dcUIgN2J92uZFqqADuJn8BBYpIgnF2LGgmgDNf27ye', NULL, '', '2017-06-17 17:28:13', '2017-06-17 17:28:13', NULL),
(970, 'Miss Ivy Steuber', 'helene.purdy@kemmer.info', '$2y$10$761zEKYRaEbJ5LTGCEBcPOmilC.5fzjz.Ulq/0XgEZOh7IQzFR5mS', NULL, '', '2017-06-17 17:28:13', '2017-06-17 17:28:13', NULL),
(971, 'Kali Murray', 'ruecker.dwight@dietrich.com', '$2y$10$ACM86pTUhtlzuxUBmfYgg.G9bQzzs58iHqzI9Qx5RL1vemN5V3oSq', NULL, '', '2017-06-17 17:28:14', '2017-06-17 17:28:14', NULL),
(972, 'Onie Beahan', 'cwalter@gmail.com', '$2y$10$Czvwg2Fevgwk8N17kVjF3u9YMNJHJrozg9/T9joO.igUhN3cg4vDC', NULL, '', '2017-06-17 17:28:14', '2017-06-17 17:28:14', NULL),
(973, 'Dr. Marquis Kirlin', 'golda.huels@hotmail.com', '$2y$10$35xA1HVWychQBTgctry9w.Dbg6mUIFiTuqN2b1uYfvzCa8S9X4Hgm', NULL, '', '2017-06-17 17:28:14', '2017-06-17 17:28:14', NULL),
(974, 'Augustine Hoeger', 'quigley.una@yahoo.com', '$2y$10$rvIlPUjcd7cD/COZYxg4vueyVPe/BD2OYpEvyU7ZAoL3wwwB5acie', NULL, '', '2017-06-17 17:28:14', '2017-06-17 17:28:14', NULL),
(975, 'Dr. Maia Johnston Sr.', 'dale.kuhn@russel.info', '$2y$10$E7LaGqro.vFgpYGjDylD9edXxndXBt2378mREi5MQm8jP4HCYJ9mK', NULL, '', '2017-06-17 17:28:14', '2017-06-17 17:28:14', NULL),
(976, 'Aglae Paucek', 'joanie.grimes@ondricka.net', '$2y$10$hZwdzrEBssDaSEiHgXjyzOppgj3QAA//NuvfOY5XtvKL5t7TMeHcO', NULL, '', '2017-06-17 17:28:14', '2017-06-17 17:28:14', NULL),
(977, 'Oma Toy', 'ffranecki@gmail.com', '$2y$10$zxTC5GnHacRq//I2pji5m.TjYwWA1cXynYAlkm5WcfQgmeSJGbgti', NULL, '', '2017-06-17 17:28:14', '2017-06-17 17:28:14', NULL),
(978, 'Dr. Easter Schmitt', 'hchristiansen@jenkins.com', '$2y$10$1MbuXhfN.DHTxFFAQzZF1OSx2zAtwbFOiMysfQP27pH/JGWgJMLQy', NULL, '', '2017-06-17 17:28:15', '2017-06-17 17:28:15', NULL),
(979, 'Caroline Crist DDS', 'hdibbert@gmail.com', '$2y$10$xvC6Chr4xcIhvOXvmEtlGuoIEHeiI2oPbWSUHBha95WTcI3qU9FOG', NULL, '', '2017-06-17 17:28:15', '2017-06-17 17:28:15', NULL),
(980, 'Reba Toy I', 'cara.metz@watsica.com', '$2y$10$YueNCA2sNLC4Tws2KtbraeFbvAOu/dlBmf53RtJmLVbuOGtSibMtC', NULL, '', '2017-06-17 17:28:15', '2017-06-17 17:28:15', NULL),
(981, 'Ms. Shany Kassulke', 'cordie.hansen@borer.biz', '$2y$10$HheyZL2gVfBrdH3SP1PjIeWfORBNtz3pnJCd/NZpXjtTlrZygOw.S', NULL, '', '2017-06-17 17:28:15', '2017-06-17 17:28:15', NULL),
(982, 'Mr. Wayne Collins', 'jsimonis@yahoo.com', '$2y$10$equKlpq7s3FONYnadVYxquJI63FOdebrsNg33wt5kwJLMuvqxVLIO', NULL, '', '2017-06-17 17:28:15', '2017-06-17 17:28:15', NULL),
(983, 'Aimee Hettinger', 'gsipes@huel.net', '$2y$10$i4uyr0hjWYlxHaWChV4a0Oo4sO6Wt.ZuPUE29j.Pf4s4hA9remr6m', NULL, '', '2017-06-17 17:28:15', '2017-06-17 17:28:15', NULL),
(984, 'Iliana Ankunding', 'ulockman@dare.com', '$2y$10$t4xVGcjRu9i7uF6JlLjC3OMDCj8qlaId02/6oQagllzN5lJXu9UXW', NULL, '', '2017-06-17 17:28:15', '2017-06-17 17:28:15', NULL),
(985, 'Laisha Lang IV', 'kareem64@lowe.org', '$2y$10$z6gvhO5OcEORvrWX5N9.COWC6GlPW6iGaopYV20sAL9JabSlJZjwy', NULL, '', '2017-06-17 17:28:16', '2017-06-17 17:28:16', NULL),
(986, 'Dr. Camren Runolfsdottir V', 'ron.rogahn@hotmail.com', '$2y$10$bsULeutVEXT7y4nw0FwY2.4MN6m5.yqc9sDnz4jfxwhkymC5r0m16', NULL, '', '2017-06-17 17:28:16', '2017-06-17 17:28:16', NULL),
(987, 'Zoey Ankunding', 'fidel.blick@yahoo.com', '$2y$10$Cfn4iPMq26sAPYC0PSSln.5qbJrpdYIKY56Xp9iEzEgIZR7IIX/ay', NULL, '', '2017-06-17 17:28:16', '2017-06-17 17:28:16', NULL),
(988, 'Dr. Aracely Fadel', 'connor.dubuque@gmail.com', '$2y$10$ChE6Rv/ie4USrk9yyAgFSOd9vuG1/dzP8vYccP5vIDmHdpQruG.e6', NULL, '', '2017-06-17 17:28:16', '2017-06-17 17:28:16', NULL),
(989, 'Prof. Nellie Franecki PhD', 'dicki.leopold@gmail.com', '$2y$10$HKtt7pCM6ImYx/rU27E5h./CaYgn8rrFfATNiSNRgR/K020XUzqXi', NULL, '', '2017-06-17 17:28:16', '2017-06-17 17:28:16', NULL),
(990, 'Dr. Daija Durgan MD', 'barrows.tianna@hahn.net', '$2y$10$pp8pJQ1BObhDyf1nKWiGaO4.B1RxCgjEgpb1azPDJOiIcslmgdhPC', NULL, '', '2017-06-17 17:28:16', '2017-06-17 17:28:16', NULL),
(991, 'Retta Barrows III', 'shawna.grady@ruecker.com', '$2y$10$yDVa/8v2xHEbmza/HM.dF.fLyWAzQ0nXBnjtqtt529TgzTyBDyMI2', NULL, '', '2017-06-17 17:28:16', '2017-06-17 17:28:16', NULL),
(992, 'Thora Hyatt', 'delaney07@hotmail.com', '$2y$10$2brbEfTxF5JQs8iijjB15.aEhjdljqmIQsbRPwIawQoRMVh0FMvsS', NULL, '', '2017-06-17 17:28:16', '2017-06-17 17:28:16', NULL),
(993, 'Dr. Ed Windler III', 'tommie.walsh@yahoo.com', '$2y$10$EkkWQa7d.8NbzyhzpvvQde9fw0bBjBL9mRxHAdmM7D7Pb2WHubHfC', NULL, '', '2017-06-17 17:28:17', '2017-06-17 17:28:17', NULL),
(994, 'Dovie Sipes', 'terrence16@hotmail.com', '$2y$10$qGS2MK/.SOAclKyoqf.ZAuxKe/WjyftelNNK7u2tYzmlWV8bkg1oq', NULL, '', '2017-06-17 17:28:17', '2017-06-17 17:28:17', NULL),
(995, 'Emelia Shanahan', 'matilde.lindgren@gmail.com', '$2y$10$zM8MOvBRMWZO4FCCthvLB.3S1Cy/jW3TUdassn1hpShW/W37kUua2', NULL, '', '2017-06-17 17:28:17', '2017-06-17 17:28:17', NULL),
(996, 'Kevon Hodkiewicz PhD', 'dlubowitz@hotmail.com', '$2y$10$8qTdPGIVfrVpGCKQCTnxV.zcWFSS9bBOtE5IlMMyJovbVN1B4MFKO', NULL, '', '2017-06-17 17:28:17', '2017-06-17 17:28:17', NULL),
(997, 'Mr. Morris Jast', 'hansen.amos@reilly.biz', '$2y$10$aUzZsgGO/QizW8JzPhxcC.faw06OZ7OlguUnIrzR78xDDd17JLo46', NULL, '', '2017-06-17 17:28:18', '2017-06-17 17:28:18', NULL),
(998, 'Dr. Daren Cruickshank', 'hillard18@mann.info', '$2y$10$Fsusm3CkG6czn9JzWM2ITuYJWnkMHR.FABz5pJbpLR6aJAeuNOX9a', NULL, '', '2017-06-17 17:28:18', '2017-06-17 17:28:18', NULL),
(999, 'Isabell Stehr', 'carole43@yahoo.com', '$2y$10$gTXV.xVw8ZklhMT9RoTV7e7Rv1826kR.gSaw/gTN8uYJVtq2VRE2e', NULL, '', '2017-06-17 17:28:18', '2017-06-17 17:28:18', NULL),
(1000, 'Kacie Rau', 'natasha.romaguera@yahoo.com', '$2y$10$fstZtBM6GsQSnytDXohmA.vruNYMVFlfM56kk9fX9RaWegAXsLM5e', NULL, '', '2017-06-17 17:28:18', '2017-06-17 17:28:18', NULL),
(1001, 'Xzavier Reichert', 'deckow.anthony@dickinson.com', '$2y$10$euMWb78PhiIZIa3t0uyhW.GpXUpGSZql2/ghaUjsjWNIFEpxcDr4a', NULL, '', '2017-06-17 17:28:18', '2017-06-17 17:28:18', NULL),
(1002, 'Ziaur Rahman', 'zrshishir@gmail.com', '$2y$10$cNXVgnkAcRXQj2PASrprM.XUhyHmG0GConGh3nBLQXE.PsimFKSCG', NULL, '', '2017-06-17 17:33:17', '2017-06-17 17:33:17', NULL);

-- --------------------------------------------------------

--
-- Table structure for table `user_post`
--

CREATE TABLE `user_post` (
  `user_id` int(10) UNSIGNED NOT NULL,
  `post_id` int(10) UNSIGNED NOT NULL
) ENGINE=InnoDB DEFAULT CHARSET=utf8 COLLATE=utf8_unicode_ci;

-- --------------------------------------------------------

--
-- Table structure for table `wards`
--

CREATE TABLE `wards` (
  `id` int(11) NOT NULL,
  `WardName` varchar(500) DEFAULT NULL,
  `UnionId` varchar(500) DEFAULT NULL,
  `DivisionId` varchar(500) DEFAULT NULL,
  `DistrictId` varchar(500) DEFAULT NULL,
  `ThanaId` varchar(500) DEFAULT NULL,
  `name` varchar(500) DEFAULT NULL,
  `created_at` datetime DEFAULT NULL,
  `updated_at` datetime DEFAULT NULL
) ENGINE=InnoDB DEFAULT CHARSET=utf8;

-- --------------------------------------------------------

--
-- Table structure for table `withdraws`
--

CREATE TABLE `withdraws` (
  `id` int(11) NOT NULL,
  `serial_no` int(11) DEFAULT NULL,
  `MemberId` varchar(500) DEFAULT NULL,
  `date` timestamp NULL DEFAULT CURRENT_TIMESTAMP,
  `AccountNo` int(22) DEFAULT NULL,
  `Amount` double DEFAULT NULL,
  `posted_by` varchar(500) DEFAULT NULL,
  `created_at` timestamp NULL DEFAULT CURRENT_TIMESTAMP ON UPDATE CURRENT_TIMESTAMP,
  `updated_at` timestamp NULL DEFAULT CURRENT_TIMESTAMP
) ENGINE=InnoDB DEFAULT CHARSET=latin1;

-- --------------------------------------------------------

--
-- Table structure for table `years`
--

CREATE TABLE `years` (
  `id` int(11) NOT NULL,
  `YearName` varchar(500) DEFAULT NULL,
  `created_at` datetime DEFAULT NULL,
  `updated_at` datetime DEFAULT NULL
) ENGINE=InnoDB DEFAULT CHARSET=utf8;

--
-- Dumping data for table `years`
--

INSERT INTO `years` (`id`, `YearName`, `created_at`, `updated_at`) VALUES
(1, '2017', '2017-06-21 05:23:15', '2017-06-21 05:23:15'),
(2, '2016', '2017-06-21 05:25:39', '2017-06-21 05:25:39'),
(3, '2015', '2017-06-21 05:25:47', '2017-06-21 05:25:47'),
(4, '2014', '2017-06-21 05:25:57', '2017-06-21 05:25:57'),
(5, '2013', '2017-06-21 05:26:04', '2017-06-21 05:26:04'),
(6, '2012', '2017-06-21 05:26:13', '2017-06-21 05:26:13'),
(7, '2011', '2017-06-21 05:26:30', '2017-06-21 05:26:30'),
(8, '2010', '2017-06-21 05:26:41', '2017-06-21 05:26:41');

-- --------------------------------------------------------

--
-- Table structure for table `zones`
--

CREATE TABLE `zones` (
  `id` int(11) NOT NULL,
  `name` varchar(500) DEFAULT NULL,
  `DomainName` varchar(500) NOT NULL,
  `ZoneDivisionOfficeId` int(11) DEFAULT NULL,
  `ZoneName` varchar(500) DEFAULT NULL,
  `ZoneEmail` varchar(500) DEFAULT NULL,
  `ZoneCode` varchar(500) DEFAULT NULL,
  `ZoneAddress` varchar(500) DEFAULT NULL,
  `ZoneMobileNo` varchar(500) DEFAULT NULL,
  `ZoneThanaId` int(11) DEFAULT NULL,
  `ZoneDistrictId` int(11) DEFAULT NULL,
  `ZoneUnionId` int(11) DEFAULT NULL,
  `ZonePostOfficeId` int(11) DEFAULT NULL,
  `ZoneWardId` int(11) DEFAULT NULL,
  `ZoneDivisionId` int(11) DEFAULT NULL,
  `unitprice` decimal(10,2) DEFAULT '0.00',
  `created_at` datetime DEFAULT NULL,
  `updated_at` datetime DEFAULT NULL
) ENGINE=InnoDB DEFAULT CHARSET=utf8;

--
-- Dumping data for table `zones`
--

INSERT INTO `zones` (`id`, `name`, `DomainName`, `ZoneDivisionOfficeId`, `ZoneName`, `ZoneEmail`, `ZoneCode`, `ZoneAddress`, `ZoneMobileNo`, `ZoneThanaId`, `ZoneDistrictId`, `ZoneUnionId`, `ZonePostOfficeId`, `ZoneWardId`, `ZoneDivisionId`, `unitprice`, `created_at`, `updated_at`) VALUES
(1, NULL, '1', 1, '1', '11@gmail.com', '1', '1', '1', NULL, 1, 1, 1, 1, 3, '0.00', '2017-06-20 09:03:55', '2017-06-20 09:03:55'),
(2, NULL, '1', 1, '2', '2@gmail.com', '2', '2', '2', 0, 1, 2, 2, 2, 3, '0.00', '2017-06-21 06:09:56', '2017-06-21 06:09:56');

--
-- Indexes for dumped tables
--

--
-- Indexes for table `accountopens`
--
ALTER TABLE `accountopens`
  ADD PRIMARY KEY (`id`);

--
-- Indexes for table `account_status`
--
ALTER TABLE `account_status`
  ADD PRIMARY KEY (`id`);

--
-- Indexes for table `addshares`
--
ALTER TABLE `addshares`
  ADD PRIMARY KEY (`id`);

--
-- Indexes for table `appformandpassbooks`
--
ALTER TABLE `appformandpassbooks`
  ADD PRIMARY KEY (`id`);
ALTER TABLE `appformandpassbooks` ADD FULLTEXT KEY `idx_name` (`name`);

--
-- Indexes for table `areas`
--
ALTER TABLE `areas`
  ADD PRIMARY KEY (`id`);

--
-- Indexes for table `assets_debt_info`
--
ALTER TABLE `assets_debt_info`
  ADD PRIMARY KEY (`id`);

--
-- Indexes for table `blog_post`
--
ALTER TABLE `blog_post`
  ADD PRIMARY KEY (`id`);

--
-- Indexes for table `brns`
--
ALTER TABLE `brns`
  ADD PRIMARY KEY (`id`);

--
-- Indexes for table `business_types`
--
ALTER TABLE `business_types`
  ADD PRIMARY KEY (`id`);

--
-- Indexes for table `cashinflows`
--
ALTER TABLE `cashinflows`
  ADD PRIMARY KEY (`id`);
ALTER TABLE `cashinflows` ADD FULLTEXT KEY `idx_name` (`name`);

--
-- Indexes for table `cashoutflows`
--
ALTER TABLE `cashoutflows`
  ADD PRIMARY KEY (`id`);
ALTER TABLE `cashoutflows` ADD FULLTEXT KEY `idx_name` (`name`);

--
-- Indexes for table `cash_inflow`
--
ALTER TABLE `cash_inflow`
  ADD PRIMARY KEY (`id`);

--
-- Indexes for table `cash_outflow`
--
ALTER TABLE `cash_outflow`
  ADD PRIMARY KEY (`id`);

--
-- Indexes for table `countrs`
--
ALTER TABLE `countrs`
  ADD PRIMARY KEY (`id`);
ALTER TABLE `countrs` ADD FULLTEXT KEY `idx_name` (`name`);

--
-- Indexes for table `departments`
--
ALTER TABLE `departments`
  ADD PRIMARY KEY (`id`);

--
-- Indexes for table `districts`
--
ALTER TABLE `districts`
  ADD PRIMARY KEY (`id`),
  ADD KEY `DivisionId` (`DivisionId`);

--
-- Indexes for table `divisions`
--
ALTER TABLE `divisions`
  ADD PRIMARY KEY (`id`);

--
-- Indexes for table `domains`
--
ALTER TABLE `domains`
  ADD PRIMARY KEY (`id`);

--
-- Indexes for table `durations`
--
ALTER TABLE `durations`
  ADD PRIMARY KEY (`id`);

--
-- Indexes for table `educations`
--
ALTER TABLE `educations`
  ADD PRIMARY KEY (`id`);

--
-- Indexes for table `frequencies`
--
ALTER TABLE `frequencies`
  ADD PRIMARY KEY (`id`);

--
-- Indexes for table `joiningmoneyreceipts`
--
ALTER TABLE `joiningmoneyreceipts`
  ADD PRIMARY KEY (`id`);
ALTER TABLE `joiningmoneyreceipts` ADD FULLTEXT KEY `idx_name` (`name`);

--
-- Indexes for table `loanapplicationmoneyreceipts`
--
ALTER TABLE `loanapplicationmoneyreceipts`
  ADD PRIMARY KEY (`id`);
ALTER TABLE `loanapplicationmoneyreceipts` ADD FULLTEXT KEY `idx_name` (`name`);

--
-- Indexes for table `loanapplications`
--
ALTER TABLE `loanapplications`
  ADD PRIMARY KEY (`id`);
ALTER TABLE `loanapplications` ADD FULLTEXT KEY `idx_name` (`name`);

--
-- Indexes for table `loans`
--
ALTER TABLE `loans`
  ADD PRIMARY KEY (`id`);
ALTER TABLE `loans` ADD FULLTEXT KEY `idx_name` (`name`);

--
-- Indexes for table `members`
--
ALTER TABLE `members`
  ADD PRIMARY KEY (`id`);
ALTER TABLE `members` ADD FULLTEXT KEY `idx_name` (`MemberId`);

--
-- Indexes for table `members21`
--
ALTER TABLE `members21`
  ADD PRIMARY KEY (`id`);

--
-- Indexes for table `members21/06/2017`
--
ALTER TABLE `members21/06/2017`
  ADD PRIMARY KEY (`id`);

--
-- Indexes for table `mikrofdivisions`
--
ALTER TABLE `mikrofdivisions`
  ADD PRIMARY KEY (`id`),
  ADD KEY `DomainId` (`DomainId`);

--
-- Indexes for table `months`
--
ALTER TABLE `months`
  ADD PRIMARY KEY (`id`);

--
-- Indexes for table `password_resets`
--
ALTER TABLE `password_resets`
  ADD KEY `password_resets_email_index` (`email`),
  ADD KEY `password_resets_token_index` (`token`);

--
-- Indexes for table `postings`
--
ALTER TABLE `postings`
  ADD PRIMARY KEY (`id`);

--
-- Indexes for table `postoffices`
--
ALTER TABLE `postoffices`
  ADD PRIMARY KEY (`id`);

--
-- Indexes for table `posts`
--
ALTER TABLE `posts`
  ADD PRIMARY KEY (`id`),
  ADD KEY `posts_user_id_index` (`user_id`);

--
-- Indexes for table `products`
--
ALTER TABLE `products`
  ADD PRIMARY KEY (`id`);

--
-- Indexes for table `producttypes`
--
ALTER TABLE `producttypes`
  ADD PRIMARY KEY (`id`);

--
-- Indexes for table `savingtables`
--
ALTER TABLE `savingtables`
  ADD PRIMARY KEY (`id`);

--
-- Indexes for table `shares`
--
ALTER TABLE `shares`
  ADD PRIMARY KEY (`id`);

--
-- Indexes for table `statuses`
--
ALTER TABLE `statuses`
  ADD PRIMARY KEY (`id`);

--
-- Indexes for table `taggables`
--
ALTER TABLE `taggables`
  ADD KEY `taggables_taggable_id_taggable_type_index` (`taggable_id`,`taggable_type`);

--
-- Indexes for table `tags`
--
ALTER TABLE `tags`
  ADD PRIMARY KEY (`id`);

--
-- Indexes for table `thanas`
--
ALTER TABLE `thanas`
  ADD PRIMARY KEY (`id`);

--
-- Indexes for table `unions`
--
ALTER TABLE `unions`
  ADD PRIMARY KEY (`id`);

--
-- Indexes for table `users`
--
ALTER TABLE `users`
  ADD PRIMARY KEY (`id`),
  ADD UNIQUE KEY `users_email_unique` (`email`);

--
-- Indexes for table `user_post`
--
ALTER TABLE `user_post`
  ADD KEY `user_post_user_id_index` (`user_id`),
  ADD KEY `user_post_post_id_index` (`post_id`);

--
-- Indexes for table `wards`
--
ALTER TABLE `wards`
  ADD PRIMARY KEY (`id`);

--
-- Indexes for table `withdraws`
--
ALTER TABLE `withdraws`
  ADD PRIMARY KEY (`id`);

--
-- Indexes for table `years`
--
ALTER TABLE `years`
  ADD PRIMARY KEY (`id`);

--
-- Indexes for table `zones`
--
ALTER TABLE `zones`
  ADD PRIMARY KEY (`id`);

--
-- AUTO_INCREMENT for dumped tables
--

--
-- AUTO_INCREMENT for table `accountopens`
--
ALTER TABLE `accountopens`
  MODIFY `id` int(11) NOT NULL AUTO_INCREMENT, AUTO_INCREMENT=9;
--
-- AUTO_INCREMENT for table `account_status`
--
ALTER TABLE `account_status`
  MODIFY `id` int(11) UNSIGNED NOT NULL AUTO_INCREMENT, AUTO_INCREMENT=6;
--
-- AUTO_INCREMENT for table `addshares`
--
ALTER TABLE `addshares`
  MODIFY `id` int(11) NOT NULL AUTO_INCREMENT, AUTO_INCREMENT=121;
--
-- AUTO_INCREMENT for table `appformandpassbooks`
--
ALTER TABLE `appformandpassbooks`
  MODIFY `id` int(11) NOT NULL AUTO_INCREMENT, AUTO_INCREMENT=11;
--
-- AUTO_INCREMENT for table `areas`
--
ALTER TABLE `areas`
  MODIFY `id` int(11) NOT NULL AUTO_INCREMENT, AUTO_INCREMENT=3;
--
-- AUTO_INCREMENT for table `assets_debt_info`
--
ALTER TABLE `assets_debt_info`
  MODIFY `id` int(11) NOT NULL AUTO_INCREMENT;
--
-- AUTO_INCREMENT for table `blog_post`
--
ALTER TABLE `blog_post`
  MODIFY `id` int(10) UNSIGNED NOT NULL AUTO_INCREMENT, AUTO_INCREMENT=2;
--
-- AUTO_INCREMENT for table `brns`
--
ALTER TABLE `brns`
  MODIFY `id` int(11) NOT NULL AUTO_INCREMENT, AUTO_INCREMENT=2;
--
-- AUTO_INCREMENT for table `business_types`
--
ALTER TABLE `business_types`
  MODIFY `id` int(11) UNSIGNED NOT NULL AUTO_INCREMENT, AUTO_INCREMENT=3;
--
-- AUTO_INCREMENT for table `cashinflows`
--
ALTER TABLE `cashinflows`
  MODIFY `id` int(11) NOT NULL AUTO_INCREMENT, AUTO_INCREMENT=2;
--
-- AUTO_INCREMENT for table `cashoutflows`
--
ALTER TABLE `cashoutflows`
  MODIFY `id` int(11) NOT NULL AUTO_INCREMENT, AUTO_INCREMENT=2;
--
-- AUTO_INCREMENT for table `cash_inflow`
--
ALTER TABLE `cash_inflow`
  MODIFY `id` mediumint(8) UNSIGNED NOT NULL AUTO_INCREMENT, AUTO_INCREMENT=3;
--
-- AUTO_INCREMENT for table `cash_outflow`
--
ALTER TABLE `cash_outflow`
  MODIFY `id` mediumint(8) UNSIGNED NOT NULL AUTO_INCREMENT, AUTO_INCREMENT=3;
--
-- AUTO_INCREMENT for table `countrs`
--
ALTER TABLE `countrs`
  MODIFY `id` int(11) NOT NULL AUTO_INCREMENT, AUTO_INCREMENT=2;
--
-- AUTO_INCREMENT for table `departments`
--
ALTER TABLE `departments`
  MODIFY `id` int(11) UNSIGNED NOT NULL AUTO_INCREMENT, AUTO_INCREMENT=3;
--
-- AUTO_INCREMENT for table `districts`
--
ALTER TABLE `districts`
  MODIFY `id` int(2) UNSIGNED NOT NULL AUTO_INCREMENT, AUTO_INCREMENT=65;
--
-- AUTO_INCREMENT for table `divisions`
--
ALTER TABLE `divisions`
  MODIFY `id` int(2) UNSIGNED NOT NULL AUTO_INCREMENT, AUTO_INCREMENT=9;
--
-- AUTO_INCREMENT for table `domains`
--
ALTER TABLE `domains`
  MODIFY `id` int(2) UNSIGNED NOT NULL AUTO_INCREMENT, AUTO_INCREMENT=3;
--
-- AUTO_INCREMENT for table `durations`
--
ALTER TABLE `durations`
  MODIFY `id` int(11) NOT NULL AUTO_INCREMENT, AUTO_INCREMENT=3;
--
-- AUTO_INCREMENT for table `educations`
--
ALTER TABLE `educations`
  MODIFY `id` int(11) UNSIGNED NOT NULL AUTO_INCREMENT, AUTO_INCREMENT=5;
--
-- AUTO_INCREMENT for table `joiningmoneyreceipts`
--
ALTER TABLE `joiningmoneyreceipts`
  MODIFY `id` int(11) NOT NULL AUTO_INCREMENT, AUTO_INCREMENT=6;
--
-- AUTO_INCREMENT for table `loanapplicationmoneyreceipts`
--
ALTER TABLE `loanapplicationmoneyreceipts`
  MODIFY `id` int(11) NOT NULL AUTO_INCREMENT, AUTO_INCREMENT=3;
--
-- AUTO_INCREMENT for table `loanapplications`
--
ALTER TABLE `loanapplications`
  MODIFY `id` int(11) NOT NULL AUTO_INCREMENT, AUTO_INCREMENT=3;
--
-- AUTO_INCREMENT for table `loans`
--
ALTER TABLE `loans`
  MODIFY `id` int(11) NOT NULL AUTO_INCREMENT;
--
-- AUTO_INCREMENT for table `members`
--
ALTER TABLE `members`
  MODIFY `id` int(11) NOT NULL AUTO_INCREMENT, AUTO_INCREMENT=7;
--
-- AUTO_INCREMENT for table `members21`
--
ALTER TABLE `members21`
  MODIFY `id` int(11) NOT NULL AUTO_INCREMENT;
--
-- AUTO_INCREMENT for table `members21/06/2017`
--
ALTER TABLE `members21/06/2017`
  MODIFY `id` int(11) NOT NULL AUTO_INCREMENT;
--
-- AUTO_INCREMENT for table `mikrofdivisions`
--
ALTER TABLE `mikrofdivisions`
  MODIFY `id` int(2) UNSIGNED NOT NULL AUTO_INCREMENT, AUTO_INCREMENT=2;
--
-- AUTO_INCREMENT for table `months`
--
ALTER TABLE `months`
  MODIFY `id` int(11) NOT NULL AUTO_INCREMENT, AUTO_INCREMENT=13;
--
-- AUTO_INCREMENT for table `postings`
--
ALTER TABLE `postings`
  MODIFY `id` int(11) NOT NULL AUTO_INCREMENT, AUTO_INCREMENT=27;
--
-- AUTO_INCREMENT for table `postoffices`
--
ALTER TABLE `postoffices`
  MODIFY `id` int(11) NOT NULL AUTO_INCREMENT;
--
-- AUTO_INCREMENT for table `posts`
--
ALTER TABLE `posts`
  MODIFY `id` int(10) UNSIGNED NOT NULL AUTO_INCREMENT, AUTO_INCREMENT=1001;
--
-- AUTO_INCREMENT for table `savingtables`
--
ALTER TABLE `savingtables`
  MODIFY `id` int(11) NOT NULL AUTO_INCREMENT, AUTO_INCREMENT=14;
--
-- AUTO_INCREMENT for table `tags`
--
ALTER TABLE `tags`
  MODIFY `id` int(10) UNSIGNED NOT NULL AUTO_INCREMENT, AUTO_INCREMENT=5;
--
-- AUTO_INCREMENT for table `thanas`
--
ALTER TABLE `thanas`
  MODIFY `id` int(11) NOT NULL AUTO_INCREMENT;
--
-- AUTO_INCREMENT for table `unions`
--
ALTER TABLE `unions`
  MODIFY `id` int(11) NOT NULL AUTO_INCREMENT;
--
-- AUTO_INCREMENT for table `users`
--
ALTER TABLE `users`
  MODIFY `id` int(10) UNSIGNED NOT NULL AUTO_INCREMENT, AUTO_INCREMENT=1003;
--
-- AUTO_INCREMENT for table `wards`
--
ALTER TABLE `wards`
  MODIFY `id` int(11) NOT NULL AUTO_INCREMENT;
--
-- AUTO_INCREMENT for table `years`
--
ALTER TABLE `years`
  MODIFY `id` int(11) NOT NULL AUTO_INCREMENT, AUTO_INCREMENT=9;
--
-- AUTO_INCREMENT for table `zones`
--
ALTER TABLE `zones`
  MODIFY `id` int(11) NOT NULL AUTO_INCREMENT, AUTO_INCREMENT=3;
--
-- Constraints for dumped tables
--

--
-- Constraints for table `districts`
--
ALTER TABLE `districts`
  ADD CONSTRAINT `districts_ibfk_1` FOREIGN KEY (`DivisionId`) REFERENCES `divisions` (`id`) ON DELETE CASCADE ON UPDATE CASCADE;

--
-- Constraints for table `mikrofdivisions`
--
ALTER TABLE `mikrofdivisions`
  ADD CONSTRAINT `mikrofdivisions_ibfk_1` FOREIGN KEY (`DomainId`) REFERENCES `domains` (`id`) ON DELETE CASCADE ON UPDATE CASCADE;

--
-- Constraints for table `user_post`
--
ALTER TABLE `user_post`
  ADD CONSTRAINT `user_post_post_id_foreign` FOREIGN KEY (`post_id`) REFERENCES `posts` (`id`),
  ADD CONSTRAINT `user_post_user_id_foreign` FOREIGN KEY (`user_id`) REFERENCES `users` (`id`);
COMMIT;

/*!40101 SET CHARACTER_SET_CLIENT=@OLD_CHARACTER_SET_CLIENT */;
/*!40101 SET CHARACTER_SET_RESULTS=@OLD_CHARACTER_SET_RESULTS */;
/*!40101 SET COLLATION_CONNECTION=@OLD_COLLATION_CONNECTION */;
